Common_Name,Genus,Species,ItemCoordX,ItemCoordY,origin
참느릅나무,Ulmus,parvifolia,36.02931022,126.7181814,12-L-00001
까마귀밥나무,Ribes,fasciculatum,36.02930895,126.718161,12-L-00002
까마귀밥나무,Ribes,fasciculatum,36.02931693,126.7181416,12-L-00003
까마귀밥나무,Ribes,fasciculatum,36.02933243,126.7181552,12-L-00004
까마귀밥나무,Ribes,fasciculatum,36.02933578,126.7181498,12-L-00005
까마귀밥나무,Ribes,fasciculatum,36.02933489,126.7181422,12-L-00006
까마귀밥나무,Ribes,fasciculatum,36.02932754,126.7181523,12-L-00007
동백나무,Camellia ,japonica,36.02940063,126.718111,12-L-00008
동백나무,Camellia ,japonica,36.02934626,126.7181178,12-L-00009
동백나무,Camellia ,japonica,36.02935272,126.7181302,12-L-00010
동백나무,Camellia ,japonica,36.0293573,126.718145,12-L-00011
동백나무,Camellia ,japonica,36.02940392,126.7181204,12-L-00012
동백나무,Camellia ,japonica,36.0293604,126.7181151,12-L-00013
동백나무,Camellia ,japonica,36.02941884,126.7180923,12-L-00014
동백나무,Camellia ,japonica,36.02943084,126.7181042,12-L-00015
동백나무,Camellia ,japonica,36.0294288,126.7181323,12-L-00016
동백나무,Camellia ,japonica,36.02944518,126.7181102,12-L-00017
아왜나무,Viburnum,odoratissimum,36.02941429,126.7181527,12-L-00019
아왜나무,Viburnum,odoratissimum,36.02942598,126.7181649,12-L-00020
아왜나무,Viburnum,odoratissimum,36.02943168,126.7181496,12-L-00021
동백나무,Camellia ,japonica,36.0294628,126.7181271,12-L-00022
동백나무,Camellia ,japonica,36.02948643,126.7180914,12-L-00023
동백나무,Camellia ,japonica,36.0295373,126.7181331,12-L-00024
동백나무,Camellia ,japonica,36.02949808,126.7181126,12-L-00025
동백나무,Camellia ,japonica,36.02950464,126.7180897,12-L-00026
동백나무,Camellia ,japonica,36.02952867,126.7180982,12-L-00028
동백나무,Camellia ,japonica,36.02954153,126.7180828,12-L-00029
동백나무,Camellia ,japonica,36.02958042,126.7180907,12-L-00030
동백나무,Camellia ,japonica,36.02958088,126.7181175,12-L-00031
동백나무,Camellia ,japonica,36.02959518,126.7180876,12-L-00032
종가시나무,Quercus,glauca,36.02960373,126.7181033,12-L-00033
동백나무,Camellia ,japonica,36.02960962,126.7181291,12-L-00034
붉가시나무,Quercus,acuta?,36.02962918,126.7180458,12-L-00035
동백나무,Camellia ,japonica,36.02962902,126.718112,12-L-00036
동백나무,Camellia ,japonica,36.02962497,126.7180907,12-L-00037
붉가시나무,Quercus,acuta?,36.0296279,126.7180866,12-L-00038
붉가시나무,Quercus,acuta?,36.02964132,126.7180584,12-L-00039
붉가시나무,Quercus,acuta?,36.02963698,126.7180499,12-L-00040
광나무,Ligustrum,japonicum,36.02960312,126.7180717,12-L-00042
광나무,Ligustrum,japonicum,36.02964327,126.7180822,12-L-00043
붉가시나무,Quercus,acuta?,36.02965147,126.7180444,12-L-00044
광나무,Ligustrum,japonicum,36.02965768,126.7180462,12-L-00045
붉가시나무,Quercus,acuta?,36.02964984,126.7180531,12-L-00046
붉가시나무,Quercus,acuta?,36.02965936,126.718057,12-L-00047
광나무,Ligustrum,japonicum,36.0296747,126.7180541,12-L-00048
광나무,Ligustrum,japonicum,36.02967643,126.71807,12-L-00049
붉가시나무,Quercus,acuta?,36.02966156,126.7180845,12-L-00050
동백나무,Camellia ,japonica,36.0296904,126.7180548,12-L-00052
동백나무,Camellia ,japonica,36.02968002,126.7180853,12-L-00053
광나무,Ligustrum,japonicum,36.02967351,126.7180941,12-L-00054
붉가시나무,Quercus,acuta?,36.02970918,126.7180337,12-L-00055
붉가시나무,Quercus,acuta?,36.02968711,126.7180919,12-L-00056
붉가시나무,Quercus,acuta?,36.02970585,126.7180975,12-L-00057
붉가시나무,Quercus,acuta?,36.0297193,126.7180532,12-L-00058
광나무,Ligustrum,japonicum,36.02970305,126.7180486,12-L-00059
광나무,Ligustrum,japonicum,36.02969115,126.7180379,12-L-00060
광나무,Ligustrum,japonicum,36.02972329,126.7180775,12-L-00061
붉가시나무,Quercus,acuta?,36.02969026,126.7180476,12-L-00062
동백나무,Camellia ,japonica,36.02967376,126.7180516,12-L-00063
광나무,Ligustrum,japonicum,36.02971838,126.7180965,12-L-00064
말오줌때,Euscaphis,japonica,36.02969688,126.7180842,12-L-00065
광나무,Ligustrum,japonicum,36.02969953,126.7180595,12-L-00066
가시나무,Quercus,myrsinifolia,36.02974445,126.7181005,12-L-00067
가시나무,Quercus,myrsinifolia,36.02974425,126.7180692,12-L-00068
붉가시나무,Quercus,acuta?,36.02972235,126.7180879,12-L-00069
붉가시나무,Quercus,acuta?,36.02973715,126.7180934,12-L-00071
붉가시나무,Quercus,acuta?,36.02976959,126.7180486,12-L-00072
붉가시나무,Quercus,acuta?,36.02976961,126.7180241,12-L-00073
때죽나무,Styrax,japonicus,36.02973779,126.7180295,12-L-00074
광나무,Ligustrum,japonicum,36.02975494,126.7180202,12-L-00075
동백나무,Camellia ,japonica,36.02975394,126.7180643,12-L-00077
팽나무,Celtis,sinensis,36.0297494,126.718046,12-L-00078
붉가시나무,Quercus,acuta?,36.02977561,126.7180813,12-L-00079
붉가시나무,Quercus,acuta?,36.02978801,126.7180803,12-L-00081
붉가시나무,Quercus,acuta?,36.02979966,126.7180741,12-L-00082
동백나무,Camellia ,japonica,36.02978904,126.7180502,12-L-00083
붉가시나무,Quercus,acuta?,36.02981041,126.7180424,12-L-00084
붉가시나무,Quercus,acuta?,36.02979371,126.7180384,12-L-00085
동백나무,Camellia ,japonica,36.02983247,126.7180681,12-L-00086
붉가시나무,Quercus,acuta?,36.02980355,126.7180943,12-L-00088
붉가시나무,Quercus,acuta?,36.02982576,126.718104,12-L-00089
동백나무,Camellia ,japonica,36.02982477,126.7180453,12-L-00090
말오줌때,Euscaphis,japonica,36.02980041,126.7180233,12-L-00091
붉가시나무,Quercus,acuta?,36.0298381,126.7181107,12-L-00093
붉가시나무,Quercus,acuta?,36.02985615,126.7180751,12-L-00094
붉가시나무,Quercus,acuta?,36.02984562,126.7180306,12-L-00095
붉가시나무,Quercus,acuta?,36.0298422,126.7180001,12-L-00096
동백나무,Camellia ,japonica,36.02981264,126.7180008,12-L-00097
붉가시나무,Quercus,acuta?,36.02987112,126.7179968,12-L-00099
붉가시나무,Quercus,acuta?,36.02986411,126.7180389,12-L-00100
동백나무,Camellia ,japonica,36.0298813,126.7180145,12-L-00102
붉가시나무,Quercus,acuta?,36.02988906,126.7180233,12-L-00103
붉가시나무,Quercus,acuta?,36.02986882,126.718011,12-L-00104
광나무,Ligustrum,japonicum,36.02987948,126.7180519,12-L-00105
붉가시나무,Quercus,acuta?,36.02989285,126.7180614,12-L-00106
붉가시나무,Quercus,acuta?,36.02989358,126.7180775,12-L-00107
광나무,Ligustrum,japonicum,36.02992893,126.7180995,12-L-00108
동백나무,Quercus,acuta?,36.0299237,126.7180856,12-L-00109
참느릅나무,Ulmus,parvifolia,36.02993748,126.7180574,12-L-00110
가시나무,Quercus,myrsinifolia,36.02994032,126.7181103,12-L-00111
붉가시나무,Quercus,acuta?,36.02992797,126.7179874,12-L-00112
붉가시나무,Quercus,acuta?,36.02993974,126.7179927,12-L-00113
광나무,Ligustrum,japonicum,36.02993269,126.7180019,12-L-00114
광나무,Ligustrum,japonicum,36.02992338,126.7179958,12-L-00115
붉가시나무,Quercus,acuta?,36.02993845,126.7180121,12-L-00116
광나무,Ligustrum,japonicum,36.0299604,126.7179829,12-L-00117
붉가시나무,Quercus,acuta?,36.02991378,126.7179966,12-L-00118
붉가시나무,Quercus,acuta?,36.02996595,126.7179951,12-L-00119
붉가시나무,Quercus,acuta?,36.0299604,126.7180267,12-L-00120
동백나무,Camellia ,japonica,36.02990765,126.7180269,12-L-00122
동백나무,Camellia ,japonica,36.02993009,126.7180258,12-L-00123
동백나무,Camellia ,japonica,36.0299092,126.7180272,12-L-00124
뜰보리수,Elaeagnus,multiflora,36.02989889,126.7179996,12-L-00126
붉가시나무,Quercus,acuta?,36.0299631,126.7180434,12-L-00127
붉가시나무,Quercus,acuta?,36.02996381,126.718068,12-L-00128
붉가시나무,Quercus,acuta?,36.02997025,126.7180657,12-L-00129
붉가시나무,Quercus,acuta?,36.02997438,126.7180763,12-L-00130
동백나무,Camellia ,japonica,36.02999191,126.7180942,12-L-00131
동백나무,Camellia ,japonica,36.03000078,126.7180839,12-L-00132
가시나무,Quercus,myrsinifolia,36.03000174,126.7180609,12-L-00133
뜰보리수,Elaeagnus,multiflora,36.02998937,126.7180091,12-L-00134
광나무,Ligustrum,japonicum,36.02999506,126.717992,12-L-00135
붉가시나무,Quercus,acuta?,36.02999542,126.7180114,12-L-00136
광나무,Ligustrum,japonicum,36.03001429,126.7180215,12-L-00137
광나무,Ligustrum,japonicum,36.03003182,126.7180913,12-L-00138
이나무,Idesia,polycarpa,36.02999112,126.718041,12-L-00140
아왜나무,Viburnum,odoratissimum,36.02998311,126.7180357,12-L-00141
아왜나무,Viburnum,odoratissimum,36.03004656,126.718067,12-L-00142
아왜나무,Viburnum,odoratissimum,36.03004006,126.718044,12-L-00144
종가시나무,Quercus,glauca,36.03004699,126.7180779,12-L-00145
가시나무,Quercus,myrsinifolia,36.02998918,126.7180242,12-L-00148
동백나무,Camellia ,japonica,36.02998216,126.7180157,12-L-00149
붉가시나무,Quercus,acuta?,36.03004584,126.718101,12-L-00150
광나무,Ligustrum,japonicum,36.03003907,126.7180981,12-L-00151
붉가시나무,Quercus,acuta?,36.03002966,126.7180986,12-L-00152
붉가시나무,Quercus,acuta?,36.03004582,126.7180318,12-L-00153
광나무,Ligustrum,japonicum,36.03002874,126.7180076,12-L-00154
광나무,Ligustrum,japonicum,36.0300578,126.7180671,12-L-00155
광나무,Ligustrum,japonicum,36.03003935,126.7180179,12-L-00156
광나무,Ligustrum,japonicum,36.0300203,126.717983,12-L-00157
붉가시나무,Quercus,acuta?,36.03006209,126.7180928,12-L-00158
광나무,Ligustrum,japonicum,36.03001867,126.7179727,12-L-00159
광나무,Ligustrum,japonicum,36.03000937,126.7179747,12-L-00160
동백나무,Camellia ,japonica,36.0300429,126.718049,12-L-00163
동백나무,Camellia ,japonica,36.03002303,126.7180205,12-L-00164
황칠나무,Dendropanax,trifidus,36.03002018,126.7180149,12-L-00165
동백나무,Camellia ,japonica,36.03001702,126.7180074,12-L-00166
동백나무,Camellia ,japonica,36.03006039,126.7180437,12-L-00168
붉가시나무,Quercus,acuta?,36.0300778,126.7180872,12-L-00169
황칠나무,Dendropanax,trifidus,36.03005058,126.7180026,12-L-00170
광나무,Ligustrum,japonicum,36.03009409,126.7179699,12-L-00171
광나무,Ligustrum,japonicum,36.03007737,126.7179705,12-L-00172
광나무,Ligustrum,japonicum,36.03004985,126.7179911,12-L-00173
붉가시나무,Quercus,acuta?,36.03010245,126.7179873,12-L-00174
붉가시나무,Quercus,acuta?,36.0301052,126.7179753,12-L-00175
붉가시나무,Quercus,acuta?,36.0300412,126.7179701,12-L-00176
붉가시나무,Quercus,acuta?,36.0300299,126.7179725,12-L-00177
붉가시나무,Quercus,acuta?,36.03004396,126.7179959,12-L-00178
산벚나무,Prunus,sargentii,36.03008003,126.7180273,12-L-00179
동백나무,Camellia ,japonica,36.03007437,126.7180463,12-L-00180
동백나무,Camellia ,japonica,36.03008505,126.7180697,12-L-00181
동백나무,Camellia ,japonica,36.03009037,126.7180463,12-L-00183
산딸나무,Cornus,kousa,36.03005519,126.7180171,12-L-00184
동백나무,Camellia ,japonica,36.03006241,126.7180225,12-L-00185
가시나무,Quercus,myrsinifolia,36.03005985,126.7180163,12-L-00186
동백나무,Camellia ,japonica,36.03005615,126.7180092,12-L-00187
동백나무,Camellia ,japonica,36.03005603,126.7179986,12-L-00188
붉가시나무,Quercus,acuta?,36.03014538,126.7180857,12-L-00189
붉가시나무,Quercus,acuta?,36.03012872,126.7180711,12-L-00190
붉가시나무,Quercus,acuta?,36.03008434,126.7179922,12-L-00191
붉가시나무,Quercus,acuta?,36.03008327,126.7180191,12-L-00193
졸참나무,Quercus,serrata,36.03010565,126.7180258,12-L-00194
붉가시나무,Quercus,acuta?,36.0301129,126.7180844,12-L-00196
광나무,Ligustrum,japonicum,36.03010421,126.7180789,12-L-00197
붉가시나무,Quercus,acuta?,36.03014235,126.7180741,12-L-00198
동백나무,Camellia ,japonica,36.03013379,126.7180571,12-L-00199
동백나무,Camellia ,japonica,36.03014794,126.7180707,12-L-00200
붉가시나무,Quercus,acuta?,36.03014653,126.7180496,12-L-00203
가시나무,Quercus,myrsinifolia,36.03013246,126.7180629,12-L-00204
동백나무,Camellia ,japonica,36.03012662,126.7180553,12-L-00205
동백나무,Camellia ,japonica,36.03011473,126.7180546,12-L-00206
동백나무,Camellia ,japonica,36.03011705,126.7180094,12-L-00208
동백나무,Camellia ,japonica,36.03012535,126.7179999,12-L-00209
붉가시나무,Quercus,acuta?,36.0301286,126.7179866,12-L-00210
가시나무,Quercus,myrsinifolia,36.03011859,126.7179637,12-L-00211
동백나무,Camellia ,japonica,36.03011765,126.71795,12-L-00214
광나무,Ligustrum,japonicum,36.0301274,126.7179658,12-L-00215
붉가시나무,Quercus,acuta?,36.03013367,126.7179584,12-L-00216
광나무,Ligustrum,japonicum,36.0301334,126.7179689,12-L-00217
붉가시나무,Quercus,acuta?,36.03014247,126.717969,12-L-00218
광나무,Ligustrum,japonicum,36.03013604,126.718007,12-L-00219
광나무,Ligustrum,japonicum,36.03013261,126.7179788,12-L-00220
붉가시나무,Quercus,acuta?,36.03013361,126.7180145,12-L-00221
산벚나무,Prunus,sargentii,36.03015265,126.7180033,12-L-00222
붉가시나무,Quercus,acuta?,36.03014952,126.7180221,12-L-00223
붉가시나무,Quercus,acuta?,36.03014332,126.7180269,12-L-00224
붉가시나무,Quercus,acuta?,36.03017027,126.7180755,12-L-00225
붉가시나무,Quercus,acuta?,36.03015914,126.7180281,12-L-00226
가시나무,Quercus,myrsinifolia,36.03016649,126.7180781,12-L-00227
동백나무,Camellia ,japonica,36.03017793,126.7180674,12-L-00228
종가시나무,Quercus,glauca,36.03019462,126.7180794,12-L-00229
아왜나무,Viburnum,odoratissimum,36.03023947,126.7181077,12-L-00231
아왜나무,Viburnum,odoratissimum,36.03020111,126.7180632,12-L-00233
동백나무,Camellia ,japonica,36.03016753,126.7181036,12-L-00234
동백나무,Camellia ,japonica,36.03020445,126.7180823,12-L-00235
동백나무,Camellia ,japonica,36.03020055,126.7180533,12-L-00236
동백나무,Camellia ,japonica,36.03018055,126.7179687,12-L-00237
뜰보리수,Elaeagnus,multiflora,36.03018874,126.7179826,12-L-00238
광나무,Ligustrum,japonicum,36.03019821,126.7179391,12-L-00239
붉가시나무,Quercus,acuta?,36.03022821,126.7179007,12-L-00240
붉가시나무,Quercus,acuta?,36.03022603,126.7179085,12-L-00241
붉가시나무,Quercus,acuta?,36.03021765,126.7179459,12-L-00242
동백나무,Camellia ,japonica,36.03022243,126.7179477,12-L-00243
동백나무,Camellia ,japonica,36.03022142,126.7179555,12-L-00244
붉가시나무,Quercus,acuta?,36.03021467,126.7179667,12-L-00246
동백나무,Camellia ,japonica,36.03028492,126.7181238,12-L-00247
가시나무,Quercus,myrsinifolia,36.03022992,126.7180675,12-L-00248
동백나무,Camellia ,japonica,36.03022363,126.7180405,12-L-00249
산벚나무,Prunus,sargentii,36.03021687,126.7180047,12-L-00250
붉가시나무,Quercus,acuta?,36.03021571,126.7179769,12-L-00254
종가시나무,Quercus,glauca,36.0302678,126.7179515,12-L-00256
동백나무,Camellia ,japonica,36.03027672,126.7179527,12-L-00258
말오줌때,Euscaphis,japonica,36.03028945,126.7179502,12-L-00260
동백나무,Camellia ,japonica,36.03027276,126.7179578,12-L-00261
말오줌때,Euscaphis,japonica,36.03028776,126.7179509,12-L-00263
동백나무,Camellia ,japonica,36.03030995,126.717933,12-L-00264
종가시나무,Quercus,glauca,36.03027988,126.7179253,12-L-00265
종가시나무,Quercus,glauca,36.0302904,126.7179453,12-L-00266
산벚나무,Prunus,sargentii,36.03029145,126.7179385,12-L-00267
산벚나무,Prunus,sargentii,36.03029736,126.7179469,12-L-00268
종가시나무,Quercus,glauca,36.03029768,126.7179583,12-L-00269
종가시나무,Quercus,glauca,36.03029693,126.7179788,12-L-00270
종가시나무,Quercus,glauca,36.03030846,126.7179835,12-L-00271
동백나무,Camellia ,japonica,36.03033516,126.7179429,12-L-00272
종가시나무,Quercus,glauca,36.03031891,126.7179896,12-L-00273
동백나무,Camellia ,japonica,36.03031999,126.717999,12-L-00275
뜰보리수,Elaeagnus,multiflora,36.03029622,126.7180255,12-L-00277
동백나무,Camellia ,japonica,36.03035695,126.717939,12-L-00278
동백나무,Camellia ,japonica,36.03029432,126.7180375,12-L-00281
종가시나무,Quercus,glauca,36.03034883,126.7178935,12-L-00282
동백나무,Camellia ,japonica,36.03027963,126.7180152,12-L-00283
동백나무,Camellia ,japonica,36.0303498,126.7178852,12-L-00284
동백나무,Camellia ,japonica,36.03027445,126.7180026,12-L-00285
동백나무,Camellia ,japonica,36.03032788,126.7179714,12-L-00286
졸참나무,Quercus,serrata,36.03031719,126.7179264,12-L-00287
동백나무,Camellia ,japonica,36.03032073,126.7179013,12-L-00288
산벚나무,Prunus,sargentii,36.03033028,126.7178926,12-L-00289
종가시나무,Quercus,glauca,36.03026973,126.7179902,12-L-00290
동백나무,Camellia ,japonica,36.03033465,126.7180358,12-L-00291
붉나무,Rhus,javanica,36.0303801,126.7180617,12-L-00292
종가시나무,Quercus,glauca,36.03032963,126.7180329,12-L-00295
종가시나무,Quercus,glauca,36.03032008,126.7180403,12-L-00296
동백나무,Camellia ,japonica,36.03032409,126.7180261,12-L-00301
동백나무,Camellia ,japonica,36.03032146,126.7180952,12-L-00304
동백나무,Camellia ,japonica,36.03032285,126.7180837,12-L-00307
광나무,Ligustrum,japonicum,36.03025525,126.7180283,12-L-00308
뜰보리수,Elaeagnus,multiflora,36.03025292,126.7180137,12-L-00309
광나무,Ligustrum,japonicum,36.03032558,126.7180552,12-L-00310
동백나무,Camellia ,japonica,36.03031733,126.7180802,12-L-00313
종가시나무,Quercus,glauca,36.03030672,126.7181174,12-L-00316
동백나무,Camellia ,japonica,36.03029263,126.7180496,12-L-00317
이태리포풀라,Populus,euramericana,36.03027166,126.717894,12-L-00318
동백나무,Camellia ,japonica,36.03028263,126.7180725,12-L-00319
동백나무,Camellia ,japonica,36.03029818,126.718065,12-L-00320
동백나무,Camellia ,japonica,36.03028154,126.7179052,12-L-00321
종가시나무,Quercus,glauca,36.03029228,126.7180802,12-L-00322
동백나무,Camellia ,japonica,36.03027221,126.717914,12-L-00323
붉가시나무,Quercus,acuta?,36.03027015,126.7180829,12-L-00325
동백나무,Camellia ,japonica,36.03028185,126.7181062,12-L-00326
동백나무,Camellia ,japonica,36.03016989,126.7179871,12-L-00327
동백나무,Camellia ,japonica,36.03025614,126.7180557,12-L-00328
동백나무,Camellia ,japonica,36.03025626,126.7180368,12-L-00329
가시나무,Quercus,myrsinifolia,36.03020995,126.7180423,12-L-00330
붉가시나무,Quercus,acuta?,36.03017628,126.7180084,12-L-00331
가시나무,Quercus,myrsinifolia,36.03018691,126.7180317,12-L-00332
동백나무,Camellia ,japonica,36.0302118,126.7180021,12-L-00333
아왜나무,Viburnum,odoratissimum,36.03020767,126.7180768,12-L-00335
종가시나무,Quercus,glauca,36.03036164,126.7180112,12-L-00337
동백나무,Camellia ,japonica,36.03022701,126.7181129,12-L-00338
동백나무,Camellia ,japonica,36.03015764,126.7179901,12-L-00339
말오줌때,Euscaphis,japonica,36.03016364,126.7179857,12-L-00340
종가시나무,Quercus,glauca,36.0303465,126.71801,12-L-00341
광나무,Ligustrum,japonicum,36.03020594,126.7180957,12-L-00342
동백나무,Camellia ,japonica,36.03016575,126.7179549,12-L-00343
동백나무,Camellia ,japonica,36.03035492,126.7179627,12-L-00344
졸참나무,Quercus,serrata,36.03033909,126.7179715,12-L-00345
동백나무,Camellia ,japonica,36.03034276,126.7179703,12-L-00346
동백나무,Camellia ,japonica,36.03035554,126.7179992,12-L-00347
말오줌때,Euscaphis,japonica,36.03033846,126.7179375,12-L-00352
종가시나무,Quercus,glauca,36.03033487,126.7180513,12-L-00353
종가시나무,Quercus,glauca,36.03034846,126.7180478,12-L-00354
동백나무,Camellia ,japonica,36.0303444,126.7180382,12-L-00356
동백나무,Camellia ,japonica,36.03034885,126.7179054,12-L-00357
종가시나무,Quercus,glauca,36.03042293,126.7178789,12-L-00361
동백나무,Camellia ,japonica,36.03034907,126.7180652,12-L-00362
동백나무,Camellia ,japonica,36.03034041,126.7180624,12-L-00363
뜰보리수,Elaeagnus,multiflora,36.03038456,126.71803,12-L-00371
동백나무,Camellia ,japonica,36.03038502,126.71795,12-L-00372
동백나무,Camellia ,japonica,36.03040578,126.7180279,12-L-00374
붉가시나무,Quercus,acuta?,36.0303938,126.7180649,12-L-00375
동백나무,Camellia ,japonica,36.03038041,126.7180126,12-L-00376
광나무,Ligustrum,japonicum,36.03040673,126.7180334,12-L-00377
말오줌때,Euscaphis,japonica,36.03040303,126.7180612,12-L-00378
동백나무,Camellia ,japonica,36.0303953,126.7180274,12-L-00379
동백나무,Camellia ,japonica,36.03039944,126.7179996,12-L-00383
광나무,Ligustrum,japonicum,36.03040329,126.7180211,12-L-00385
동백나무,Camellia ,japonica,36.03040768,126.7179739,12-L-00386
동백나무,Camellia ,japonica,36.03044865,126.7180207,12-L-00391
광나무,Ligustrum,japonicum,36.03047578,126.7180218,12-L-00393
종가시나무,Quercus,glauca,36.03046812,126.7179694,12-L-00395
동백나무,Camellia ,japonica,36.03047399,126.7179893,12-L-00396
졸참나무,Quercus,serrata,36.03046588,126.7179881,12-L-00397
동백나무,Camellia ,japonica,36.03045754,126.7180019,12-L-00398
동백나무,Camellia ,japonica,36.03045606,126.7179672,12-L-00399
동백나무,Camellia ,japonica,36.03045549,126.7179522,12-L-00400
동백나무,Camellia ,japonica,36.03045588,126.7178993,12-L-00401
종가시나무,Quercus,glauca,36.03052947,126.7179908,12-L-00402
종가시나무,Quercus,glauca,36.03051134,126.7180112,12-L-00403
동백나무,Camellia ,japonica,36.03053986,126.7180035,12-L-00404
광나무,Ligustrum,japonicum,36.03053822,126.7179629,12-L-00405
말오줌때,Euscaphis,japonica,36.03042849,126.7178692,12-L-00406
종가시나무,Quercus,glauca,36.03043796,126.7178814,12-L-00407
뜰보리수,Elaeagnus,multiflora,36.03038262,126.7179143,12-L-00408
종가시나무,Quercus,glauca,36.03045721,126.7178614,12-L-00409
동백나무,Camellia ,japonica,36.03045704,126.7178847,12-L-00410
산돌배나무,Pyrus,?ussuriensis?,36.03046678,126.7178914,12-L-00411
동백나무,Camellia ,japonica,36.03038347,126.7179218,12-L-00412
말오줌때,Euscaphis,japonica,36.03044423,126.718046,12-L-00413
동백나무,Camellia ,japonica,36.0303733,126.7178775,12-L-00414
동백나무,Camellia ,japonica,36.03047956,126.7178737,12-L-00415
동백나무,Camellia ,japonica,36.03046825,126.7179152,12-L-00416
말오줌때,Euscaphis,japonica,36.03045666,126.7180416,12-L-00417
동백나무,Camellia ,japonica,36.03045181,126.7180451,12-L-00418
종가시나무,Quercus,glauca,36.03039228,126.7178793,12-L-00419
동백나무,Camellia ,japonica,36.03048792,126.7180159,12-L-00420
음나무,Kalopanax,septemlobus,36.03048359,126.7179031,12-L-00421
종가시나무,Quercus,glauca,36.0304148,126.7178943,12-L-00422
종가시나무,Quercus,glauca,36.03041164,126.7178782,12-L-00423
동백나무,Camellia ,japonica,36.03044387,126.7180593,12-L-00424
졸참나무,Quercus,serrata,36.03041824,126.717901,12-L-00425
동백나무,Camellia ,japonica,36.03042413,126.7179056,12-L-00426
동백나무,Camellia ,japonica,36.03040852,126.717912,12-L-00427
말오줌때,Euscaphis,japonica,36.03050378,126.7179836,12-L-00428
동백나무,Camellia ,japonica,36.03042278,126.7180186,12-L-00429
동백나무,Camellia ,japonica,36.03041218,126.7180366,12-L-00430
졸참나무,Quercus,serrata,36.03042251,126.7179847,12-L-00431
동백나무,Camellia ,japonica,36.03050928,126.718029,12-L-00432
산돌배나무,Pyrus,?ussuriensis?,36.0304896,126.7180309,12-L-00433
동백나무,Camellia ,japonica,36.03055089,126.7180359,12-L-00434
동백나무,Camellia ,japonica,36.03054545,126.7180163,12-L-00435
동백나무,Camellia ,japonica,36.03052834,126.7180248,12-L-00436
동백나무,Camellia ,japonica,36.0304197,126.7179558,12-L-00437
보리수나무,Elaeagnus,umbellata?,36.03040361,126.7179185,12-L-00438
동백나무,Camellia ,japonica,36.03041028,126.7179454,12-L-00439
동백나무,Camellia ,japonica,36.03052161,126.718055,12-L-00440
종가시나무,Quercus,glauca,36.03051774,126.7179687,12-L-00441
동백나무,Camellia ,japonica,36.03042273,126.7179489,12-L-00443
동백나무,Camellia ,japonica,36.03049074,126.7179612,12-L-00444
동백나무,Camellia ,japonica,36.03042704,126.7179385,12-L-00445
동백나무,Camellia ,japonica,36.030523,126.7179687,12-L-00446
광나무,Ligustrum,japonicum,36.03052686,126.7180224,12-L-00447
동백나무,Camellia ,japonica,36.03055225,126.7180143,12-L-00448
동백나무,Camellia ,japonica,36.03051277,126.7180118,12-L-00449
동백나무,Camellia ,japonica,36.03052631,126.7179977,12-L-00450
가시나무,Quercus,myrsinifolia,36.03053341,126.7179743,12-L-00451
동백나무,Camellia ,japonica,36.0305313,126.7179713,12-L-00452
종가시나무,Quercus,glauca,36.03053385,126.7179601,12-L-00453
동백나무,Camellia ,japonica,36.03053043,126.7179477,12-L-00454
종가시나무,Quercus,glauca,36.03050574,126.7179539,12-L-00455
동백나무,Camellia ,japonica,36.03049871,126.7179506,12-L-00456
종가시나무,Quercus,glauca,36.03051086,126.7179416,12-L-00457
붉가시나무,Quercus,acuta?,36.03050301,126.7179206,12-L-00458
동백나무,Camellia ,japonica,36.0305094,126.7179061,12-L-00459
동백나무,Camellia ,japonica,36.03050242,126.7178778,12-L-00460
동백나무,Camellia ,japonica,36.0305077,126.7178725,12-L-00461
종가시나무,Quercus,glauca,36.0304987,126.7178592,12-L-00462
동백나무,Camellia ,japonica,36.03050692,126.717873,12-L-00463
붉나무,Rhus,?javanica,36.03051406,126.7178875,12-L-00464
종가시나무,Quercus,glauca,36.03051866,126.7178865,12-L-00465
동백나무,Camellia ,japonica,36.03051594,126.7178802,12-L-00466
동백나무,Camellia ,japonica,36.03051672,126.7178933,12-L-00467
붉나무,Rhus,?javanica,36.03052445,126.7179098,12-L-00468
붉나무,Rhus,?javanica,36.03054435,126.7179432,12-L-00469
뜰보리수,Elaeagnus,multiflora,36.03053984,126.7179257,12-L-00471
동백나무,Camellia ,japonica,36.03053983,126.7179503,12-L-00473
동백나무,Camellia ,japonica,36.03054981,126.7179584,12-L-00474
가시나무,Quercus,myrsinifolia,36.03055605,126.7179763,12-L-00475
말오줌때,Euscaphis,japonica,36.03057398,126.7179938,12-L-00476
붉가시나무,Quercus,acuta?,36.03057573,126.7180046,12-L-00477
동백나무,Camellia ,japonica,36.03057215,126.7180309,12-L-00478
광나무,Ligustrum,japonicum,36.03058421,126.7180246,12-L-00479
광나무,Ligustrum,japonicum,36.03061096,126.7180273,12-L-00480
광나무,Ligustrum,japonicum,36.03059223,126.7180283,12-L-00481
동백나무,Camellia ,japonica,36.03058673,126.7180029,12-L-00482
붉가시나무,Quercus,acuta?,36.03057423,126.7179737,12-L-00483
동백나무,Camellia ,japonica,36.03056874,126.7179622,12-L-00484
졸참나무,Quercus,serrata,36.03056942,126.7179502,12-L-00485
졸참나무,Quercus,serrata,36.03057194,126.7179461,12-L-00486
보리수나무,Elaeagnus,umbellata?,36.03056077,126.7179408,12-L-00487
동백나무,Camellia ,japonica,36.03056266,126.7179145,12-L-00488
종가시나무,Quercus,glauca,36.03057149,126.7178976,12-L-00489
동백나무,Camellia ,japonica,36.03057553,126.7179263,12-L-00490
동백나무,Camellia ,japonica,36.03057691,126.7179225,12-L-00491
동백나무,Camellia ,japonica,36.03058352,126.7178977,12-L-00492
동백나무,Camellia ,japonica,36.03054629,126.7178864,12-L-00493
종가시나무,Quercus,glauca,36.03054778,126.7178898,12-L-00494
동백나무,Camellia ,japonica,36.03057033,126.7178518,12-L-00495
동백나무,Camellia ,japonica,36.03054312,126.7178594,12-L-00496
종가시나무,Quercus,glauca,36.0305507,126.7178539,12-L-00497
동백나무,Camellia ,japonica,36.03054205,126.7178635,12-L-00498
뜰보리수,Elaeagnus,multiflora,36.03055763,126.7178395,12-L-00499
동백나무,Camellia ,japonica,36.03056265,126.7178418,12-L-00500
동백나무,Camellia ,japonica,36.03056653,126.7178536,12-L-00501
동백나무,Camellia ,japonica,36.03057683,126.7178144,12-L-00502
동백나무,Camellia ,japonica,36.03058838,126.7178468,12-L-00504
동백나무,Camellia ,japonica,36.03059796,126.7178638,12-L-00505
동백나무,Camellia ,japonica,36.03059456,126.7178654,12-L-00506
동백나무,Camellia ,japonica,36.03062166,126.7178799,12-L-00507
산뽕나무,Morus,bombycis,36.03059365,126.717884,12-L-00508
동백나무,Camellia ,japonica,36.0305932,126.717891,12-L-00509
말오줌때,Euscaphis,japonica,36.03059791,126.7179194,12-L-00510
동백나무,Camellia ,japonica,36.03061845,126.7178936,12-L-00512
붉가시나무,Quercus,acuta?,36.03062137,126.7179047,12-L-00513
동백나무,Camellia ,japonica,36.03061602,126.7179392,12-L-00514
동백나무,Camellia ,japonica,36.03059071,126.7179362,12-L-00515
동백나무,Camellia ,japonica,36.03057862,126.7179471,12-L-00516
동백나무,Camellia ,japonica,36.03057806,126.7179631,12-L-00517
붉가시나무,Quercus,acuta?,36.03059166,126.7179538,12-L-00519
동백나무,Camellia ,japonica,36.03060618,126.7179571,12-L-00520
광나무,Ligustrum,japonicum,36.03061971,126.7179882,12-L-00521
참느릅나무,Ulmus,parvifolia,36.03063971,126.7179965,12-L-00522
종가시나무,Quercus,glauca,36.03062491,126.7179903,12-L-00523
동백나무,Camellia ,japonica,36.03062249,126.7179661,12-L-00524
동백나무,Camellia ,japonica,36.03061838,126.7179637,12-L-00525
동백나무,Camellia ,japonica,36.03064689,126.7179532,12-L-00526
종가시나무,Quercus,glauca,36.03065664,126.7179465,12-L-00527
동백나무,Camellia ,japonica,36.03064717,126.7179503,12-L-00528
종가시나무,Quercus,glauca,36.0306361,126.7179453,12-L-00529
동백나무,Camellia ,japonica,36.03064634,126.7179199,12-L-00530
윤노리나무,Pourthiaea,villosa?,36.03063505,126.7179072,12-L-00531
졸참나무,Quercus,serrata,36.03063988,126.7179065,12-L-00532
동백나무,Camellia ,japonica,36.03064445,126.7179015,12-L-00533
졸참나무,Quercus,serrata,36.03063896,126.7178917,12-L-00534
윤노리나무,Pourthiaea,villosa?,36.03063073,126.7178786,12-L-00535
뜰보리수,Elaeagnus,multiflora,36.03063051,126.7178638,12-L-00536
동백나무,Camellia ,japonica,36.03061308,126.7178312,12-L-00537
동백나무,Camellia ,japonica,36.03061356,126.7178179,12-L-00538
뜰보리수,Elaeagnus,multiflora,36.03061784,126.7178182,12-L-00539
동백나무,Camellia ,japonica,36.03064753,126.7178448,12-L-00540
졸참나무,Quercus,serrata,36.0306448,126.7178641,12-L-00541
말오줌때,Euscaphis,japonica,36.03064155,126.7178686,12-L-00542
붉가시나무,Quercus,acuta?,36.03065297,126.7178633,12-L-00543
동백나무,Camellia ,japonica,36.0306644,126.7178647,12-L-00544
동백나무,Camellia ,japonica,36.03064826,126.7178638,12-L-00545
동백나무,Camellia ,japonica,36.03064169,126.7178735,12-L-00546
동백나무,Camellia ,japonica,36.03064779,126.7178925,12-L-00547
붉가시나무,Quercus,acuta?,36.03065736,126.7178871,12-L-00548
뜰보리수,Elaeagnus,multiflora,36.03065209,126.7179086,12-L-00549
팽나무,Celtis,sinensis?,36.03065188,126.7179017,12-L-00550
동백나무,Camellia ,japonica,36.0306509,126.7179203,12-L-00551
동백나무,Camellia ,japonica,36.03066319,126.7179452,12-L-00552
동백나무,Camellia ,japonica,36.03066812,126.717936,12-L-00553
동백나무,Camellia ,japonica,36.03066704,126.7179333,12-L-00554
뜰보리수,Elaeagnus,multiflora,36.03068486,126.7179411,12-L-00555
동백나무,Camellia ,japonica,36.03068653,126.7179221,12-L-00556
동백나무,Camellia ,japonica,36.03067732,126.7179269,12-L-00557
광나무,Ligustrum,japonicum,36.03066785,126.7179436,12-L-00558
졸참나무,Quercus,serrata,36.03068327,126.717947,12-L-00559
아왜나무,Viburnum,odoratissimum,36.03068547,126.7179654,12-L-00560
아왜나무,Viburnum,odoratissimum,36.03069748,126.7179586,12-L-00561
아왜나무,Viburnum,odoratissimum,36.0307112,126.7179371,12-L-00562
졸참나무,Quercus,serrata,36.03071431,126.7179222,12-L-00563
광나무,Ligustrum,japonicum,36.0307162,126.7179199,12-L-00564
아왜나무,Viburnum,odoratissimum,36.03073007,126.7179242,12-L-00565
동백나무,Camellia ,japonica,36.03072366,126.7179075,12-L-00566
동백나무,Camellia ,japonica,36.03072342,126.71789,12-L-00567
대팻집나무,Ilex,macropoda,36.03071309,126.7178981,12-L-00568
동백나무,Camellia ,japonica,36.03070283,126.7178739,12-L-00569
보리수나무,Elaeagnus,umbellata,36.03070553,126.7178509,12-L-00571
동백나무,Camellia ,japonica,36.03069727,126.7178677,12-L-00572
동백나무,Camellia ,japonica,36.03069355,126.7178727,12-L-00573
동백나무,Camellia ,japonica,36.03069069,126.7178595,12-L-00574
동백나무,Camellia ,japonica,36.03068833,126.7178699,12-L-00575
졸참나무,Quercus,serrata,36.03068869,126.7178645,12-L-00576
동백나무,Camellia ,japonica,36.03069133,126.7178496,12-L-00577
가시나무,Quercus,myrsinifolia,36.0306836,126.7178246,12-L-00578
동백나무,Camellia ,japonica,36.0306696,126.7178168,12-L-00579
동백나무,Camellia ,japonica,36.03067013,126.7178255,12-L-00580
동백나무,Camellia ,japonica,36.03071098,126.7178132,12-L-00581
동백나무,Camellia ,japonica,36.03071899,126.7178263,12-L-00584
동백나무,Camellia ,japonica,36.03072417,126.7178532,12-L-00585
뜰보리수,Elaeagnus,multiflora,36.03072398,126.7178663,12-L-00586
동백나무,Camellia ,japonica,36.03073194,126.7179031,12-L-00587
광나무,Ligustrum,japonicum,36.03074772,126.7179183,12-L-00588
아왜나무,Viburnum,odoratissimum,36.03076726,126.7179158,12-L-00589
동백나무,Camellia ,japonica,36.03072397,126.7178859,12-L-00590
졸참나무,Quercus,serrata,36.03077926,126.7179195,12-L-00591
졸참나무,Quercus,serrata,36.03078068,126.71792,12-L-00592
동백나무,Camellia ,japonica,36.03079822,126.7179066,12-L-00593
졸참나무,Quercus,serrata,36.03075897,126.7178939,12-L-00594
졸참나무,Quercus,serrata,36.03075964,126.717896,12-L-00595
졸참나무,Quercus,serrata,36.03075826,126.717893,12-L-00596
동백나무,Camellia ,japonica,36.03077797,126.7178831,12-L-00597
동백나무,Camellia ,japonica,36.03077388,126.7178715,12-L-00598
동백나무,Camellia ,japonica,36.03078327,126.7178776,12-L-00599
가시나무,Quercus,myrsinifolia,36.03075054,126.7178813,12-L-00600
동백나무,Camellia ,japonica,36.03077734,126.7178749,12-L-00601
동백나무,Camellia ,japonica,36.03076933,126.717855,12-L-00602
졸참나무,Quercus,serrata,36.03076095,126.7178335,12-L-00603
말오줌때,Euscaphis,japonica,36.03074142,126.7178487,12-L-00604
졸참나무,Quercus,serrata,36.03075545,126.7178126,12-L-00605
동백나무,Camellia ,japonica,36.03076015,126.717817,12-L-00606
동백나무,Camellia ,japonica,36.03074865,126.7178038,12-L-00607
동백나무,Camellia ,japonica,36.03077415,126.7178101,12-L-00609
동백나무,Camellia ,japonica,36.03077336,126.7178314,12-L-00610
동백나무,Camellia ,japonica,36.03077262,126.7178466,12-L-00611
윤노리나무,Pourthiaea,villosa?,36.03078581,126.7178576,12-L-00612
동백나무,Camellia ,japonica,36.03079585,126.7178579,12-L-00613
동백나무,Camellia ,japonica,36.03079414,126.7178631,12-L-00614
상수리나무,Quercus,acutissima,36.03080323,126.7178816,12-L-00615
동백나무,Camellia ,japonica,36.03081924,126.7178836,12-L-00616
졸참나무,Quercus,serrata,36.03081557,126.717878,12-L-00617
동백나무,Camellia ,japonica,36.03081316,126.7179065,12-L-00618
동백나무,Camellia ,japonica,36.03082455,126.7178833,12-L-00619
동백나무,Camellia ,japonica,36.03081337,126.7178557,12-L-00620
동백나무,Camellia ,japonica,36.03082142,126.7178464,12-L-00621
말오줌때,Euscaphis,japonica,36.03081093,126.7178343,12-L-00622
상수리나무,Quercus,acutissima,36.03080112,126.7178177,12-L-00623
종가시나무,Quercus,glauca,36.03079957,126.7178084,12-L-00624
동백나무,Camellia ,japonica,36.0307833,126.7178086,12-L-00625
동백나무,Camellia ,japonica,36.03079944,126.7177786,12-L-00626
동백나무,Camellia ,japonica,36.03080889,126.7177821,12-L-00627
종가시나무,Quercus,glauca,36.03082999,126.7177863,12-L-00628
졸참나무,Quercus,serrata,36.03081182,126.7178085,12-L-00629
동백나무,Camellia ,japonica,36.03083652,126.7178307,12-L-00630
동백나무,Camellia ,japonica,36.03083588,126.7178203,12-L-00631
동백나무,Camellia ,japonica,36.030841,126.7178247,12-L-00632
동백나무,Camellia ,japonica,36.03084348,126.7178335,12-L-00633
동백나무,Camellia ,japonica,36.03084328,126.7178738,12-L-00635
동백나무,Camellia ,japonica,36.03086888,126.7178705,12-L-00637
동백나무,Camellia ,japonica,36.03087721,126.7178649,12-L-00638
졸참나무,Quercus,serrata,36.03086524,126.7178594,12-L-00639
동백나무,Camellia ,japonica,36.03087725,126.7178352,12-L-00640
동백나무,Camellia ,japonica,36.03087599,126.7178279,12-L-00641
동백나무,Camellia ,japonica,36.03088462,126.7178308,12-L-00642
동백나무,Camellia ,japonica,36.03088867,126.7178119,12-L-00643
감태나무,Lindera,glauca,36.03085933,126.7177959,12-L-00644
종가시나무,Quercus,glauca,36.03087147,126.717781,12-L-00645
졸참나무,Quercus,serrata,36.03088481,126.7177884,12-L-00646
동백나무,Camellia ,japonica,36.03087736,126.7177756,12-L-00647
동백나무,Camellia ,japonica,36.03087897,126.7177835,12-L-00648
동백나무,Camellia ,japonica,36.0309074,126.7177665,12-L-00649
종가시나무,Quercus,glauca,36.03091352,126.7177956,12-L-00650
가시나무,Quercus,myrsinifolia,36.0309172,126.7178097,12-L-00651
동백나무,Camellia ,japonica,36.03089378,126.7178011,12-L-00652
동백나무,Camellia ,japonica,36.03088891,126.717816,12-L-00653
동백나무,Camellia ,japonica,36.03090878,126.7178313,12-L-00654
동백나무,Camellia ,japonica,36.0308954,126.7178267,12-L-00655
동백나무,Camellia ,japonica,36.03091451,126.7178336,12-L-00656
동백나무,Camellia ,japonica,36.03092173,126.717831,12-L-00657
동백나무,Camellia ,japonica,36.03092981,126.7178291,12-L-00658
동백나무,Camellia ,japonica,36.03095269,126.7178138,12-L-00659
졸참나무,Quercus,serrata,36.03095171,126.7178111,12-L-00660
동백나무,Camellia ,japonica,36.0309308,126.717801,12-L-00661
졸참나무,Quercus,serrata,36.03093804,126.7178009,12-L-00662
졸참나무,Quercus,serrata,36.03095853,126.7178,12-L-00663
졸참나무,Quercus,serrata,36.03094915,126.7177884,12-L-00664
동백나무,Camellia ,japonica,36.03093678,126.7177545,12-L-00665
졸참나무,Quercus,serrata,36.03093735,126.7177655,12-L-00666
동백나무,Camellia ,japonica,36.03093748,126.7177742,12-L-00667
오동나무,Paulownia,coreana,36.03092485,126.7177488,12-L-00668
산벚나무,Prunus,sargentii,36.03099564,126.7177858,12-L-00669
느티나무,Zelkova,serrata,36.03097503,126.7177574,12-L-00670
개서어나무,Carpinus,tschonoskii,36.03098191,126.7177389,12-L-00671
피나무,Tilia,amurensis,36.03096764,126.7177296,12-L-00672
개서어나무,Carpinus,tschonoskii,36.0309915,126.7177327,12-L-00673
느티나무,Zelkova,serrata,36.03099072,126.7177472,12-L-00674
산벚나무,Prunus,sargentii,36.03102624,126.7177657,12-L-00675
느티나무,Zelkova,serrata,36.03108771,126.7177323,12-L-00677
노각나무,Stewartia,koreana,36.03108685,126.7177744,12-L-00678
노각나무,Stewartia,koreana,36.03110398,126.717765,12-L-00679
때죽나무,Styrax,japonicus,36.03112496,126.7177391,12-L-00680
느티나무,Zelkova,serrata,36.03113696,126.7177151,12-L-00681
개서어나무,Carpinus,tschonoskii,36.03111523,126.7176929,12-L-00682
개서어나무,Carpinus,tschonoskii,36.03112729,126.7176874,12-L-00683
피나무,Tilia,amurensis,36.03113417,126.7176825,12-L-00684
개서어나무,Carpinus,tschonoskii,36.03114976,126.7176981,12-L-00685
개서어나무,Carpinus,tschonoskii,36.03116124,126.7176903,12-L-00686
느티나무,Zelkova,serrata,36.03116773,126.7177122,12-L-00687
모감주나무,Koelreuteria,paniculata,36.03119232,126.7177347,12-L-00688
모감주나무,Koelreuteria,paniculata,36.03121098,126.7177399,12-L-00689
때죽나무,Styrax,japonicus,36.03120375,126.7177188,12-L-00690
개서어나무,Carpinus,tschonoskii,36.03120062,126.717689,12-L-00691
비목나무,Lindera,?erythrocarpa,36.03121164,126.7176685,12-L-00692
개서어나무,Carpinus,tschonoskii,36.03123059,126.7177018,12-L-00693
개서어나무,Carpinus,tschonoskii,36.03125722,126.7177188,12-L-00694
졸참나무,Quercus,serrata,36.03125666,126.7176799,12-L-00696
때죽나무,Styrax,japonicus,36.03125424,126.7176609,12-L-00697
가래나무,Juglans,mandshurica,36.03127311,126.7176599,12-L-00698
개서어나무,Carpinus,tschonoskii,36.03130399,126.7176539,12-L-00699
느티나무,Zelkova,serrata,36.03131155,126.7176621,12-L-00700
노린재나무,Symplocos,sawafutagi,36.03131041,126.7176827,12-L-00701
개서어나무,Carpinus,tschonoskii,36.03129716,126.7176863,12-L-00702
쪽동백나무,Styrax,obassia?,36.03127759,126.7177755,12-L-00703
졸참나무,Quercus,serrata,36.03131827,126.7177483,12-L-00704
개서어나무,Carpinus,tschonoskii,36.03131304,126.7177168,12-L-00705
개서어나무,Carpinus,tschonoskii,36.03134433,126.7177003,12-L-00706
졸참나무,Quercus,serrata,36.03133068,126.7176756,12-L-00707
개서어나무,Carpinus,tschonoskii,36.0313386,126.7176369,12-L-00708
개서어나무,Carpinus,tschonoskii,36.03135487,126.7176462,12-L-00709
고로쇠나무,Acer,pictum,36.03135977,126.7176266,12-L-00711
졸참나무,Quercus,serrata,36.03136405,126.7176634,12-L-00712
고로쇠나무,Acer,pictum,36.03136373,126.7176845,12-L-00713
때죽나무,Styrax,japonicus,36.03136771,126.7176844,12-L-00714
개서어나무,Carpinus,tschonoskii,36.03138513,126.7177222,12-L-00715
쪽동백나무,Styrax,obassia?,36.03139363,126.7177724,12-L-00717
당단풍나무,Acer,pseudosieboldianum,36.03140826,126.7177272,12-L-00718
느티나무,Zelkova,serrata,36.03141148,126.7176966,12-L-00719
개서어나무,Carpinus,tschonoskii,36.03140194,126.7176884,12-L-00720
졸참나무,Quercus,serrata,36.03138906,126.7176855,12-L-00721
때죽나무,Styrax,japonicus,36.0313865,126.7176375,12-L-00722
당단풍나무,Acer,pseudosieboldianum,36.03138392,126.7176342,12-L-00723
개서어나무,Carpinus,tschonoskii,36.031396,126.7176224,12-L-00724
고로쇠나무,Acer,pictum,36.03142317,126.7176197,12-L-00726
졸참나무,Quercus,serrata,36.03142544,126.7176419,12-L-00727
개서어나무,Carpinus,tschonoskii,36.03143107,126.7176977,12-L-00729
개서어나무,Carpinus,tschonoskii,36.03143137,126.7177428,12-L-00730
산딸나무,Cornus,kousa,36.03144266,126.7177652,12-L-00731
졸참나무,Quercus,serrata,36.03143894,126.7177377,12-L-00732
느티나무,Zelkova,serrata,36.03145891,126.7177346,12-L-00733
개서어나무,Carpinus,tschonoskii,36.0314681,126.7177198,12-L-00734
느티나무,Zelkova,serrata,36.03145126,126.717696,12-L-00735
비목나무,Lindera,erythrocarpa,36.03144782,126.7176812,12-L-00736
개서어나무,Carpinus,tschonoskii,36.03145625,126.7176597,12-L-00737
느티나무,Zelkova,serrata,36.03144148,126.7176391,12-L-00738
때죽나무,Styrax,japonicus,36.03145139,126.7176132,12-L-00739
개서어나무,Carpinus,tschonoskii,36.0314747,126.7176662,12-L-00740
때죽나무,Styrax,japonicus,36.03147417,126.7176831,12-L-00741
개서어나무,Carpinus,tschonoskii,36.03148543,126.7176911,12-L-00742
개서어나무,Carpinus,tschonoskii,36.0314994,126.7177047,12-L-00743
개서어나무,Carpinus,tschonoskii,36.03148302,126.717735,12-L-00744
개서어나무,Carpinus,tschonoskii,36.03148215,126.7177593,12-L-00745
산딸나무,Cornus,kousa,36.03146614,126.717779,12-L-00746
팥배나무,Sorbus,alnifolia?,36.0314865,126.7177809,12-L-00748
느티나무,Zelkova,serrata,36.03151649,126.7177299,12-L-00749
개서어나무,Carpinus,tschonoskii,36.0315234,126.7177192,12-L-00750
병꽃나무,Weigela,subsessilis,36.03150924,126.717717,12-L-00751
개서어나무,Carpinus,tschonoskii,36.03151608,126.7176887,12-L-00753
때죽나무,Styrax,japonicus,36.03149856,126.7176692,12-L-00754
졸참나무,Quercus,serrata,36.03148727,126.7176643,12-L-00755
개서어나무,Carpinus,tschonoskii,36.03148884,126.717652,12-L-00756
개서어나무,Carpinus,tschonoskii,36.03151123,126.7176333,12-L-00757
때죽나무,Styrax,japonicus,36.03150071,126.7176274,12-L-00758
개서어나무,Carpinus,tschonoskii,36.03149521,126.7175957,12-L-00759
때죽나무,Styrax,japonicus,36.03150962,126.7175956,12-L-00760
사람주나무,Neoshirakia,japonica,36.03151058,126.7176173,12-L-00761
당단풍나무,Acer,pseudosieboldianum,36.03152182,126.7175993,12-L-00763
피나무,Tilia,amurensis,36.03152762,126.7176058,12-L-00764
느티나무,Zelkova,serrata,36.03152929,126.7176222,12-L-00765
느티나무,Zelkova,serrata,36.03153074,126.7176399,12-L-00766
개서어나무,Carpinus,tschonoskii,36.03152786,126.7176708,12-L-00767
때죽나무,Styrax,japonicus,36.0315313,126.7177015,12-L-00768
고로쇠나무,Acer,pictum,36.03155722,126.7177521,12-L-00769
가막살나무,Viburnum,dilatatum,36.03153295,126.7177286,12-L-00770
졸참나무,Quercus,serrata,36.03153624,126.7177584,12-L-00771
가막살나무,Viburnum,dilatatum,36.03154089,126.7177718,12-L-00772
개서어나무,Carpinus,tschonoskii,36.03152378,126.7177798,12-L-00773
당단풍나무,Acer,pseudosieboldianum,36.03157403,126.7177293,12-L-00775
개서어나무,Carpinus,tschonoskii,36.03154705,126.7177239,12-L-00776
개서어나무,Carpinus,tschonoskii,36.03154693,126.7176939,12-L-00777
졸참나무,Quercus,serrata,36.03155096,126.7176536,12-L-00778
사람주나무,Neoshirakia,japonica,36.03154628,126.7176485,12-L-00779
느티나무,Zelkova,serrata,36.03155324,126.7176199,12-L-00780
때죽나무,Styrax,japonicus,36.03156477,126.7176229,12-L-00781
당단풍나무,Acer,pseudosieboldianum,36.03156563,126.7176377,12-L-00782
졸참나무,Quercus,serrata,36.03157035,126.717633,12-L-00783
노린재나무,Symplocos,sawafutagi,36.03155814,126.7176005,12-L-00784
개서어나무,Carpinus,tschonoskii,36.03156722,126.7175995,12-L-00785
개서어나무,Carpinus,tschonoskii,36.03157379,126.7176593,12-L-00787
동백나무,Camellia ,japonica,36.03157096,126.7176767,12-L-00788
느티나무,Zelkova,serrata,36.03158122,126.7176827,12-L-00789
산딸나무,Cornus,kousa,36.03157508,126.7176957,12-L-00790
개서어나무,Carpinus,tschonoskii,36.03158524,126.7177009,12-L-00791
때죽나무,Styrax,japonicus,36.03158778,126.7177277,12-L-00792
가막살나무,Viburnum,dilatatum,36.03158347,126.7177374,12-L-00793
쪽동백나무,Styrax,obassia?,36.03158899,126.7177379,12-L-00794
팥배나무,Sorbus,alnifolia?,36.03158391,126.7177669,12-L-00795
개서어나무,Carpinus,tschonoskii,36.03158679,126.7177967,12-L-00796
개서어나무,Carpinus,tschonoskii,36.03159507,126.7178056,12-L-00797
느티나무,Zelkova,serrata,36.03160214,126.7177966,12-L-00798
가막살나무,Viburnum,dilatatum,36.03159796,126.7177939,12-L-00799
가막살나무,Viburnum,dilatatum,36.03159587,126.7177925,12-L-00800
가막살나무,Viburnum,dilatatum,36.0315986,126.7177878,12-L-00801
가막살나무,Viburnum,dilatatum,36.03159811,126.7177855,12-L-00802
가막살나무,Viburnum,dilatatum,36.0316118,126.7178181,12-L-00803
개서어나무,Carpinus,tschonoskii,36.03162665,126.7178025,12-L-00804
졸참나무,Quercus,serrata,36.03162892,126.7177851,12-L-00805
개서어나무,Carpinus,tschonoskii,36.03162626,126.7177499,12-L-00806
비목나무,Lindera,erythrocarpa,36.03161069,126.7177522,12-L-00807
때죽나무,Styrax,japonicus,36.03162275,126.7177274,12-L-00808
산딸나무,Cornus,kousa,36.03159955,126.7177009,12-L-00809
산딸나무,Cornus,kousa,36.03159391,126.7176722,12-L-00810
고로쇠나무,Acer,pictum,36.03159999,126.7176629,12-L-00811
생강나무,Lindera,obtusiloba,36.03158851,126.7176579,12-L-00812
개서어나무,Carpinus,tschonoskii,36.03160007,126.7176507,12-L-00813
사람주나무,Neoshirakia,japonica,36.03159557,126.7176398,12-L-00814
졸참나무,Quercus,serrata,36.03160648,126.7176295,12-L-00815
가래나무,Juglans,mandshurica?,36.03161437,126.7176468,12-L-00816
졸참나무,Quercus,serrata,36.03162543,126.7176211,12-L-00817
개서어나무,Carpinus,tschonoskii,36.03161597,126.717615,12-L-00818
때죽나무,Styrax,japonicus,36.03160086,126.7175989,12-L-00819
때죽나무,Styrax,japonicus,36.03160177,126.7175907,12-L-00820
개서어나무,Carpinus,tschonoskii,36.03162479,126.7175717,12-L-00822
느티나무,Zelkova,serrata,36.03162941,126.7175658,12-L-00823
단풍나무,Acer,palmatum,36.03163829,126.7175667,12-L-00824
느티나무,Zelkova,serrata,36.03166064,126.7175571,12-L-00825
느티나무,Zelkova,serrata,36.03165838,126.7175882,12-L-00826
당단풍나무,Acer,pseudosieboldianum,36.03165504,126.7176026,12-L-00827
졸참나무,Quercus,serrata,36.03163546,126.7176419,12-L-00828
개서어나무,Carpinus,tschonoskii,36.03162043,126.717647,12-L-00829
가막살나무,Viburnum,dilatatum,36.03161552,126.7176467,12-L-00830
가막살나무,Viburnum,dilatatum,36.03163073,126.7176544,12-L-00831
느티나무,Zelkova,serrata,36.03160982,126.7176706,12-L-00832
때죽나무,Styrax,japonicus,36.03164688,126.7177374,12-L-00833
산딸나무,Cornus,kousa,36.03163767,126.7177403,12-L-00834
물푸레나무,Fraxinus,rhynchophylla,36.03164375,126.7177447,12-L-00835
물푸레나무,Fraxinus,rhynchophylla,36.03163379,126.7177462,12-L-00836
물푸레나무,Fraxinus,rhynchophylla,36.03164785,126.7177532,12-L-00837
말오줌때,Euscaphis,japonica,36.03164854,126.7177727,12-L-00838
산벚나무,Prunus,sargentii,36.03163565,126.7177976,12-L-00839
팥배나무,Sorbus,alnifolia?,36.03163983,126.7178053,12-L-00840
팥배나무,Sorbus,alnifolia?,36.03163561,126.7178185,12-L-00841
때죽나무,Styrax,japonicus,36.03163405,126.7178587,12-L-00842
개서어나무,Carpinus,tschonoskii,36.03165731,126.7178606,12-L-00843
팥배나무,Sorbus,alnifolia?,36.03164823,126.7178529,12-L-00844
때죽나무,Styrax,japonicus,36.03165954,126.7178575,12-L-00845
졸참나무,Quercus,serrata,36.0316705,126.7178382,12-L-00846
가막살나무,Viburnum,dilatatum,36.03167561,126.7178297,12-L-00848
가막살나무,Viburnum,dilatatum,36.03167673,126.717822,12-L-00849
가막살나무,Viburnum,dilatatum,36.03169142,126.7178144,12-L-00850
가막살나무,Viburnum,dilatatum,36.03168723,126.7178187,12-L-00851
말오줌때,Euscaphis,japonica,36.03166728,126.7178001,12-L-00852
산딸나무,Cornus,kousa,36.03165919,126.7178039,12-L-00853
때죽나무,Styrax,japonicus,36.03167938,126.7177872,12-L-00854
산딸나무,Cornus,kousa,36.03167837,126.7177703,12-L-00855
산딸나무,Cornus,kousa,36.03167614,126.7177621,12-L-00856
물푸레나무,Fraxinus,rhynchophylla,36.03167903,126.7177638,12-L-00857
물푸레나무,Fraxinus,rhynchophylla,36.03167206,126.7177595,12-L-00858
물푸레나무,Fraxinus,rhynchophylla,36.03168225,126.7177554,12-L-00859
물푸레나무,Fraxinus,rhynchophylla,36.03167726,126.7177769,12-L-00860
가막살나무,Viburnum,dilatatum,36.03167785,126.717746,12-L-00861
가막살나무,Viburnum,dilatatum,36.03167354,126.7177394,12-L-00862
가막살나무,Viburnum,dilatatum,36.03167519,126.717734,12-L-00863
팥배나무,Sorbus,alnifolia?,36.03165887,126.7177286,12-L-00864
윤노리나무,Pourthiaea,villosa,36.0316506,126.717733,12-L-00865
팥배나무,Sorbus,alnifolia?,36.03165386,126.7177357,12-L-00866
정금나무,Vaccinium,oldhamii?,36.03165327,126.7177442,12-L-00867
때죽나무,Styrax,japonicus,36.03165963,126.717688,12-L-00868
팥배나무,Sorbus,alnifolia?,36.03168186,126.7176698,12-L-00869
피나무,Tilia?,amurensis,36.03167755,126.7176437,12-L-00870
개서어나무,Carpinus,tschonoskii,36.03167593,126.71764,12-L-00871
개서어나무,Carpinus,tschonoskii,36.0316843,126.7175982,12-L-00872
쪽동백나무,Styrax,obassia?,36.03169631,126.7175522,12-L-00873
덜꿩나무,Viburnum,erosum,36.03169979,126.7175681,12-L-00874
개서어나무,Carpinus,tschonoskii,36.03170049,126.7175824,12-L-00875
느티나무,Zelkova,serrata,36.03171162,126.7175736,12-L-00876
졸참나무,Quercus,serrata,36.03171848,126.7176118,12-L-00879
개서어나무,Carpinus,tschonoskii,36.0316973,126.7176167,12-L-00880
개서어나무,Carpinus,tschonoskii,36.03169035,126.7176324,12-L-00881
느티나무,Zelkova,serrata,36.03170447,126.7176396,12-L-00882
느티나무,Zelkova,serrata,36.03169625,126.7176475,12-L-00883
팥배나무,Sorbus,alnifolia?,36.0317037,126.7176631,12-L-00884
때죽나무,Styrax,japonicus,36.03171238,126.7176676,12-L-00885
팥배나무,Sorbus,alnifolia?,36.03171232,126.7176559,12-L-00886
팥배나무,Sorbus,alnifolia?,36.03170578,126.7176741,12-L-00887
가막살나무,Viburnum,dilatatum,36.03172859,126.7176819,12-L-00888
고로쇠나무,Acer?,pictum,36.03170593,126.7177038,12-L-00889
정금나무,Vaccinium,oldhamii,36.03170276,126.717714,12-L-00890
물푸레나무,Fraxinus,rhynchophylla,36.03171451,126.7177269,12-L-00891
산벚나무,Prunus,sargentii,36.03172284,126.7177393,12-L-00892
산딸나무,Cornus,kousa,36.03171239,126.7177415,12-L-00893
생강나무,Lindera,obtusiloba,36.03173976,126.717718,12-L-00894
물푸레나무,Fraxinus,rhynchophylla,36.03174933,126.7177172,12-L-00895
생강나무,Lindera,obtusiloba,36.03174413,126.7177219,12-L-00896
물푸레나무,Fraxinus,rhynchophylla,36.0317427,126.7177065,12-L-00897
팥배나무,Sorbus,alnifolia?,36.03173887,126.7176994,12-L-00898
때죽나무,Styrax,japonicus,36.03173249,126.7177022,12-L-00899
산딸나무,Cornus,kousa,36.03175226,126.7176933,12-L-00900
산딸나무,Cornus,kousa,36.03173611,126.7176871,12-L-00901
가막살나무,Viburnum,dilatatum,36.03174061,126.7176724,12-L-00902
산벚나무,Prunus,sargentii,36.0317326,126.7176552,12-L-00903
때죽나무,Styrax,japonicus,36.0317282,126.7176605,12-L-00904
팥배나무,Sorbus,alnifolia?,36.03172479,126.7176298,12-L-00905
산딸나무,Cornus,kousa,36.03172651,126.7176289,12-L-00906
팥배나무,Sorbus,alnifolia?,36.03174847,126.7176355,12-L-00907
개서어나무,Carpinus,tschonoskii,36.03174608,126.7176052,12-L-00908
참빗살나무,Euonymus,hamiltonianus,36.03173319,126.7176037,12-L-00909
느티나무,Zelkova,serrata,36.03173708,126.7176019,12-L-00910
개서어나무,Carpinus,tschonoskii,36.03174582,126.7175838,12-L-00911
개서어나무,Carpinus,tschonoskii,36.03174106,126.7175681,12-L-00912
개서어나무,Carpinus,tschonoskii,36.03172691,126.717561,12-L-00913
때죽나무,Styrax,japonicus,36.03175002,126.7175641,12-L-00914
고로쇠나무,Acer?,pictum,36.03175083,126.7175708,12-L-00915
팥배나무,Sorbus,alnifolia?,36.03176321,126.717554,12-L-00916
졸참나무,Quercus,serrata,36.03177474,126.7175617,12-L-00917
난티잎개암나무,Corylus,heterophylla?,36.03176707,126.7175754,12-L-00918
소사나무,Carpinus,turczaninowii,36.03178285,126.7175834,12-L-00919
물푸레나무,Fraxinus,rhynchophylla,36.03177266,126.717597,12-L-00920
졸참나무,Quercus,serrata,36.03176825,126.7176094,12-L-00921
합다리나무,Meliosma,?oldhamii,36.03175543,126.7176192,12-L-00922
붉나무,Rhus,javanica?,36.03176296,126.7176314,12-L-00923
비목나무,Lindera,erythrocarpa,36.03176599,126.7176418,12-L-00924
붉나무,Rhus,javanica?,36.03177566,126.7176412,12-L-00925
붉나무,Rhus,javanica?,36.03177861,126.7176407,12-L-00926
팥배나무,Sorbus,alnifolia?,36.03178148,126.7176553,12-L-00927
때죽나무,Styrax,japonicus,36.03176824,126.7176654,12-L-00928
물푸레나무,Fraxinus,rhynchophylla,36.03176386,126.7176687,12-L-00929
팥배나무,Sorbus,alnifolia?,36.03177042,126.7176756,12-L-00930
때죽나무,Styrax,japonicus,36.03177595,126.717683,12-L-00931
팥배나무,Sorbus,alnifolia?,36.03178892,126.7176798,12-L-00932
졸참나무,Quercus,serrata,36.03179295,126.7176752,12-L-00933
말오줌때,Euscaphis,japonica,36.03180016,126.7176678,12-L-00934
개옻나무,Toxicodendron,trichocarpum,36.03178968,126.7176484,12-L-00935
물푸레나무,Fraxinus,rhynchophylla,36.03179089,126.7176437,12-L-00936
산딸나무,Cornus,kousa,36.0318083,126.717596,12-L-00937
개서어나무,Carpinus,tschonoskii,36.03180688,126.7175966,12-L-00938
붉나무,Rhus,javanica?,36.03180682,126.7175876,12-L-00939
붉나무,Rhus,javanica?,36.03181411,126.7175838,12-L-00940
졸참나무,Quercus,serrata,36.03179941,126.7175696,12-L-00942
때죽나무,Styrax,japonicus,36.03179412,126.7175584,12-L-00943
소사나무,Carpinus,turczaninowii,36.0317995,126.7175489,12-L-00944
개서어나무,Carpinus,tschonoskii,36.03179164,126.7175478,12-L-00945
피나무,Tilia,amurensis,36.03179554,126.7175368,12-L-00946
개서어나무,Carpinus,tschonoskii,36.03180062,126.7175422,12-L-00947
느티나무,Zelkova,serrata,36.0317998,126.7175307,12-L-00948
개서어나무,Carpinus,tschonoskii,36.0318082,126.7175345,12-L-00949
개서어나무,Carpinus,tschonoskii,36.0318094,126.717524,12-L-00950
느티나무,Zelkova,serrata,36.03181677,126.7175221,12-L-00951
개서어나무,Carpinus,tschonoskii,36.03183373,126.7175223,12-L-00953
느티나무,Zelkova,serrata,36.03183047,126.7175424,12-L-00954
졸참나무,Quercus,serrata,36.03182477,126.7176158,12-L-00956
팥배나무,Sorbus,alnifolia?,36.03181505,126.7176344,12-L-00957
팥배나무,Sorbus,alnifolia?,36.03181669,126.7176608,12-L-00958
물푸레나무,Fraxinus,rhynchophylla,36.03182559,126.7176783,12-L-00960
팥배나무,Sorbus,alnifolia?,36.03181861,126.7176799,12-L-00961
물푸레나무,Fraxinus,rhynchophylla,36.03181135,126.7176841,12-L-00962
팥배나무,Sorbus,alnifolia?,36.03183581,126.717673,12-L-00963
붉나무,Rhus,javanica?,36.03184066,126.7176617,12-L-00964
붉나무,Rhus,javanica?,36.03184285,126.7176536,12-L-00965
붉나무,Rhus,javanica?,36.03185425,126.717652,12-L-00966
팥배나무,Sorbus,alnifolia?,36.03184762,126.7176577,12-L-00967
물푸레나무,Fraxinus,rhynchophylla,36.03185421,126.7176536,12-L-00968
물푸레나무,Fraxinus,rhynchophylla,36.0318527,126.7176437,12-L-00969
때죽나무,Styrax,japonicus,36.03184341,126.7176422,12-L-00970
팥배나무,Sorbus,alnifolia?,36.03183996,126.7176433,12-L-00971
개서어나무,Carpinus,tschonoskii,36.03184617,126.7176292,12-L-00972
때죽나무,Styrax,japonicus,36.03183605,126.7176181,12-L-00973
느티나무,Zelkova,serrata,36.03184644,126.7175373,12-L-00974
때죽나무,Styrax,japonicus,36.03183738,126.7175211,12-L-00975
노린재나무,Symplocos,awafutagi,36.03185089,126.7175235,12-L-00976
개서어나무,Carpinus,tschonoskii,36.03186631,126.7175129,12-L-00977
쇠물푸레,Fraxinus,sieboldiana,36.03186657,126.7175285,12-L-00978
때죽나무,Styrax,japonicus,36.03187847,126.7175123,12-L-00979
졸참나무,Quercus,serrata,36.03188553,126.7175481,12-L-00980
참빗살나무,Euonymus,hamiltonianus,36.03188628,126.7175589,12-L-00981
난티잎개암나무,Corylus,heterophylla?,36.03187429,126.7175633,12-L-00982
팥배나무,Sorbus,alnifolia?,36.0318664,126.7175744,12-L-00983
개서어나무,Carpinus,tschonoskii,36.03186759,126.7176007,12-L-00984
팥배나무,Sorbus,alnifolia?,36.0318775,126.7176153,12-L-00985
때죽나무,Styrax,japonicus,36.03187024,126.7176203,12-L-00986
산벚나무,Prunus,sargentii,36.03186731,126.7176352,12-L-00987
산벚나무,Prunus,sargentii,36.0318639,126.717649,12-L-00989
팥배나무,Sorbus,alnifolia?,36.03187697,126.7176479,12-L-00990
가막살나무,Viburnum,dilatatum,36.03187559,126.7176615,12-L-00991
가막살나무,Viburnum,dilatatum,36.0318745,126.7176544,12-L-00992
때죽나무,Styrax,japonicus,36.03186866,126.7176653,12-L-00993
팥배나무,Sorbus,alnifolia?,36.03189081,126.7176716,12-L-00994
고로쇠나무,Acer?,pictum,36.03190572,126.717672,12-L-00995
팥배나무,Sorbus,alnifolia?,36.03191245,126.7176571,12-L-00997
가막살나무,Viburnum,dilatatum,36.03190971,126.7176427,12-L-00998
당단풍나무,Acer,pseudosieboldianum,36.03188484,126.7176316,12-L-00999
졸참나무,Quercus,serrata,36.03189599,126.7176237,12-L-01001
개서어나무,Carpinus,tschonoskii,36.03190346,126.7175727,12-L-01002
팥배나무,Sorbus,alnifolia?,36.03189914,126.7175645,12-L-01003
개서어나무,Carpinus,tschonoskii,36.03191345,126.7175675,12-L-01004
졸참나무,Quercus,serrata,36.03190859,126.7175593,12-L-01005
느티나무,Zelkova,serrata,36.03191523,126.717506,12-L-01006
졸참나무,Quercus,serrata,36.0319261,126.7175393,12-L-01007
고로쇠나무,Acer?,pictum,36.03193449,126.7175692,12-L-01008
회잎나무,Euonymus,alatus,36.03193373,126.7175995,12-L-01009
팥배나무,Sorbus,alnifolia?,36.03192003,126.7175976,12-L-01010
느티나무,Zelkova,serrata,36.03192122,126.7176125,12-L-01011
생강나무,Lindera,obtusiloba,36.03191127,126.7176034,12-L-01012
개서어나무,Carpinus,tschonoskii,36.03189815,126.717595,12-L-01013
개서어나무,Carpinus,tschonoskii,36.0319005,126.7176141,12-L-01014
개서어나무,Carpinus,tschonoskii,36.03193636,126.7176113,12-L-01015
팥배나무,Sorbus,alnifolia?,36.03194308,126.7176038,12-L-01016
졸참나무,Quercus,serrata,36.03195379,126.7175966,12-L-01017
팥배나무,Sorbus,alnifolia?,36.03196142,126.7175936,12-L-01018
졸참나무,Quercus,serrata,36.03195876,126.7175676,12-L-01019
개서어나무,Carpinus,tschonoskii,36.0319489,126.7175407,12-L-01020
고로쇠나무,Acer?,pictum,36.03193936,126.7175057,12-L-01021
개서어나무,Carpinus,tschonoskii,36.03194215,126.7174983,12-L-01022
개서어나무,Carpinus,tschonoskii,36.03196375,126.7175186,12-L-01023
피나무,Tilia,amurensis,36.03197611,126.7175082,12-L-01024
느티나무,Zelkova,serrata,36.03197612,126.7175538,12-L-01025
팥배나무,Sorbus,alnifolia?,36.03197386,126.7175726,12-L-01026
팥배나무,Sorbus,alnifolia?,36.03197685,126.7176102,12-L-01027
때죽나무,Styrax,japonicus,36.03198674,126.7175964,12-L-01028
때죽나무,Styrax,japonicus,36.0319975,126.7175939,12-L-01029
팥배나무,Sorbus,alnifolia?,36.03201852,126.7176043,12-L-01030
가래나무,Juglans,mandshurica,36.03200894,126.7175958,12-L-01031
팥배나무,Sorbus,alnifolia?,36.03200804,126.7175774,12-L-01032
졸참나무,Quercus,serrata,36.03202277,126.7175805,12-L-01033
개서어나무,Carpinus,tschonoskii,36.0320114,126.7175557,12-L-01034
때죽나무,Styrax,japonicus,36.03198912,126.7175071,12-L-01035
쇠물푸레,Fraxinus,sieboldiana,36.03199485,126.717487,12-L-01036
느티나무,Zelkova,serrata,36.03201625,126.7174953,12-L-01037
느티나무,Zelkova,serrata,36.0320229,126.7174858,12-L-01038
나도밤나무,Meliosma,myriantha,36.03201755,126.7175298,12-L-01039
졸참나무,Quercus,serrata,36.03201581,126.7175387,12-L-01040
고로쇠나무,Acer?,pictum,36.03201171,126.7175694,12-L-01041
팥배나무,Sorbus,alnifolia?,36.03201652,126.7176029,12-L-01042
팥배나무,Sorbus,alnifolia?,36.03202818,126.7176008,12-L-01043
개서어나무,Carpinus,tschonoskii,36.03203586,126.7175881,12-L-01044
팥배나무,Sorbus,alnifolia?,36.03205385,126.7175852,12-L-01045
개서어나무,Carpinus,tschonoskii,36.03204496,126.7175638,12-L-01046
개서어나무,Carpinus,tschonoskii,36.03203216,126.7175604,12-L-01047
개서어나무,Carpinus,tschonoskii,36.03203475,126.7175468,12-L-01048
졸참나무,Quercus,serrata,36.03204319,126.7175418,12-L-01049
개서어나무,Carpinus,tschonoskii,36.03205368,126.7175261,12-L-01050
개서어나무,Carpinus,tschonoskii,36.03205065,126.7174869,12-L-01051
느티나무,Zelkova,serrata,36.03206143,126.7174729,12-L-01052
노린재나무,Symplocos,sawafutagi,36.03207,126.7174757,12-L-01053
때죽나무,Styrax,japonicus,36.03208335,126.7174681,12-L-01054
개서어나무,Carpinus,tschonoskii,36.03208768,126.7174792,12-L-01055
개서어나무,Carpinus,tschonoskii,36.03208106,126.7174857,12-L-01056
개서어나무,Carpinus,tschonoskii,36.03208301,126.7175108,12-L-01057
개서어나무,Carpinus,tschonoskii,36.03207948,126.7175238,12-L-01058
개서어나무,Carpinus,tschonoskii,36.03207902,126.7175344,12-L-01059
개서어나무,Carpinus,tschonoskii,36.03207014,126.7175481,12-L-01060
고로쇠나무,Acer?,pictum,36.03207946,126.7175557,12-L-01061
졸참나무,Quercus,serrata,36.03207582,126.7175759,12-L-01062
개서어나무,Carpinus,tschonoskii,36.03208097,126.7176013,12-L-01063
졸참나무,Quercus,serrata,36.03208724,126.7175836,12-L-01064
개서어나무,Carpinus,tschonoskii,36.03210096,126.7175868,12-L-01065
개서어나무,Carpinus,tschonoskii,36.0321075,126.7175746,12-L-01066
느티나무,Zelkova,serrata,36.03212492,126.7175072,12-L-01067
사람주나무,Neoshirakia,japonica,36.03211928,126.7174863,12-L-01068
때죽나무,Styrax,japonicus,36.03212206,126.7174739,12-L-01069
개서어나무,Carpinus,tschonoskii,36.03213859,126.7174448,12-L-01070
단풍나무,Acer,palmatum,36.03214338,126.7174654,12-L-01071
난티잎개암나무,Corylus,heterophylla?,36.03215456,126.7174541,12-L-01072
개서어나무,Carpinus,tschonoskii,36.03216451,126.7174397,12-L-01073
개서어나무,Carpinus,tschonoskii,36.03216996,126.7174617,12-L-01074
때죽나무,Styrax,japonicus,36.03217357,126.7174461,12-L-01075
고로쇠나무,Acer?,pictum,36.03218644,126.7174367,12-L-01076
느티나무,Zelkova,serrata,36.03221999,126.7174422,12-L-01077
느티나무,Zelkova,serrata,36.03216651,126.7174831,12-L-01084
느티나무,Zelkova,serrata,36.03214837,126.7174854,12-L-01085
졸참나무,Quercus,serrata,36.03216889,126.7175136,12-L-01086
층층나무,Cornus,controversa,36.03216136,126.7175292,12-L-01087
개서어나무,Carpinus,tschonoskii,36.03216701,126.717546,12-L-01089
때죽나무,Styrax,japonicus,36.03216859,126.7175552,12-L-01090
개서어나무,Carpinus,tschonoskii,36.03216045,126.7175675,12-L-01091
고로쇠나무,Acer?,pictum,36.03215109,126.7175552,12-L-01092
개서어나무,Carpinus,tschonoskii,36.03214046,126.7175626,12-L-01093
개서어나무,Carpinus,tschonoskii,36.03215038,126.717583,12-L-01094
개서어나무,Carpinus,tschonoskii,36.03213158,126.7175944,12-L-01095
때죽나무,Styrax,japonicus,36.0321287,126.717596,12-L-01096
느티나무,Zelkova,serrata,36.03216289,126.7176063,12-L-01097
느티나무,Zelkova,serrata,36.03217611,126.7176002,12-L-01098
졸참나무,Quercus,serrata,36.03217726,126.7175901,12-L-01099
물푸레나무,Fraxinus,rhynchophylla,36.032194,126.7176136,12-L-01100
때죽나무,Styrax,japonicus,36.03220311,126.7176065,12-L-01101
산벚나무,Prunus,sargentii,36.03220101,126.7175656,12-L-01102
개서어나무,Carpinus,tschonoskii,36.03219635,126.7175588,12-L-01103
당단풍나무,Acer,pseudosieboldianum,36.03218783,126.7175604,12-L-01104
당단풍나무,Acer,pseudosieboldianum,36.03220675,126.7175401,12-L-01105
개서어나무,Carpinus,tschonoskii,36.03220498,126.7175217,12-L-01106
느티나무,Zelkova,serrata,36.03224082,126.7175123,12-L-01107
느티나무,Zelkova,serrata,36.03222407,126.7175585,12-L-01108
개서어나무,Carpinus,tschonoskii,36.03222744,126.7175726,12-L-01109
느티나무,Zelkova,serrata,36.03223828,126.7175711,12-L-01110
졸참나무,Quercus,serrata,36.03223384,126.7175934,12-L-01111
때죽나무,Styrax,japonicus,36.03222685,126.7175949,12-L-01112
개서어나무,Carpinus,tschonoskii,36.03222303,126.7175871,12-L-01113
개서어나무,Carpinus,tschonoskii,36.03221768,126.717586,12-L-01114
개서어나무,Carpinus,tschonoskii,36.03221648,126.717606,12-L-01115
느티나무,Zelkova,serrata,36.03225771,126.7176125,12-L-01116
느티나무,Zelkova,serrata,36.03226415,126.7175971,12-L-01117
소나무,Pinus?,densiflora,36.03166982,126.7178594,12-L-01119
떡갈나무,Quercus,dentata,36.03168891,126.7178713,12-L-01120
떡갈나무,Quercus,dentata,36.0316887,126.7178721,12-L-01121
개서어나무,Carpinus,tschonoskii,36.03169179,126.7178602,12-L-01123
소나무,Pinus?,densiflora,36.03170094,126.7178651,12-L-01124
산딸나무,Cornus,kousa,36.03167974,126.7178462,12-L-01125
소나무,Pinus?,densiflora,36.03168377,126.7178064,12-L-01126
말오줌때,Euscaphis,japonica,36.03169077,126.7178108,12-L-01127
개옻나무,Toxicodendron,trichocarpum,36.0316836,126.717786,12-L-01128
물푸레나무,Fraxinus,rhynchophylla,36.03168221,126.7177865,12-L-01129
물푸레나무,Fraxinus,rhynchophylla,36.03168845,126.7178028,12-L-01130
소나무,Pinus?,densiflora,36.03167829,126.7177841,12-L-01131
물푸레나무,Fraxinus,rhynchophylla,36.03169968,126.7177922,12-L-01132
때죽나무,Styrax,japonicus,36.03170992,126.7177886,12-L-01133
가막살나무,Viburnum,dilatatum,36.03171484,126.7177682,12-L-01134
가막살나무,Viburnum,dilatatum,36.03170528,126.7177618,12-L-01135
소나무,Pinus?,densiflora,36.03172651,126.7177648,12-L-01136
산벚나무,Prunus,sargentii,36.0317507,126.7177761,12-L-01137
산벚나무,Prunus,sargentii,36.03172762,126.7177547,12-L-01138
소나무,Pinus?,densiflora,36.03174318,126.7177419,12-L-01139
생강나무,Lindera,obtusiloba,36.0317498,126.7177347,12-L-01140
생강나무,Lindera,obtusiloba,36.03175297,126.71774,12-L-01141
소나무,Pinus?,densiflora,36.03177276,126.7177298,12-L-01142
팥배나무,Sorbus,alnifolia?,36.03176861,126.7177126,12-L-01143
때죽나무,Styrax,japonicus,36.03177407,126.717705,12-L-01144
가막살나무,Viburnum,dilatatum,36.03180414,126.7177222,12-L-01145
팥배나무,Sorbus,alnifolia?,36.03179483,126.7177059,12-L-01146
산벚나무,Prunus,sargentii,36.03180106,126.7177174,12-L-01147
때죽나무,Styrax,japonicus,36.03181169,126.7177269,12-L-01148
가막살나무,Viburnum,dilatatum,36.03180874,126.7177343,12-L-01149
산벚나무,Prunus,sargentii,36.03179161,126.7177292,12-L-01150
가막살나무,Viburnum,dilatatum,36.03179767,126.7177391,12-L-01151
가막살나무,Viburnum,dilatatum,36.03180036,126.7177597,12-L-01152
졸참나무,Quercus,serrata,36.03179312,126.7177693,12-L-01153
소나무,Pinus?,densiflora,36.03177886,126.7177735,12-L-01154
산벚나무,Prunus,sargentii,36.0317591,126.7177839,12-L-01155
물푸레나무,Fraxinus,rhynchophylla,36.03175598,126.7177967,12-L-01156
말오줌때,Euscaphis,japonica,36.03174804,126.7177848,12-L-01157
가막살나무,Viburnum,dilatatum,36.0317432,126.7177952,12-L-01158
가막살나무,Viburnum,dilatatum,36.03174384,126.7177676,12-L-01159
산벚나무,Prunus,sargentii,36.03175281,126.7177662,12-L-01160
개옻나무,Toxicodendron,trichocarpum,36.03174485,126.7177631,12-L-01161
산벚나무,Prunus,sargentii,36.03173943,126.7177585,12-L-01162
물푸레나무,Fraxinus,rhynchophylla,36.03172812,126.7177687,12-L-01163
산벚나무,Prunus,sargentii,36.03173555,126.7177712,12-L-01164
물푸레나무,Fraxinus,rhynchophylla,36.03174349,126.7177863,12-L-01165
물푸레나무,Fraxinus,rhynchophylla,36.03174025,126.7177961,12-L-01166
물푸레나무,Fraxinus,rhynchophylla,36.03173109,126.7177926,12-L-01167
물푸레나무,Fraxinus,rhynchophylla,36.03174569,126.7177959,12-L-01168
소나무,Pinus?,densiflora,36.03173465,126.7177896,12-L-01169
졸참나무,Quercus,serrata,36.03173792,126.7178129,12-L-01170
졸참나무,Quercus,serrata,36.03174864,126.7178146,12-L-01172
산딸나무,Cornus,kousa,36.03174961,126.7178094,12-L-01173
팥배나무,Sorbus,alnifolia?,36.03171295,126.7178338,12-L-01175
팥배나무,Sorbus,alnifolia?,36.03174246,126.7178521,12-L-01176
때죽나무,Styrax,japonicus,36.03174111,126.7178585,12-L-01177
개서어나무,Carpinus,tschonoskii,36.03175955,126.7178756,12-L-01178
산딸나무,Cornus,kousa,36.03175198,126.7178721,12-L-01179
졸참나무,Quercus,serrata,36.03176073,126.717888,12-L-01180
소나무,Pinus?,densiflora,36.03177334,126.7178826,12-L-01181
소나무,Pinus?,densiflora,36.03174769,126.7178532,12-L-01182
때죽나무,Styrax,japonicus,36.03173649,126.7178426,12-L-01183
산딸나무,Cornus,kousa,36.03173173,126.7178454,12-L-01184
쇠물푸레,Fraxinus,sieboldiana,36.03174048,126.7178311,12-L-01185
쇠물푸레,Fraxinus,sieboldiana,36.0317531,126.7178282,12-L-01186
팥배나무,Sorbus,alnifolia?,36.03176407,126.7178063,12-L-01187
비목나무,Lindera,erythrocarpa,36.03175846,126.7177992,12-L-01188
개옻나무,Toxicodendron,trichocarpum,36.03175743,126.7177864,12-L-01189
말오줌때,Euscaphis,japonica,36.03176781,126.7177964,12-L-01190
때죽나무,Styrax,japonicus,36.03179481,126.7178054,12-L-01191
팥배나무,Sorbus,alnifolia?,36.03181617,126.71782,12-L-01192
산벚나무,Prunus,sargentii,36.03184219,126.7178178,12-L-01193
소나무,Pinus?,densiflora,36.031859,126.7178004,12-L-01194
말오줌때,Euscaphis,japonica,36.03179802,126.7177938,12-L-01195
가막살나무,Viburnum,dilatatum,36.0317988,126.7177764,12-L-01196
가막살나무,Viburnum,dilatatum,36.03181044,126.717789,12-L-01197
소나무,Pinus?,densiflora,36.03179582,126.717757,12-L-01200
팥배나무,Sorbus,alnifolia?,36.03178678,126.7177493,12-L-01201
팥배나무,Sorbus,alnifolia?,36.03178689,126.7177223,12-L-01202
팥배나무,Sorbus,alnifolia?,36.03174831,126.7177174,12-L-01203
팥배나무,Sorbus,alnifolia?,36.03177303,126.7176924,12-L-01204
소나무,Pinus?,densiflora,36.031806,126.7177021,12-L-01205
팥배나무,Sorbus,alnifolia?,36.03178788,126.7177025,12-L-01206
팥배나무,Sorbus,alnifolia?,36.03181646,126.7176952,12-L-01207
산벚나무,Prunus,sargentii,36.03181917,126.7177067,12-L-01208
팥배나무,Sorbus,alnifolia?,36.03180754,126.7177178,12-L-01209
때죽나무,Styrax,japonicus,36.03181318,126.7177476,12-L-01210
가막살나무,Viburnum,dilatatum,36.03177786,126.7177428,12-L-01211
음나무,Kalopanax,septemlobus,36.03181188,126.7177581,12-L-01212
소나무,Pinus?,densiflora,36.03180749,126.7177652,12-L-01213
말오줌때,Euscaphis,japonica,36.03179086,126.7177813,12-L-01214
물푸레나무,Fraxinus,rhynchophylla,36.03179213,126.7177907,12-L-01215
산벚나무,Prunus,sargentii,36.03175826,126.7178044,12-L-01216
때죽나무,Styrax,japonicus,36.0317615,126.7178087,12-L-01217
산벚나무,Prunus,sargentii,36.03175756,126.7178358,12-L-01218
산딸나무,Cornus,kousa,36.03175989,126.7178467,12-L-01219
개서어나무,Carpinus,tschonoskii,36.03174147,126.7178603,12-L-01220
산딸나무,Cornus,kousa,36.03175691,126.7178684,12-L-01221
말오줌때,Euscaphis,japonica,36.03175761,126.7178525,12-L-01222
산딸나무,Cornus,kousa,36.03176718,126.7178832,12-L-01223
산딸나무,Cornus,kousa,36.03177626,126.7178871,12-L-01224
말오줌때,Euscaphis,japonica,36.03180089,126.7178742,12-L-01225
산딸나무,Cornus,kousa,36.03178662,126.7178637,12-L-01226
팥배나무,Sorbus,alnifolia?,36.03179507,126.7178845,12-L-01227
소나무,Pinus?,densiflora,36.03180216,126.7178767,12-L-01229
팥배나무,Sorbus,alnifolia?,36.0318365,126.7178798,12-L-01230
산벚나무,Prunus,sargentii,36.031812,126.7178432,12-L-01231
팥배나무,Sorbus,alnifolia?,36.03181555,126.7178353,12-L-01233
소나무,Pinus?,densiflora,36.03183897,126.7178091,12-L-01234
쇠물푸레,Fraxinus,sieboldiana,36.03182608,126.7178016,12-L-01235
쇠물푸레,Fraxinus,sieboldiana,36.03182882,126.7178203,12-L-01236
쇠물푸레,Fraxinus,sieboldiana,36.03184116,126.7178326,12-L-01237
말오줌때,Euscaphis,japonica,36.03186019,126.7177978,12-L-01238
산벚나무,Prunus,sargentii,36.03183922,126.7177717,12-L-01239
물푸레나무,Fraxinus,rhynchophylla,36.03186001,126.7177943,12-L-01240
소나무,Pinus?,densiflora,36.03187524,126.7177784,12-L-01241
말오줌때,Euscaphis,japonica,36.03186558,126.7177611,12-L-01242
팥배나무,Sorbus,alnifolia?,36.03186219,126.7177606,12-L-01243
팥배나무,Sorbus,alnifolia?,36.03185825,126.7177508,12-L-01244
소나무,Pinus?,densiflora,36.03183573,126.717743,12-L-01245
팥배나무,Sorbus,alnifolia?,36.03183688,126.7177143,12-L-01246
소나무,Pinus?,densiflora,36.03185819,126.7176993,12-L-01247
산벚나무,Prunus,sargentii,36.03186888,126.7177055,12-L-01248
팥배나무,Sorbus,alnifolia?,36.0318818,126.7177134,12-L-01249
팥배나무,Sorbus,alnifolia?,36.03187318,126.717716,12-L-01250
덜꿩나무,Viburnum,erosum,36.03184514,126.717734,12-L-01251
덜꿩나무,Viburnum,erosum,36.03185451,126.717723,12-L-01252
덜꿩나무,Viburnum,erosum,36.03186775,126.7177166,12-L-01253
소나무,Pinus?,densiflora,36.03187029,126.7177406,12-L-01254
때죽나무,Styrax,japonicus,36.03188682,126.7177239,12-L-01255
팥배나무,Sorbus,alnifolia?,36.03190256,126.7177122,12-L-01256
팥배나무,Sorbus,alnifolia?,36.03190718,126.7177155,12-L-01257
소나무,Pinus?,densiflora,36.03190758,126.717691,12-L-01259
나도밤나무,Meliosma,myriantha?,36.03191564,126.7177201,12-L-01260
산뽕나무,Morus,bombycis?,36.03193332,126.717722,12-L-01261
산뽕나무,Morus,bombycis?,36.03193342,126.7177254,12-L-01262
산뽕나무,Morus,bombycis?,36.03192751,126.7177278,12-L-01263
생강나무,Lindera,obtusiloba,36.03191027,126.7177358,12-L-01264
음나무,Kalopanax,septemlobus,36.03190997,126.7177462,12-L-01265
산뽕나무,Morus,bombycis?,36.03190993,126.7177476,12-L-01266
물푸레나무,Fraxinus,rhynchophylla,36.03191551,126.7177454,12-L-01267
산뽕나무,Morus,bombycis?,36.03192467,126.7177504,12-L-01268
소나무,Pinus?,densiflora,36.03193162,126.7177624,12-L-01269
팥배나무,Sorbus,alnifolia?,36.03191136,126.7177702,12-L-01270
음나무,Kalopanax,septemlobus,36.03189613,126.717785,12-L-01271
팥배나무,Sorbus,alnifolia?,36.03188602,126.7177617,12-L-01272
정금나무,Vaccinium,oldhamii,36.03188629,126.71778,12-L-01273
말오줌때,Euscaphis,japonica,36.03188531,126.7177883,12-L-01274
산벚나무,Prunus,sargentii,36.03187022,126.7177998,12-L-01275
말오줌때,Euscaphis,japonica,36.03187974,126.7178092,12-L-01276
음나무,Kalopanax,septemlobus,36.03190272,126.7177965,12-L-01277
생강나무,Lindera,obtusiloba,36.03190647,126.7178044,12-L-01278
물푸레나무,Fraxinus,rhynchophylla,36.03189051,126.7178044,12-L-01279
물푸레나무,Fraxinus,rhynchophylla,36.0318908,126.7178134,12-L-01280
소나무,Pinus?,densiflora,36.0318951,126.7178256,12-L-01281
팥배나무,Sorbus,alnifolia?,36.03189311,126.7178364,12-L-01282
산뽕나무,Morus,bombycis?,36.03188461,126.7178445,12-L-01283
소나무,Pinus?,densiflora,36.0318924,126.717834,12-L-01284
굴피나무,Platycarya,strobilacea?,36.03188059,126.7178378,12-L-01285
졸참나무,Quercus,serrata,36.03188154,126.71783,12-L-01287
개옻나무,Toxicodendron,trichocarpum,36.03185832,126.7178351,12-L-01288
말오줌때,Euscaphis,japonica,36.0318583,126.7178412,12-L-01289
산벚나무,Prunus,sargentii,36.03184848,126.7178493,12-L-01290
산벚나무,Prunus,sargentii,36.03185515,126.7178497,12-L-01291
팥배나무,Sorbus,alnifolia?,36.0318588,126.7178459,12-L-01292
음나무,Kalopanax,septemlobus,36.03185682,126.717848,12-L-01293
음나무,Kalopanax,septemlobus,36.0318673,126.7178396,12-L-01294
음나무,Kalopanax,septemlobus,36.03189009,126.7178358,12-L-01295
음나무,Kalopanax,septemlobus,36.03186221,126.7178611,12-L-01297
소나무,Pinus?,densiflora,36.03186634,126.7178751,12-L-01302
쇠물푸레,Fraxinus,sieboldiana,36.03188262,126.7178851,12-L-01303
고로쇠나무,Acer,pictum,36.03189023,126.7178904,12-L-01304
산딸나무,Cornus,kousa,36.03188632,126.7178835,12-L-01305
산딸나무,Cornus,kousa,36.03187344,126.717879,12-L-01306
때죽나무,Styrax,japonicus,36.03187122,126.7178749,12-L-01307
졸참나무,Quercus,serrata,36.03186015,126.7178738,12-L-01308
소나무,Pinus?,densiflora,36.03187966,126.7178815,12-L-01309
팥배나무,Sorbus,alnifolia?,36.03186872,126.717889,12-L-01310
나도밤나무,Meliosma,myriantha,36.03186392,126.7178936,12-L-01311
산딸나무,Cornus,kousa,36.03184215,126.7179089,12-L-01312
산딸나무,Cornus,kousa,36.03182931,126.7179322,12-L-01313
산딸나무,Cornus,kousa,36.03182281,126.7179257,12-L-01314
산딸나무,Cornus,kousa,36.03182748,126.717936,12-L-01315
졸참나무,Quercus,serrata,36.0318396,126.7179308,12-L-01316
오동나무,Paulownia,coreana,36.03190001,126.7179184,12-L-01317
팥배나무,Sorbus,alnifolia?,36.03188459,126.7179133,12-L-01318
소나무,Pinus?,densiflora,36.03190475,126.7179138,12-L-01320
졸참나무,Quercus,serrata,36.03190271,126.7179079,12-L-01321
졸참나무,Quercus,serrata,36.03192244,126.7178837,12-L-01322
산벚나무,Prunus,sargentii,36.03194168,126.7178682,12-L-01323
덜꿩나무,Viburnum,erosum,36.03192673,126.7178531,12-L-01324
덜꿩나무,Viburnum,erosum,36.03193494,126.7178346,12-L-01325
덜꿩나무,Viburnum,erosum,36.03193273,126.7178592,12-L-01326
소나무,Pinus?,densiflora,36.03189496,126.7178709,12-L-01327
소나무,Pinus?,densiflora,36.03192728,126.7178279,12-L-01328
작살나무,Callicarpa,japonica,36.0319483,126.7177811,12-L-01329
물푸레나무,Fraxinus,rhynchophylla,36.03192972,126.7177925,12-L-01330
말오줌때,Euscaphis,japonica,36.03194582,126.7177633,12-L-01331
산벚나무,Prunus,sargentii,36.0319377,126.717768,12-L-01332
팥배나무,Sorbus,alnifolia?,36.03192454,126.7177663,12-L-01333
산벚나무,Prunus,sargentii,36.03193417,126.7177543,12-L-01334
나도밤나무,Meliosma,myriantha,36.03193398,126.717743,12-L-01335
음나무,Kalopanax,septemlobus,36.03193381,126.717734,12-L-01336
음나무,Kalopanax,septemlobus,36.03192814,126.7177257,12-L-01337
음나무,Kalopanax,septemlobus,36.03194199,126.7177244,12-L-01338
소나무,Pinus?,densiflora,36.03194799,126.7177313,12-L-01339
떡갈나무,Quercus,dentata,36.03194718,126.7177251,12-L-01340
팥배나무,Sorbus,alnifolia?,36.03194308,126.7177089,12-L-01341
팥배나무,Sorbus,alnifolia?,36.03193776,126.7177022,12-L-01342
가막살나무,Viburnum,dilatatum,36.03194432,126.7177099,12-L-01343
때죽나무,Styrax,japonicus,36.03193682,126.7177007,12-L-01344
때죽나무,Styrax,japonicus,36.03194667,126.7176887,12-L-01345
팥배나무,Sorbus,alnifolia?,36.03195668,126.7176828,12-L-01346
팥배나무,Sorbus,alnifolia?,36.03195471,126.7176825,12-L-01347
팥배나무,Sorbus,alnifolia?,36.03193345,126.7176787,12-L-01348
팥배나무,Sorbus,alnifolia?,36.03194541,126.7176715,12-L-01349
소나무,Pinus?,densiflora,36.03196369,126.7176872,12-L-01351
팥배나무,Sorbus,alnifolia?,36.03198255,126.7176561,12-L-01352
생강나무,Lindera,obtusiloba,36.03197768,126.7176405,12-L-01353
산뽕나무,Morus,bombycis?,36.03196076,126.7176279,12-L-01354
팥배나무,Sorbus,alnifolia?,36.03198229,126.7176314,12-L-01355
물푸레나무,Fraxinus,rhynchophylla,36.03199192,126.7176128,12-L-01357
물푸레나무,Fraxinus,rhynchophylla,36.03199924,126.7176198,12-L-01358
덜꿩나무,Viburnum,erosum,36.03200771,126.7176339,12-L-01359
팥배나무,Sorbus,alnifolia?,36.03200134,126.7176453,12-L-01360
산벚나무,Prunus,sargentii,36.03200459,126.7176605,12-L-01361
산벚나무,Prunus,sargentii,36.03201751,126.7176723,12-L-01362
산벚나무,Prunus,sargentii,36.03200614,126.7176838,12-L-01363
물푸레나무,Fraxinus,rhynchophylla,36.03199436,126.7176734,12-L-01364
물푸레나무,Fraxinus,rhynchophylla,36.03199407,126.7176743,12-L-01365
물푸레나무,Fraxinus,rhynchophylla,36.03199672,126.717682,12-L-01366
물푸레나무,Fraxinus,rhynchophylla,36.03199745,126.7176876,12-L-01367
소나무,Pinus?,densiflora,36.03199783,126.7176887,12-L-01368
덜꿩나무,Viburnum,erosum,36.0319957,126.7176911,12-L-01369
음나무,Kalopanax,septemlobus,36.03196442,126.7176883,12-L-01371
팥배나무,Sorbus,alnifolia?,36.03196313,126.717685,12-L-01372
소나무,Pinus?,densiflora,36.03197483,126.7177068,12-L-01373
비목나무,Lindera,erythrocarpa,36.03198283,126.7177043,12-L-01374
말오줌때,Euscaphis,japonica,36.03198408,126.7177061,12-L-01375
비목나무,Lindera,erythrocarpa,36.03199531,126.7176826,12-L-01376
산벚나무,Prunus,sargentii,36.031994,126.7177156,12-L-01377
말오줌때,Euscaphis,japonica,36.03198723,126.7177213,12-L-01378
팥배나무,Sorbus,alnifolia?,36.03198357,126.7177198,12-L-01379
팥배나무,Sorbus,alnifolia?,36.03198347,126.7177165,12-L-01380
팥배나무,Sorbus,alnifolia?,36.03198437,126.7177253,12-L-01381
팥배나무,Sorbus,alnifolia?,36.03198509,126.7177348,12-L-01382
물푸레나무,Fraxinus,rhynchophylla,36.0319813,126.7177449,12-L-01383
소나무,Pinus?,densiflora,36.03197905,126.7177473,12-L-01384
개옻나무,Toxicodendron,trichocarpum,36.03198159,126.7177541,12-L-01385
개옻나무,Toxicodendron,trichocarpum,36.03198751,126.7177558,12-L-01386
개옻나무,Toxicodendron,trichocarpum,36.03197813,126.7177604,12-L-01387
팥배나무,Sorbus,alnifolia?,36.03198772,126.7177521,12-L-01388
작살나무,Sorbus,alnifolia?,36.03199234,126.7177637,12-L-01389
비목나무,Lindera,erythrocarpa,36.03199053,126.7177762,12-L-01390
산뽕나무,Morus,bombycis?,36.03197645,126.717777,12-L-01391
팥배나무,Sorbus,alnifolia?,36.03195977,126.7177669,12-L-01392
산벚나무,Prunus,sargentii,36.03195667,126.7177421,12-L-01393
산벚나무,Prunus,sargentii,36.03192957,126.7177581,12-L-01394
팥배나무,Sorbus,alnifolia?,36.03195564,126.7177477,12-L-01395
팥배나무,Sorbus,alnifolia?,36.0319634,126.7177572,12-L-01396
팥배나무,Sorbus,alnifolia?,36.03196983,126.7177627,12-L-01397
산딸나무,Cornus,kousa,36.03196939,126.7177861,12-L-01398
팥배나무,Sorbus,alnifolia?,36.03196959,126.7177941,12-L-01399
팥배나무,Sorbus,alnifolia?,36.03198085,126.717789,12-L-01400
산벚나무,Prunus,sargentii,36.03199171,126.7178108,12-L-01401
팥배나무,Sorbus,alnifolia?,36.03198556,126.7178155,12-L-01402
팥배나무,Sorbus,alnifolia?,36.03199062,126.7178155,12-L-01403
소나무,Pinus?,densiflora,36.03198626,126.7178312,12-L-01404
졸참나무,Quercus,serrata,36.0319605,126.717827,12-L-01405
물푸레나무,Fraxinus,rhynchophylla,36.03197527,126.7178318,12-L-01406
산딸나무,Cornus,kousa,36.03197969,126.7178552,12-L-01407
산벚나무,Prunus,sargentii,36.03199292,126.7178563,12-L-01408
나도밤나무,Meliosma,myriantha,36.03199356,126.7178638,12-L-01409
소나무,Pinus?,densiflora,36.03197485,126.7178681,12-L-01410
산딸나무,Cornus,kousa,36.03195761,126.7178862,12-L-01411
때죽나무,Styrax,japonicus,36.03195289,126.7178931,12-L-01412
팥배나무,Sorbus,alnifolia?,36.0319326,126.717883,12-L-01413
산딸나무,Cornus,kousa,36.0319163,126.7179002,12-L-01414
덜꿩나무,Viburnum,erosum,36.0319128,126.7179115,12-L-01415
가막살나무,Viburnum,dilatatum,36.03191985,126.717913,12-L-01416
가막살나무,Viburnum,dilatatum,36.03194153,126.7178849,12-L-01417
덜꿩나무,Viburnum,erosum,36.0319212,126.7179149,12-L-01418
덜꿩나무,Viburnum,erosum,36.03192471,126.7179184,12-L-01419
물푸레나무,Fraxinus,rhynchophylla,36.03194718,126.7179169,12-L-01420
물푸레나무,Fraxinus,rhynchophylla,36.03195201,126.7179186,12-L-01421
졸참나무,Quercus,serrata,36.0319603,126.7179356,12-L-01422
산딸나무,Cornus,kousa,36.03193459,126.7179114,12-L-01423
소나무,Pinus?,densiflora,36.03194977,126.7179095,12-L-01424
고로쇠나무,Acer,pictum,36.0319513,126.7178996,12-L-01425
쇠물푸레,Fraxinus,sieboldiana,36.03196211,126.717886,12-L-01426
말오줌때,Euscaphis,japonica,36.03196956,126.7178955,12-L-01427
산딸나무,Cornus,kousa,36.03197646,126.7179019,12-L-01428
소나무,Pinus?,densiflora,36.03198748,126.7179086,12-L-01429
산딸나무,Cornus,kousa,36.03197977,126.7179224,12-L-01430
모감주나무,Koelreuteria,paniculata,36.03198309,126.7179212,12-L-01431
소나무,Pinus?,densiflora,36.03200649,126.7179155,12-L-01433
팥배나무,Sorbus,alnifolia?,36.03199743,126.7179036,12-L-01434
산딸나무,Cornus,kousa,36.03199599,126.7178855,12-L-01435
나도밤나무,Meliosma,myriantha,36.03200654,126.7178893,12-L-01436
붉나무,Rhus,?javanica,36.03201663,126.7178917,12-L-01437
산벚나무,Prunus,sargentii,36.03202889,126.7179005,12-L-01439
정금나무,Vaccinium,oldhamii?,36.03202068,126.717876,12-L-01440
산딸나무,Cornus,kousa,36.03202265,126.717873,12-L-01441
쇠물푸레,Fraxinus,sieboldiana,36.03201463,126.7178625,12-L-01442
쇠물푸레,Fraxinus,sieboldiana,36.03200766,126.7178601,12-L-01443
산딸나무,Cornus,kousa,36.03200184,126.7178659,12-L-01444
산벚나무,Prunus,sargentii,36.03201375,126.7178498,12-L-01445
소나무,Pinus?,densiflora,36.03202251,126.7178513,12-L-01446
비목나무,Lindera,erythrocarpa,36.03201674,126.7178218,12-L-01447
생강나무,Lindera,obtusiloba,36.03201471,126.7178189,12-L-01448
작살나무,Callicarpa,japonica,36.032029,126.7178114,12-L-01449
개옻나무,Toxicodendron,trichocarpum,36.03202173,126.7177938,12-L-01450
개옻나무,Toxicodendron,trichocarpum,36.03200517,126.7177901,12-L-01451
소나무,Pinus?,densiflora,36.03202132,126.7177855,12-L-01452
개옻나무,Toxicodendron,trichocarpum,36.03203422,126.7177712,12-L-01453
갈참나무,Quercus,aliena,36.0320414,126.7177822,12-L-01454
소나무,Pinus?,densiflora,36.03204876,126.7177813,12-L-01455
붉나무,Rhus,?javanica,36.0320388,126.717765,12-L-01456
산뽕나무,Morus,bombycis?,36.03203025,126.7177534,12-L-01457
개옻나무,Toxicodendron,trichocarpum,36.03202545,126.7177604,12-L-01458
감태나무,Lindera,glauca,36.03201675,126.7177477,12-L-01459
팥배나무,Sorbus,alnifolia?,36.03201672,126.7177377,12-L-01460
가막살나무,Viburnum,dilatatum,36.03201533,126.7177389,12-L-01461
소나무,Pinus?,densiflora,36.03202237,126.7177241,12-L-01462
산벚나무,Prunus,sargentii,36.03202191,126.7177054,12-L-01463
생강나무,Lindera,obtusiloba,36.03202778,126.7176871,12-L-01464
생강나무,Lindera,obtusiloba,36.0320297,126.7176732,12-L-01465
생강나무,Lindera,obtusiloba,36.03203357,126.7176685,12-L-01466
산벚나무,Prunus,sargentii,36.03201725,126.7176535,12-L-01467
산벚나무,Prunus,sargentii,36.03202197,126.7176475,12-L-01469
당단풍나무,Acer,pseudosieboldianum,36.03203617,126.7176567,12-L-01470
생강나무,Lindera,obtusiloba,36.03203586,126.7176793,12-L-01472
산벚나무,Prunus,sargentii,36.03204417,126.7176821,12-L-01473
산벚나무,Prunus,sargentii,36.03204197,126.7176765,12-L-01474
생강나무,Lindera,obtusiloba,36.0320499,126.7176683,12-L-01475
산딸나무,Cornus,kousa,36.03205188,126.7176605,12-L-01476
물푸레나무,Fraxinus,rhynchophylla,36.03205327,126.7176528,12-L-01477
오동나무,Paulownia,coreana,36.03205276,126.7176351,12-L-01479
오동나무,Paulownia,coreana,36.03204948,126.7176369,12-L-01480
팥배나무,Sorbus,alnifolia?,36.0320339,126.7176248,12-L-01482
음나무,Kalopanax,septemlobus,36.03202308,126.7176384,12-L-01483
가막살나무,Viburnum,dilatatum,36.03201483,126.71764,12-L-01484
물푸레나무,Fraxinus,rhynchophylla,36.03201571,126.7176279,12-L-01485
물푸레나무,Fraxinus,rhynchophylla,36.03202405,126.7176276,12-L-01487
물푸레나무,Fraxinus,rhynchophylla,36.03202351,126.7176228,12-L-01488
물푸레나무,Fraxinus,rhynchophylla,36.03201573,126.7176228,12-L-01491
개옻나무,Toxicodendron,trichocarpum,36.03201224,126.7176192,12-L-01492
물푸레나무,Fraxinus,rhynchophylla,36.03202491,126.7176228,12-L-01493
팥배나무,Sorbus,alnifolia?,36.0320584,126.7176167,12-L-01496
고로쇠나무,Acer?,pictum,36.03206793,126.7176548,12-L-01500
팥배나무,Sorbus,alnifolia?,36.03208062,126.7176431,12-L-01501
팥배나무,Sorbus,alnifolia?,36.03208079,126.7176206,12-L-01502
개옻나무,Toxicodendron,trichocarpum,36.03208889,126.7176216,12-L-01503
팥배나무,Sorbus,alnifolia?,36.0320964,126.7176249,12-L-01504
팥배나무,Sorbus,alnifolia?,36.03209696,126.7176493,12-L-01505
소나무,Pinus?,densiflora,36.03209203,126.7176742,12-L-01506
덜꿩나무,Viburnum,erosum,36.03208287,126.7176813,12-L-01507
말오줌때,Euscaphis,japonica,36.03207204,126.717678,12-L-01508
음나무,Kalopanax,septemlobus,36.03207215,126.717695,12-L-01509
생강나무,Lindera,obtusiloba,36.03206422,126.7176926,12-L-01510
생강나무,Lindera,obtusiloba,36.03206047,126.7176854,12-L-01511
소나무,Pinus?,densiflora,36.03205422,126.7176964,12-L-01512
물푸레나무,Fraxinus,rhynchophylla,36.03206607,126.7177054,12-L-01513
소나무,Pinus?,densiflora,36.03207852,126.7177133,12-L-01514
팥배나무,Sorbus,alnifolia?,36.03205707,126.7177159,12-L-01515
굴참나무,Quercus,variabilis,36.03204724,126.7177169,12-L-01516
대팻집나무,Ilex,macropoda,36.03204187,126.7177268,12-L-01517
말오줌때,Euscaphis,japonica,36.0320452,126.7177307,12-L-01518
나도밤나무,Meliosma?,myriantha,36.03203472,126.7177504,12-L-01519
소나무,Pinus?,densiflora,36.03204433,126.7177533,12-L-01520
산벚나무,Prunus,sargentii,36.03204524,126.717747,12-L-01521
가막살나무,Viburnum,dilatatum,36.03206261,126.7177276,12-L-01522
소나무,Pinus?,densiflora,36.03208556,126.7177405,12-L-01524
물푸레나무,Fraxinus,rhynchophylla,36.03206988,126.7177449,12-L-01525
물푸레나무,Fraxinus,rhynchophylla,36.03206899,126.7177553,12-L-01526
물푸레나무,Fraxinus,rhynchophylla,36.03205932,126.717762,12-L-01527
개옻나무,Toxicodendron,trichocarpum,36.03205287,126.7177619,12-L-01528
개옻나무,Toxicodendron,trichocarpum,36.0320497,126.7177636,12-L-01529
음나무,Kalopanax,septemlobus,36.03204717,126.7177682,12-L-01530
산벚나무,Prunus,sargentii,36.03205464,126.7177714,12-L-01531
산벚나무,Prunus,sargentii,36.03205679,126.717785,12-L-01532
물푸레나무,Fraxinus,rhynchophylla,36.03205949,126.7177791,12-L-01533
소나무,Pinus?,densiflora,36.03207799,126.717772,12-L-01534
산벚나무,Prunus,sargentii,36.03207885,126.7177837,12-L-01535
산벚나무,Prunus,sargentii,36.03206403,126.7177843,12-L-01536
산벚나무,Prunus,sargentii,36.0320766,126.7177919,12-L-01537
소나무,Pinus?,densiflora,36.03205863,126.7178007,12-L-01538
졸참나무,Quercus,serrata,36.03206583,126.7177897,12-L-01539
산벚나무,Prunus,sargentii,36.03204228,126.7177904,12-L-01541
생강나무,Lindera,obtusiloba,36.03204422,126.7178175,12-L-01542
소나무,Pinus?,densiflora,36.0320456,126.7178366,12-L-01543
산벚나무,Prunus,sargentii,36.0320547,126.7178303,12-L-01544
산벚나무,Prunus,sargentii,36.03205837,126.7178093,12-L-01545
산벚나무,Prunus,sargentii,36.03206582,126.7178238,12-L-01546
물푸레나무,Fraxinus,rhynchophylla,36.03207385,126.7178223,12-L-01547
산딸나무,Cornus,kousa,36.03207864,126.7178237,12-L-01548
말오줌때,Euscaphis,japonica,36.03207975,126.7178589,12-L-01550
산딸나무,Cornus,kousa,36.0320702,126.7178553,12-L-01551
산딸나무,Cornus,kousa,36.03207492,126.7178526,12-L-01552
생강나무,Lindera,obtusiloba,36.03206553,126.7178496,12-L-01553
소나무,Pinus?,densiflora,36.03207035,126.7178768,12-L-01554
덜꿩나무,Viburnum,erosum,36.03207645,126.7178793,12-L-01555
산딸나무,Cornus,kousa,36.03204158,126.7178706,12-L-01556
물푸레나무,Fraxinus,rhynchophylla,36.03204623,126.7178594,12-L-01557
물푸레나무,Fraxinus,rhynchophylla,36.03204396,126.7178592,12-L-01558
산딸나무,Cornus,kousa,36.03203554,126.7178565,12-L-01559
쇠물푸레,Fraxinus,sieboldiana,36.03203848,126.717878,12-L-01560
덜꿩나무,Viburnum,erosum,36.03204427,126.7178787,12-L-01561
소나무,Pinus?,densiflora,36.03203533,126.7178903,12-L-01562
졸참나무,Quercus,serrata,36.03202977,126.7179136,12-L-01563
물푸레나무,Fraxinus,rhynchophylla,36.03201657,126.7179263,12-L-01564
모감주나무,Koelreuteria,paniculata,36.03202389,126.7179348,12-L-01565
모감주나무,Koelreuteria,paniculata,36.03203701,126.7179353,12-L-01566
산딸나무,Cornus,kousa,36.03203967,126.7179232,12-L-01567
때죽나무,Styrax,japonicus,36.03205046,126.7179292,12-L-01568
팥배나무,Sorbus,alnifolia?,36.03204541,126.7179108,12-L-01569
산벚나무,Prunus,sargentii,36.0320614,126.7179045,12-L-01570
산딸나무,Cornus,kousa,36.03207129,126.7179124,12-L-01571
산벚나무,Prunus,sargentii,36.03207676,126.7179,12-L-01572
소나무,Pinus?,densiflora,36.032084,126.717902,12-L-01573
산벚나무,Prunus,sargentii,36.0320901,126.7179258,12-L-01574
상수리나무,Quercus,acutissima,36.03211543,126.7179078,12-L-01575
산딸나무,Cornus,kousa,36.03212605,126.7179098,12-L-01576
소나무,Pinus?,densiflora,36.0321283,126.7179019,12-L-01577
산딸나무,Cornus,kousa,36.03213952,126.7179182,12-L-01578
나도밤나무,Meliosma,myriantha,36.03215403,126.7179119,12-L-01579
산딸나무,Cornus,kousa,36.03213317,126.7178931,12-L-01580
대팻집나무,Ilex,macropoda,36.03213086,126.7178913,12-L-01581
팥배나무,Sorbus,alnifolia?,36.03213411,126.7178834,12-L-01582
팥배나무,Sorbus,alnifolia?,36.03212873,126.7178779,12-L-01583
팥배나무,Sorbus,alnifolia?,36.03213987,126.7178466,12-L-01584
산딸나무,Cornus,kousa,36.03209108,126.7178918,12-L-01585
소나무,Pinus?,densiflora,36.03208609,126.7178885,12-L-01586
소나무,Pinus?,densiflora,36.03209421,126.7178596,12-L-01587
정금나무,Vaccinium,oldhamii?,36.03210198,126.7178329,12-L-01588
정금나무,Vaccinium,oldhamii?,36.03210748,126.7178265,12-L-01589
가막살나무,Viburnum,dilatatum,36.03210204,126.7178246,12-L-01590
가막살나무,Viburnum,dilatatum,36.03209838,126.717819,12-L-01591
소나무,Pinus?,densiflora,36.03211083,126.7178057,12-L-01592
갈참나무,Quercus,aliena,36.03211561,126.7178027,12-L-01593
음나무,Kalopanax,septemlobus,36.0320926,126.7178011,12-L-01594
물푸레나무,Fraxinus,rhynchophylla,36.03209044,126.7177916,12-L-01595
말오줌때,Euscaphis,japonica?,36.03208054,126.7177865,12-L-01596
물푸레나무,Fraxinus,rhynchophylla,36.03208884,126.7177913,12-L-01597
말오줌때,Euscaphis,japonica?,36.03209558,126.7177721,12-L-01598
물푸레나무,Fraxinus,rhynchophylla,36.03209889,126.7177838,12-L-01599
물푸레나무,Fraxinus,rhynchophylla,36.03209365,126.717778,12-L-01600
물푸레나무,Fraxinus,rhynchophylla,36.03210029,126.7177821,12-L-01601
물푸레나무,Fraxinus,rhynchophylla,36.03209874,126.7177844,12-L-01602
덜꿩나무,Viburnum,erosum,36.03209543,126.7177633,12-L-01603
물푸레나무,Fraxinus,rhynchophylla,36.03210181,126.7177609,12-L-01604
생강나무,Lindera,obtusiloba,36.03210374,126.7177688,12-L-01605
소나무,Pinus?,densiflora,36.03213569,126.7177755,12-L-01607
쇠물푸레,Fraxinus,sieboldiana,36.03210539,126.7177482,12-L-01608
물푸레나무,Fraxinus,rhynchophylla,36.03210312,126.7177422,12-L-01609
말오줌때,Euscaphis,japonica?,36.03209947,126.7177335,12-L-01610
나도밤나무,Meliosma,myriantha,36.0321073,126.7177251,12-L-01611
물푸레나무,Fraxinus,rhynchophylla,36.03210932,126.7177231,12-L-01612
소나무,Pinus?,densiflora,36.03212239,126.7177246,12-L-01613
팥배나무,Sorbus,alnifolia?,36.03212564,126.7177338,12-L-01614
팥배나무,Sorbus,alnifolia?,36.03212858,126.7177262,12-L-01615
팥배나무,Sorbus,alnifolia?,36.03213445,126.7177294,12-L-01616
나도밤나무,Meliosma,myriantha,36.03212997,126.7177394,12-L-01617
팥배나무,Sorbus,alnifolia?,36.03213804,126.7177317,12-L-01618
팥배나무,Sorbus,alnifolia?,36.03215619,126.7177309,12-L-01619
산딸나무,Cornus,kousa,36.03215518,126.7177175,12-L-01621
음나무,Kalopanax,septemlobus,36.03213723,126.7177112,12-L-01622
물푸레나무,Fraxinus,rhynchophylla,36.03212575,126.717708,12-L-01623
팥배나무,Sorbus,alnifolia?,36.03210128,126.7177132,12-L-01624
팥배나무,Sorbus,alnifolia?,36.03210012,126.7176968,12-L-01625
덜꿩나무,Viburnum,erosum,36.0321081,126.7176948,12-L-01626
소나무,Pinus?,densiflora,36.03212544,126.717682,12-L-01627
소나무,Pinus?,densiflora,36.03213156,126.7176766,12-L-01628
팥배나무,Sorbus,alnifolia?,36.03212999,126.7176561,12-L-01629
팥배나무,Sorbus,alnifolia?,36.03210516,126.7176406,12-L-01630
산뽕나무,Morus,bombycis,36.03212619,126.717639,12-L-01631
산뽕나무,Morus,bombycis,36.03213998,126.7176178,12-L-01632
물푸레나무,Fraxinus,rhynchophylla,36.03213582,126.7176412,12-L-01633
물푸레나무,Fraxinus,rhynchophylla,36.03214149,126.7176352,12-L-01634
개옻나무,Toxicodendron,trichocarpum,36.03217431,126.7176325,12-L-01635
소나무,Pinus?,densiflora,36.03218694,126.7176306,12-L-01636
생강나무,Lindera,obtusiloba,36.03218353,126.7176489,12-L-01639
나도밤나무,Meliosma,myriantha,36.03217114,126.7176547,12-L-01640
소나무,Pinus?,densiflora,36.03216722,126.7176545,12-L-01641
물푸레나무,Fraxinus,rhynchophylla,36.03217034,126.7176721,12-L-01642
때죽나무,Styrax,japonicus,36.03216896,126.7176695,12-L-01643
산벚나무,Prunus,sargentii,36.03217914,126.71767,12-L-01644
느티나무,Zelkova,serrata?,36.03217173,126.7176885,12-L-01645
덜꿩나무,Viburnum,erosum,36.03215347,126.7176919,12-L-01647
소나무,Pinus?,densiflora,36.03215806,126.7177084,12-L-01648
산딸나무,Cornus,kousa,36.03216946,126.7177233,12-L-01649
산딸나무,Cornus,kousa,36.03216918,126.7177289,12-L-01650
소나무,Pinus,densiflora,36.03217549,126.717741,12-L-01652
졸참나무,Quercus,serrata,36.03218399,126.7177609,12-L-01653
생강나무,Lindera,obtusiloba,36.03220381,126.7177712,12-L-01654
소나무,Pinus,densiflora,36.03219582,126.7177824,12-L-01655
덜꿩나무,Viburnum,erosum,36.0321918,126.7178021,12-L-01656
비목나무,Lindera,erythrocarpa,36.03218724,126.7178062,12-L-01657
때죽나무,Styrax,japonicus,36.03218324,126.71781,12-L-01658
산벚나무,Prunus,sargentii,36.03218135,126.7178051,12-L-01659
두릅나무,Aralia,elata,36.03216808,126.7178171,12-L-01660
소나무,Pinus,densiflora,36.03216082,126.7178168,12-L-01661
물푸레나무,Fraxinus,rhynchophylla,36.03214342,126.7178316,12-L-01662
물푸레나무,Fraxinus,rhynchophylla,36.03213751,126.7178294,12-L-01663
쪽동백나무,Styrax,obassia,36.03213661,126.7178121,12-L-01664
산벚나무,Prunus,sargentii,36.03214408,126.717804,12-L-01665
쪽동백나무,Styrax,obassia,36.03215423,126.7178386,12-L-01666
생강나무,Lindera,obtusiloba,36.03215954,126.7178428,12-L-01667
생강나무,Lindera,obtusiloba,36.03216783,126.7178463,12-L-01668
생강나무,Lindera,obtusiloba,36.03216647,126.7178359,12-L-01669
졸참나무,Quercus,serrata,36.03216251,126.7178281,12-L-01670
쪽동백나무,Styrax,obassia,36.03217251,126.7178343,12-L-01672
산벚나무,Prunus,sargentii,36.0321757,126.7178755,12-L-01673
말오줌때,Euscaphis,japonica,36.03215413,126.7178726,12-L-01674
소나무,Pinus,densiflora,36.03216485,126.7178935,12-L-01675
나도밤나무,Meliosma,myriantha,36.03218329,126.7178866,12-L-01677
산딸나무,Cornus,kousa,36.03217569,126.7179246,12-L-01678
산딸나무,Cornus,kousa,36.0321762,126.7179251,12-L-01679
산벚나무,Prunus,sargentii,36.03217741,126.717936,12-L-01680
소나무,Pinus,densiflora,36.03217846,126.7179367,12-L-01681
산딸나무,Cornus,kousa,36.03218107,126.7179329,12-L-01682
산벚나무,Prunus,sargentii,36.03218003,126.7179281,12-L-01683
산딸나무,Cornus,kousa,36.0321918,126.7179357,12-L-01684
산딸나무,Cornus,kousa,36.03219542,126.7179233,12-L-01685
산딸나무,Cornus,kousa,36.0322099,126.7179376,12-L-01686
산딸나무,Cornus,kousa,36.03221276,126.7179266,12-L-01687
산딸나무,Cornus,kousa,36.03222329,126.7179184,12-L-01688
산딸나무,Cornus,kousa,36.03223206,126.7179256,12-L-01689
산벚나무,Prunus,sargentii,36.03223721,126.7179445,12-L-01690
산딸나무,Cornus,kousa,36.03224376,126.7179497,12-L-01691
산딸나무,Cornus,kousa,36.0322332,126.717925,12-L-01692
소나무,Pinus,densiflora,36.03223126,126.7178989,12-L-01693
팥배나무,Sorbus,alnifolia,36.03221282,126.7178802,12-L-01694
팥배나무,Sorbus,alnifolia,36.03221221,126.7178936,12-L-01695
물푸레나무,Fraxinus,rhynchophylla,36.03220452,126.7178887,12-L-01696
때죽나무,Styrax,japonicus,36.03220211,126.7178871,12-L-01697
소나무,Pinus,densiflora,36.03220696,126.7178748,12-L-01698
산초나무,Zanthoxylum,schinifolium,36.03221203,126.7178717,12-L-01699
산벚나무,Prunus,sargentii,36.03220338,126.7178695,12-L-01700
개옻나무,Toxicodendron,trichocarpum,36.03219919,126.7178726,12-L-01701
말오줌때,Euscaphis,japonica,36.03219699,126.7178523,12-L-01702
산벚나무,Prunus,sargentii,36.0322162,126.7178435,12-L-01703
소나무,Pinus,densiflora,36.03220903,126.7178163,12-L-01704
산벚나무,Prunus,sargentii,36.03218897,126.7178271,12-L-01705
두릅나무,Aralia,elata,36.03219644,126.7178236,12-L-01706
물푸레나무,Fraxinus,rhynchophylla,36.03222496,126.7178156,12-L-01707
쇠물푸레,Fraxinus,sieboldiana,36.03222299,126.7178246,12-L-01708
쇠물푸레,Fraxinus,sieboldiana,36.03222253,126.7178356,12-L-01709
쇠물푸레,Fraxinus,sieboldiana,36.03221828,126.7178505,12-L-01710
덜꿩나무,Viburnum,erosum,36.03223087,126.717853,12-L-01711
덜꿩나무,Viburnum,erosum,36.03223374,126.7178511,12-L-01712
물푸레나무,Fraxinus,rhynchophylla,36.03223891,126.7178314,12-L-01713
말오줌때,Euscaphis,japonica,36.03224236,126.7178279,12-L-01714
굴참나무,Quercus,variabilis,36.03224101,126.7178394,12-L-01715
소나무,Pinus,densiflora,36.03225313,126.7178465,12-L-01716
졸참나무,Quercus,serrata,36.0322581,126.7178419,12-L-01717
산딸나무,Cornus,kousa,36.03225692,126.7178219,12-L-01718
생강나무,Lindera,obtusiloba,36.03224592,126.7178155,12-L-01719
물푸레나무,Fraxinus,rhynchophylla,36.03226559,126.7178144,12-L-01720
쪽동백나무,Styrax,obassia,36.03226215,126.7177858,12-L-01722
두릅나무,Aralia,elata,36.03225968,126.7177918,12-L-01723
소나무,Pinus,densiflora,36.03225387,126.7177839,12-L-01724
산벚나무,Prunus,sargentii,36.03226624,126.717784,12-L-01725
소나무,Pinus,densiflora,36.03227269,126.7177936,12-L-01726
졸참나무,Quercus,serrata,36.03227589,126.7177916,12-L-01727
산딸나무,Cornus,kousa,36.03227287,126.7177861,12-L-01728
음나무,Kalopanax,septemlobus,36.03228386,126.7177798,12-L-01729
소나무,Pinus,densiflora,36.03229215,126.7177643,12-L-01730
물푸레나무,Fraxinus,rhynchophylla,36.03228189,126.7177612,12-L-01731
물푸레나무,Fraxinus,rhynchophylla,36.03227537,126.7177647,12-L-01732
물푸레나무,Fraxinus,rhynchophylla,36.0322719,126.7177597,12-L-01733
물푸레나무,Fraxinus,rhynchophylla,36.03226937,126.7177611,12-L-01734
물푸레나무,Fraxinus,rhynchophylla,36.03228393,126.7177458,12-L-01735
물푸레나무,Fraxinus,rhynchophylla,36.03228594,126.7177398,12-L-01736
소나무,Pinus,densiflora,36.03227913,126.7177359,12-L-01737
물푸레나무,Fraxinus,rhynchophylla,36.03228183,126.7177576,12-L-01738
물푸레나무,Fraxinus,rhynchophylla,36.03227897,126.7177641,12-L-01739
물푸레나무,Fraxinus,rhynchophylla,36.03227005,126.7177655,12-L-01740
덜꿩나무,Viburnum,erosum,36.03226607,126.7177706,12-L-01741
산벚나무,Prunus,sargentii,36.0322621,126.7177734,12-L-01743
산벚나무,Prunus,sargentii,36.03225349,126.7177607,12-L-01744
산벚나무,Prunus,sargentii,36.03225252,126.7177553,12-L-01746
산벚나무,Prunus,sargentii,36.03224895,126.7177593,12-L-01747
산벚나무,Prunus,sargentii,36.03226218,126.7177658,12-L-01748
생강나무,Lindera,obtusiloba,36.03224851,126.7177786,12-L-01749
생강나무,Lindera,obtusiloba,36.03224476,126.7177731,12-L-01751
생강나무,Lindera,obtusiloba,36.03223572,126.7177723,12-L-01752
산벚나무,Prunus,sargentii,36.03223827,126.717773,12-L-01753
덜꿩나무,Viburnum,erosum,36.03223124,126.7177709,12-L-01754
소나무,Pinus,densiflora,36.03223787,126.717756,12-L-01755
물푸레나무,Fraxinus,rhynchophylla,36.03224376,126.7177507,12-L-01756
물푸레나무,Fraxinus,rhynchophylla,36.03225449,126.7177483,12-L-01757
비목나무,Lindera,erythrocarpa,36.03223693,126.7177292,12-L-01759
개옻나무,Toxicodendron,trichocarpum,36.03223505,126.7177391,12-L-01760
비목나무,Lindera,erythrocarpa,36.03223175,126.7177399,12-L-01761
말오줌때,Euscaphis,japonica,36.03223166,126.7177539,12-L-01762
산벚나무,Prunus,sargentii,36.03221422,126.7177589,12-L-01763
개옻나무,Toxicodendron,trichocarpum,36.03219476,126.7177665,12-L-01764
물푸레나무,Fraxinus,rhynchophylla,36.03218516,126.7177456,12-L-01765
팥배나무,Sorbus,alnifolia,36.03218858,126.7177362,12-L-01766
팥배나무,Sorbus,alnifolia,36.03218797,126.7177353,12-L-01767
팥배나무,Sorbus,alnifolia,36.03218676,126.7177369,12-L-01768
산벚나무,Prunus,sargentii,36.0321974,126.7177083,12-L-01769
소나무,Pinus,densiflora,36.0322057,126.7176869,12-L-01770
정금나무,Vaccinium,oldhamii,36.03220706,126.717663,12-L-01771
산뽕나무,Morus,bombycis,36.03220577,126.7176552,12-L-01772
소나무,Pinus,densiflora,36.03221407,126.717649,12-L-01773
산뽕나무,Morus,bombycis,36.03220204,126.7176601,12-L-01774
졸참나무,Quercus,serrata,36.03222557,126.7176599,12-L-01775
소나무,Pinus,densiflora,36.03224624,126.7176623,12-L-01776
산딸나무,Cornus,kousa,36.03222929,126.7176959,12-L-01777
팥배나무,Sorbus,alnifolia,36.03225441,126.7176926,12-L-01778
소나무,Pinus,densiflora,36.03224974,126.7177069,12-L-01779
소나무,Pinus,densiflora,36.03221734,126.7177219,12-L-01780
소나무,Pinus,densiflora,36.03227305,126.7176991,12-L-01781
산딸나무,Cornus,kousa,36.03227938,126.7176878,12-L-01782
산딸나무,Cornus,kousa,36.03229435,126.7176929,12-L-01783
말오줌때,Euscaphis,japonica,36.03230657,126.7176916,12-L-01784
작살나무,Callicarpa,japonica,36.03231443,126.7176875,12-L-01785
물푸레나무,Fraxinus,rhynchophylla,36.03231424,126.717702,12-L-01786
나도밤나무,Meliosma,myriantha,36.03231861,126.717716,12-L-01787
물푸레나무,Fraxinus,rhynchophylla,36.03232541,126.7177178,12-L-01788
밤나무,Castanea,crenata,36.03231707,126.7177138,12-L-01789
생강나무,Lindera,obtusiloba,36.0322865,126.7177026,12-L-01790
생강나무,Lindera,obtusiloba,36.03228741,126.7177056,12-L-01791
두릅나무,Aralia,elata,36.03227483,126.7177058,12-L-01792
때죽나무,Styrax,japonicus,36.03227923,126.7177193,12-L-01793
물푸레나무,Fraxinus,rhynchophylla,36.03228108,126.7177332,12-L-01794
산딸나무,Cornus,kousa,36.03228811,126.7177354,12-L-01795
소나무,Pinus,densiflora,36.03229452,126.7177148,12-L-01796
때죽나무,Styrax,japonicus,36.03230256,126.7177196,12-L-01797
때죽나무,Styrax,japonicus,36.03230318,126.7177356,12-L-01798
때죽나무,Styrax,japonicus,36.0322976,126.7177404,12-L-01799
산딸나무,Cornus,kousa,36.03229455,126.7177389,12-L-01800
말오줌때,Euscaphis,japonica,36.03229426,126.7177619,12-L-01801
말오줌때,Euscaphis,japonica,36.03231056,126.7177521,12-L-01802
음나무,Kalopanax,septemlobus,36.03231103,126.7177579,12-L-01803
말오줌때,Euscaphis,japonica,36.03232884,126.7177681,12-L-01804
소나무,Pinus,densiflora,36.03232632,126.7177659,12-L-01805
개암나무,Corylus,heterophylla,36.03232117,126.7177783,12-L-01806
산딸나무,Cornus,kousa,36.0323031,126.7177817,12-L-01807
소나무,Pinus,densiflora,36.03229983,126.7177961,12-L-01808
산뽕나무,Morus,bombycis,36.03230702,126.7177915,12-L-01809
산딸나무,Cornus,kousa,36.03232311,126.7177878,12-L-01810
산딸나무,Cornus,kousa,36.03235058,126.7177491,12-L-01811
산벚나무,Prunus,sargentii,36.03235037,126.7177593,12-L-01812
졸참나무,Quercus,serrata,36.03235457,126.7177674,12-L-01813
소나무,Pinus,densiflora,36.0323671,126.7177861,12-L-01814
산딸나무,Cornus,kousa,36.03231565,126.7178095,12-L-01815
때죽나무,Styrax,japonicus,36.03231491,126.7178235,12-L-01816
팥배나무,Sorbus,alnifolia,36.03231934,126.7178319,12-L-01817
팥배나무,Sorbus,alnifolia,36.03230799,126.7178329,12-L-01818
소나무,Pinus,densiflora,36.03230118,126.7178328,12-L-01819
고로쇠나무,Acer,pictum,36.03226784,126.7178336,12-L-01820
소나무,Pinus,densiflora,36.03228549,126.7178667,12-L-01821
산벚나무,Prunus,sargentii,36.03226962,126.7178738,12-L-01822
소나무,Pinus,densiflora,36.03225863,126.7179172,12-L-01823
졸참나무,Quercus,serrata,36.03225776,126.7179175,12-L-01824
산딸나무,Cornus,kousa,36.03229,126.7179031,12-L-01825
백당나무,Viburnum,opulus,36.0322967,126.7179263,12-L-01826
덜꿩나무,Viburnum,erosum,36.03230683,126.7179195,12-L-01827
소나무,Pinus,densiflora,36.03230879,126.7178925,12-L-01829
산딸나무,Cornus,kousa,36.03231505,126.7178725,12-L-01830
소나무,Pinus,densiflora,36.03232244,126.7178755,12-L-01831
음나무,Kalopanax,septemlobus,36.03232468,126.7178841,12-L-01832
소나무,Pinus,densiflora,36.03236406,126.7178859,12-L-01833
산딸나무,Cornus,kousa,36.03235374,126.7178473,12-L-01834
말오줌때,Euscaphis,japonica,36.03234235,126.7178308,12-L-01835
소나무,Pinus,densiflora,36.03235737,126.7178272,12-L-01836
붉나무,Rhus,javanica,36.03236215,126.7178352,12-L-01837
소나무,Pinus,densiflora,36.0323723,126.7178143,12-L-01838
히어리,Corylopsis,glabrescens,36.03238269,126.7177971,12-L-01839
소나무,Pinus,densiflora,36.03239372,126.7178046,12-L-01840
히어리,Corylopsis,glabrescens,36.03239058,126.7178185,12-L-01841
히어리,Corylopsis,glabrescens,36.03240192,126.7178255,12-L-01842
소나무,Pinus,densiflora,36.03239302,126.7178455,12-L-01843
모감주나무,Koelreuteria,paniculata,36.03237963,126.717887,12-L-01844
모감주나무,Koelreuteria,paniculata,36.03239584,126.7178842,12-L-01845
소나무,Pinus,densiflora,36.03241798,126.7179041,12-L-01846
모감주나무,Koelreuteria,paniculata,36.03241957,126.7178848,12-L-01847
소나무,Pinus,densiflora,36.03241306,126.7178528,12-L-01848
히어리,Corylopsis,glabrescens,36.03240992,126.7178759,12-L-01849
소나무,Pinus,densiflora,36.0324318,126.717878,12-L-01850
소나무,Pinus,densiflora,36.03241973,126.7178989,12-L-01851
소나무,Pinus,densiflora,36.03244007,126.7178837,12-L-01852
소나무,Pinus,densiflora,36.03244358,126.7178495,12-L-01853
소나무,Pinus,densiflora,36.03246618,126.7178742,12-L-01854
소나무,Pinus,densiflora,36.03248689,126.717865,12-L-01855
소나무,Pinus,densiflora,36.03250297,126.7178558,12-L-01856
소나무,Pinus,densiflora,36.03248479,126.7178301,12-L-01857
소나무,Pinus,densiflora,36.03250646,126.7178285,12-L-01858
소나무,Pinus,densiflora,36.03250251,126.7178009,12-L-01859
노각나무,Stewartia,koreana,36.0325098,126.7177803,12-L-01860
소나무,Pinus,densiflora,36.03251902,126.7178044,12-L-01861
소나무,Pinus,densiflora,36.03254836,126.717814,12-L-01862
모감주나무,Koelreuteria,paniculata,36.03254431,126.717788,12-L-01863
모감주나무,Koelreuteria,paniculata,36.0325777,126.7177905,12-L-01864
모감주나무,Koelreuteria,paniculata,36.0325692,126.7177855,12-L-01865
모감주나무,Koelreuteria,paniculata,36.0325846,126.717775,12-L-01866
소나무,Pinus,densiflora,36.03254953,126.7177755,12-L-01867
소나무,Pinus,densiflora,36.03253539,126.7177754,12-L-01868
소나무,Pinus,densiflora,36.03251984,126.7177724,12-L-01869
졸참나무,Quercus,serrata,36.03255441,126.7177432,12-L-01870
때죽나무,Styrax,japonicus,36.03254362,126.7177289,12-L-01873
때죽나무,Styrax,japonicus,36.0325443,126.7177171,12-L-01874
때죽나무,Styrax,japonicus,36.03255478,126.7177161,12-L-01875
때죽나무,Styrax,japonicus,36.03256171,126.717749,12-L-01876
때죽나무,Styrax,japonicus,36.03256943,126.7177089,12-L-01877
때죽나무,Styrax,japonicus,36.0325578,126.7177108,12-L-01878
때죽나무,Styrax,japonicus,36.03256473,126.7177291,12-L-01879
때죽나무,Styrax,japonicus,36.03256951,126.7177113,12-L-01880
때죽나무,Styrax,japonicus,36.03257369,126.717684,12-L-01881
소나무,Pinus,densiflora,36.03256473,126.717701,12-L-01883
갈참나무,Quercus,aliena,36.03253258,126.7176808,12-L-01884
팥배나무,Sorbus,alnifolia,36.03255652,126.7176801,12-L-01885
팥배나무,Sorbus,alnifolia,36.03252545,126.7176114,12-L-01886
소나무,Pinus,densiflora,36.03251453,126.7176826,12-L-01887
산딸나무,Cornus,kousa,36.03251938,126.7176962,12-L-01888
산딸나무,Cornus,kousa,36.032524,126.7176613,12-L-01889
산딸나무,Cornus,kousa,36.03254083,126.7176399,12-L-01890
소나무,Pinus,densiflora,36.03254353,126.7176444,12-L-01891
덜꿩나무,Viburnum,erosum,36.03253071,126.7176386,12-L-01892
덜꿩나무,Viburnum,erosum,36.03252984,126.7176146,12-L-01893
덜꿩나무,Viburnum,erosum,36.03252529,126.7176229,12-L-01894
덜꿩나무,Viburnum,erosum,36.03256113,126.7176188,12-L-01895
산벚나무,Prunus,sargentii,36.0325158,126.7176496,12-L-01898
산벚나무,Prunus,sargentii,36.03251134,126.7176449,12-L-01899
산벚나무,Prunus,sargentii,36.03249634,126.7176653,12-L-01900
물푸레나무,Fraxinus,rhynchophylla,36.03250431,126.7176262,12-L-01901
물푸레나무,Fraxinus,rhynchophylla,36.03249407,126.7176701,12-L-01902
소나무,Pinus,densiflora,36.03249585,126.7176606,12-L-01903
산딸나무,Cornus,kousa,36.03252026,126.7176027,12-L-01904
산딸나무,Cornus,kousa,36.03253044,126.7175786,12-L-01905
때죽나무,Styrax,japonicus,36.03252931,126.7176054,12-L-01906
팥배나무,Sorbus,alnifolia,36.03253129,126.7176083,12-L-01907
비목나무,Lindera,erythrocarpa,36.0325085,126.7175965,12-L-01908
비목나무,Lindera,erythrocarpa,36.03253692,126.7175605,12-L-01909
소나무,Pinus,densiflora,36.0325336,126.7175875,12-L-01910
덜꿩나무,Viburnum,erosum,36.0325051,126.7176013,12-L-01911
팥배나무,Sorbus,alnifolia,36.03249746,126.7175861,12-L-01913
덜꿩나무,Viburnum,erosum,36.03248958,126.7175893,12-L-01914
덜꿩나무,Viburnum,erosum,36.03249265,126.7175923,12-L-01915
덜꿩나무,Viburnum,erosum,36.03248654,126.7175773,12-L-01916
산벚나무,Prunus,sargentii,36.03247582,126.7175673,12-L-01917
팥배나무,Sorbus,alnifolia,36.03249687,126.7175814,12-L-01918
쇠물푸레,Fraxinus,sieboldiana,36.03251366,126.717559,12-L-01920
검양옻나무,Toxicodendron,succedaneum,36.0325172,126.7175565,12-L-01921
검양옻나무,Toxicodendron,succedaneum,36.03250826,126.717532,12-L-01922
검양옻나무,Toxicodendron,succedaneum,36.03251129,126.7175556,12-L-01923
검양옻나무,Toxicodendron,succedaneum,36.03249739,126.7175541,12-L-01924
물푸레나무,Fraxinus,rhynchophylla,36.03248073,126.7175298,12-L-01925
물푸레나무,Fraxinus,rhynchophylla,36.03248094,126.71753,12-L-01926
물푸레나무,Fraxinus,rhynchophylla,36.03248583,126.7175368,12-L-01927
물푸레나무,Fraxinus,rhynchophylla,36.03248554,126.7175345,12-L-01928
팥배나무,Sorbus,alnifolia,36.0324841,126.7175475,12-L-01929
때죽나무,Styrax,japonicus,36.03247515,126.7175442,12-L-01930
비목나무,Lindera,erythrocarpa,36.03247783,126.7175472,12-L-01931
붉나무,Rhus,javanica,36.03248383,126.7175412,12-L-01933
붉나무,Rhus,javanica,36.03248532,126.7175417,12-L-01934
붉나무,Rhus,javanica,36.03248894,126.7175202,12-L-01935
붉나무,Rhus,javanica,36.03248245,126.7175079,12-L-01936
개서어나무,Carpinus,tschonoskii,36.03249002,126.7175154,12-L-01937
붉나무,Rhus,javanica,36.03249083,126.7175231,12-L-01938
합다리나무,Meliosma,oldhamii,36.03249232,126.7175163,12-L-01939
팥배나무,Sorbus,alnifolia,36.03249506,126.7175331,12-L-01940
개서어나무,Carpinus,tschonoskii,36.03249802,126.7175126,12-L-01941
붉나무,Rhus,javanica,36.0325115,126.7175096,12-L-01942
붉나무,Rhus,javanica,36.03249533,126.7175161,12-L-01943
붉나무,Rhus,javanica,36.03252985,126.7175408,12-L-01945
팥배나무,Sorbus,alnifolia,36.03253402,126.717518,12-L-01946
개서어나무,Carpinus,tschonoskii,36.03251714,126.7174903,12-L-01947
개서어나무,Carpinus,tschonoskii,36.03251937,126.717486,12-L-01948
개서어나무,Carpinus,tschonoskii,36.03252117,126.7174784,12-L-01949
개서어나무,Carpinus,tschonoskii,36.03252536,126.7175039,12-L-01950
개서어나무,Carpinus,tschonoskii,36.03252697,126.7174896,12-L-01951
개서어나무,Carpinus,tschonoskii,36.03253242,126.7174883,12-L-01952
피나무,Tilia,amurensis,36.03255201,126.7174876,12-L-01953
팥배나무,Sorbus,alnifolia,36.03255792,126.7174994,12-L-01955
산벚나무,Prunus,sargentii,36.03254415,126.7175215,12-L-01956
물푸레나무,Fraxinus,rhynchophylla,36.03253939,126.7175684,12-L-01958
소나무,Pinus,densiflora,36.03255282,126.7175569,12-L-01959
덜꿩나무,Viburnum,erosum,36.0325533,126.7175078,12-L-01961
팥배나무,Sorbus,alnifolia,36.03255013,126.7175348,12-L-01962
산벚나무,Prunus,sargentii,36.03256163,126.7175246,12-L-01963
소나무,Pinus,densiflora,36.03260694,126.7175892,12-L-01964
붉나무,Rhus,javanica,36.0325995,126.7175767,12-L-01965
붉나무,Rhus,javanica,36.03260353,126.7175694,12-L-01966
붉나무,Rhus,javanica,36.03254925,126.7175986,12-L-01967
덜꿩나무,Viburnum,erosum,36.03259347,126.7175838,12-L-01968
덜꿩나무,Viburnum,erosum,36.03257692,126.7175667,12-L-01971
붉나무,Rhus,javanica,36.03256165,126.7175776,12-L-01972
팥배나무,Sorbus,alnifolia,36.03255345,126.7175733,12-L-01973
물푸레나무,Fraxinus,rhynchophylla,36.03254519,126.7175759,12-L-01974
소나무,Pinus,densiflora,36.03251745,126.7175577,12-L-01978
덜꿩나무,Viburnum,erosum,36.03252031,126.7176183,12-L-01979
산딸나무,Cornus,kousa,36.03254736,126.7176285,12-L-01980
덜꿩나무,Viburnum,erosum,36.03256469,126.7176375,12-L-01981
팥배나무,Sorbus,alnifolia,36.03256451,126.7176139,12-L-01982
산벚나무,Prunus,sargentii,36.03254872,126.717614,12-L-01983
붉나무,Rhus,javanica,36.0325842,126.7175887,12-L-01984
붉나무,Rhus,javanica,36.03258527,126.7175942,12-L-01985
소나무,Pinus,densiflora,36.03260933,126.7175905,12-L-01987
붉나무,Rhus,javanica,36.03261262,126.717593,12-L-01988
소나무,Pinus,densiflora,36.03262436,126.7175556,12-L-01989
산딸나무,Cornus,kousa,36.03262276,126.7176029,12-L-01990
물푸레나무,Fraxinus,rhynchophylla,36.03263274,126.7175885,12-L-01991
물푸레나무,Fraxinus,rhynchophylla,36.03261109,126.7175918,12-L-01992
검양옻나무,Toxicodendron,succedaneum,36.03259879,126.7176067,12-L-01993
검양옻나무,Toxicodendron,succedaneum,36.03260073,126.7176237,12-L-01994
물푸레나무,Fraxinus,rhynchophylla,36.03262442,126.7175953,12-L-01995
팥배나무,Sorbus,alnifolia,36.0325809,126.7176195,12-L-01996
팥배나무,Sorbus,alnifolia,36.0325691,126.7176484,12-L-01997
팥배나무,Sorbus,alnifolia,36.0325501,126.7176333,12-L-01998
물푸레나무,Fraxinus,rhynchophylla,36.03254326,126.7176593,12-L-01999
팥배나무,Sorbus,alnifolia,36.03256953,126.7176648,12-L-02000
팥배나무,Sorbus,alnifolia,36.03284116,126.7174572,12-L-02001
검양옻나무,Toxicodendron,succedaneum,36.0328485,126.7174475,12-L-02002
비목나무,Lindera,erythrocarpa,36.03284465,126.7174371,12-L-02003
비목나무,Lindera,erythrocarpa,36.03281726,126.7174551,12-L-02004
가막살나무,Viburnum,dilatatum,36.03281441,126.7174121,12-L-02005
검양옻나무,Toxicodendron,succedaneum,36.03281715,126.7174275,12-L-02006
팥배나무,Sorbus,alnifolia,36.03281837,126.717448,12-L-02007
팥배나무,Sorbus,alnifolia,36.03278482,126.7174394,12-L-02011
가막살나무,Viburnum,dilatatum,36.03277856,126.71742,12-L-02012
가막살나무,Viburnum,dilatatum,36.0327558,126.7174371,12-L-02013
팥배나무,Sorbus,alnifolia,36.03274813,126.7174334,12-L-02014
때죽나무,Styrax,japonicus,36.03272779,126.7174143,12-L-02015
개서어나무,Carpinus,tschonoskii,36.03275264,126.7173971,12-L-02017
고로쇠나무,Acer,pictum,36.03274118,126.7173764,12-L-02019
개서어나무,Carpinus,tschonoskii,36.0327637,126.7173707,12-L-02020
당단풍나무,Acer,pseudosieboldianum,36.03275824,126.7173833,12-L-02023
개서어나무,Carpinus,tschonoskii,36.03277598,126.7174238,12-L-02024
물푸레나무,Fraxinus,rhynchophylla,36.03278498,126.7174385,12-L-02025
물푸레나무,Fraxinus,rhynchophylla,36.03278884,126.7174456,12-L-02026
팥배나무,Sorbus,alnifolia,36.0327991,126.717428,12-L-02028
개서어나무,Carpinus,tschonoskii,36.03278529,126.7174063,12-L-02029
피나무,Tilia,amurensis,36.03278458,126.7173994,12-L-02030
산벚나무,Prunus,sargentii,36.03277785,126.7174055,12-L-02031
산벚나무,Prunus,sargentii,36.03277462,126.717366,12-L-02032
산벚나무,Prunus,sargentii,36.03280929,126.7173965,12-L-02034
팥배나무,Sorbus,alnifolia,36.03282417,126.7173837,12-L-02036
산벚나무,Prunus,sargentii,36.03279962,126.7173662,12-L-02037
개서어나무,Carpinus,tschonoskii,36.03279772,126.7173557,12-L-02038
산벚나무,Prunus,sargentii,36.03282095,126.7173617,12-L-02039
고로쇠나무,Acer,pictum,36.03283887,126.7173645,12-L-02040
팥배나무,Sorbus,alnifolia,36.03283926,126.7173788,12-L-02042
가막살나무,Viburnum,dilatatum,36.03284411,126.7174054,12-L-02043
팥배나무,Sorbus,alnifolia,36.03284023,126.7174314,12-L-02044
생강나무,Lindera,obtusiloba,36.03284247,126.7174333,12-L-02045
생강나무,Lindera,obtusiloba,36.03286953,126.717418,12-L-02046
팥배나무,Sorbus,alnifolia,36.03285057,126.7174136,12-L-02047
때죽나무,Styrax,japonicus,36.03286344,126.7173861,12-L-02050
산벚나무,Prunus,sargentii,36.03285881,126.7173777,12-L-02051
산벚나무,Prunus,sargentii,36.03285128,126.7173501,12-L-02052
산벚나무,Prunus,sargentii,36.03286963,126.7173468,12-L-02053
개서어나무,Carpinus,tschonoskii,36.03286439,126.7173583,12-L-02054
개서어나무,Carpinus,tschonoskii,36.03286891,126.7173608,12-L-02055
생강나무,Lindera,obtusiloba,36.0328703,126.7173953,12-L-02056
노각나무,Stewartia,koreana,36.03289361,126.7173924,12-L-02057
팥배나무,Sorbus,alnifolia,36.03288494,126.7174132,12-L-02058
물푸레나무,Fraxinus,rhynchophylla,36.03289898,126.7174073,12-L-02059
산벚나무,Prunus,sargentii,36.03288571,126.7174253,12-L-02060
가막살나무,Viburnum,dilatatum,36.03288615,126.7174339,12-L-02061
때죽나무,Styrax,japonicus,36.03288052,126.7174362,12-L-02062
물푸레나무,Fraxinus,rhynchophylla,36.03286639,126.7174322,12-L-02063
때죽나무,Styrax,japonicus,36.03290608,126.7174337,12-L-02064
팥배나무,Sorbus,alnifolia,36.03287036,126.7174439,12-L-02065
팥배나무,Sorbus,alnifolia,36.03285678,126.717457,12-L-02066
층층나무,Cornus,controversa,36.03285125,126.7174782,12-L-02067
팥배나무,Sorbus,alnifolia,36.03286808,126.717474,12-L-02068
팥배나무,Sorbus,alnifolia,36.03286885,126.7174882,12-L-02069
팥배나무,Sorbus,alnifolia,36.03288847,126.7174947,12-L-02070
팥배나무,Sorbus,alnifolia,36.03288641,126.7175011,12-L-02071
팥배나무,Sorbus,alnifolia,36.03287847,126.7175082,12-L-02072
팥배나무,Sorbus,alnifolia,36.03287671,126.7175213,12-L-02073
팥배나무,Sorbus,alnifolia,36.03287105,126.7175445,12-L-02074
쪽동백나무,Styrax,obassia,36.03287493,126.7175511,12-L-02075
팥배나무,Sorbus,alnifolia,36.03287593,126.7175369,12-L-02076
팥배나무,Sorbus,alnifolia,36.0329036,126.7175245,12-L-02077
쪽동백나무,Styrax,obassia,36.03291174,126.717529,12-L-02078
팥배나무,Sorbus,alnifolia,36.03292175,126.7175109,12-L-02079
팥배나무,Sorbus,alnifolia,36.03291462,126.7175147,12-L-02080
때죽나무,Styrax,japonicus,36.03290642,126.7174969,12-L-02081
팥배나무,Sorbus,alnifolia,36.03290464,126.7174836,12-L-02082
팥배나무,Sorbus,alnifolia,36.0329037,126.7174891,12-L-02083
팥배나무,Sorbus,alnifolia,36.03291348,126.7174807,12-L-02084
가막살나무,Viburnum,dilatatum,36.03290492,126.7174645,12-L-02085
산벚나무,Prunus,sargentii,36.03290672,126.7174562,12-L-02086
산벚나무,Prunus,sargentii,36.03290649,126.7174724,12-L-02087
팥배나무,Sorbus,alnifolia,36.03290461,126.7174523,12-L-02088
산벚나무,Prunus,sargentii,36.03291226,126.7174608,12-L-02089
노린재나무,Symplocos,sawafutagi,36.03289439,126.7174948,12-L-02090
덜꿩나무,Viburnum,erosum,36.03288747,126.7174846,12-L-02091
덜꿩나무,Viburnum,erosum,36.0328866,126.7174885,12-L-02092
팥배나무,Sorbus,alnifolia,36.03291672,126.71743,12-L-02093
노린재나무,Symplocos,sawafutagi,36.03291617,126.717412,12-L-02094
느티나무,Zelkova,serrata,36.03290186,126.7173917,12-L-02095
개서어나무,Carpinus,tschonoskii,36.03290881,126.717384,12-L-02096
개서어나무,Carpinus,tschonoskii,36.03289927,126.7173705,12-L-02097
산벚나무,Prunus,sargentii,36.0329105,126.717362,12-L-02098
산벚나무,Prunus,sargentii,36.0328921,126.717358,12-L-02099
개서어나무,Carpinus,tschonoskii,36.03288635,126.7173616,12-L-02100
소나무,Pinus,densiflora,36.03289118,126.7173514,12-L-02101
팥배나무,Sorbus,alnifolia,36.03290359,126.7173397,12-L-02102
산딸나무,Cornus,kousa,36.03290454,126.7173426,12-L-02103
덜꿩나무,Viburnum,erosum,36.03290524,126.7173544,12-L-02104
덜꿩나무,Viburnum,erosum,36.03291667,126.7173306,12-L-02105
소나무,Pinus,densiflora,36.03292956,126.7173368,12-L-02106
물푸레나무,Fraxinus,rhynchophylla,36.03291837,126.7173536,12-L-02107
물푸레나무,Fraxinus,rhynchophylla,36.03291149,126.7173701,12-L-02108
물푸레나무,Fraxinus,rhynchophylla,36.03292562,126.7173679,12-L-02109
물푸레나무,Fraxinus,rhynchophylla,36.03294005,126.7174272,12-L-02110
산벚나무,Prunus,sargentii,36.03291674,126.7174585,12-L-02111
소나무,Pinus,densiflora,36.03291323,126.7174773,12-L-02112
소나무,Pinus,densiflora,36.03291793,126.7174868,12-L-02113
산벚나무,Prunus,sargentii,36.03294826,126.7175195,12-L-02115
산벚나무,Prunus,sargentii,36.03294664,126.7174885,12-L-02116
소나무,Pinus,densiflora,36.03297236,126.7174802,12-L-02117
소나무,Pinus,densiflora,36.03292175,126.7174652,12-L-02121
소나무,Pinus,densiflora,36.03294405,126.717391,12-L-02122
소나무,Pinus,densiflora,36.03295564,126.7173747,12-L-02123
개암나무,Corylus,heterophylla,36.03296407,126.7173679,12-L-02124
소나무,Pinus,densiflora,36.03293398,126.7173654,12-L-02125
팥배나무,Sorbus,alnifolia,36.03294342,126.717335,12-L-02126
때죽나무,Styrax,japonicus,36.03296693,126.7173314,12-L-02127
소나무,Pinus,densiflora,36.03296999,126.7173383,12-L-02128
노각나무,Stewartia,koreana,36.03298747,126.7173539,12-L-02129
자귀나무,Albizia,julibrissin,36.03297268,126.7173687,12-L-02130
노각나무,Stewartia,koreana,36.03298574,126.7173805,12-L-02131
노각나무,Stewartia,koreana,36.03297424,126.7173972,12-L-02132
소나무,Pinus,densiflora,36.03298865,126.7174504,12-L-02133
소나무,Pinus,densiflora,36.03298125,126.7174561,12-L-02134
팥배나무,Sorbus,alnifolia,36.03299189,126.7174692,12-L-02135
소나무,Pinus,densiflora,36.03299588,126.7174809,12-L-02136
팥배나무,Sorbus,alnifolia,36.03300505,126.7174643,12-L-02137
산벚나무,Prunus,sargentii,36.03299599,126.7174625,12-L-02138
소나무,Pinus,densiflora,36.03298686,126.7174539,12-L-02139
산벚나무,Prunus,sargentii,36.03301491,126.7174257,12-L-02140
덜꿩나무,Viburnum,erosum,36.03299787,126.7173883,12-L-02141
멀구슬나무,Melia,azedarach,36.03302046,126.717383,12-L-02142
소나무,Pinus,densiflora,36.03299773,126.7173498,12-L-02143
산딸나무,Cornus,kousa,36.03300574,126.7173341,12-L-02144
산딸나무,Cornus,kousa,36.03300152,126.717314,12-L-02145
소나무,Pinus,densiflora,36.03301093,126.7173405,12-L-02146
덜꿩나무,Viburnum,erosum,36.03303083,126.7173398,12-L-02147
덜꿩나무,Viburnum,erosum,36.0330363,126.7173624,12-L-02148
소나무,Pinus,densiflora,36.03301748,126.717374,12-L-02149
산딸나무,Cornus,kousa,36.03303657,126.717433,12-L-02153
팥배나무,Sorbus,alnifolia,36.03304043,126.7174501,12-L-02154
물푸레나무,Fraxinus,rhynchophylla,36.03302828,126.7174718,12-L-02155
물푸레나무,Fraxinus,rhynchophylla,36.033039,126.7174644,12-L-02156
물푸레나무,Fraxinus,rhynchophylla,36.03304039,126.717449,12-L-02157
물푸레나무,Fraxinus,rhynchophylla,36.03305217,126.7174306,12-L-02158
물푸레나무,Fraxinus,rhynchophylla,36.03306122,126.717441,12-L-02159
물푸레나무,Fraxinus,rhynchophylla,36.03306729,126.7174502,12-L-02160
물푸레나무,Fraxinus,rhynchophylla,36.033064,126.7174347,12-L-02161
물푸레나무,Fraxinus,rhynchophylla,36.03305954,126.7174219,12-L-02162
물푸레나무,Fraxinus,rhynchophylla,36.03305602,126.7174111,12-L-02163
물푸레나무,Fraxinus,rhynchophylla,36.03304236,126.7173928,12-L-02164
산벚나무,Prunus,sargentii,36.03305142,126.7173734,12-L-02165
팥배나무,Sorbus,alnifolia,36.03305734,126.7173163,12-L-02166
물푸레나무,Fraxinus,rhynchophylla,36.03307201,126.7173271,12-L-02169
산벚나무,Prunus,sargentii,36.03307521,126.717348,12-L-02171
산벚나무,Prunus,sargentii,36.03306448,126.7173499,12-L-02172
산벚나무,Prunus,sargentii,36.03307128,126.7173654,12-L-02173
산벚나무,Prunus,sargentii,36.03307311,126.7173909,12-L-02174
고로쇠나무,Acer,pictum,36.03309361,126.7173972,12-L-02175
생강나무,Lindera,obtusiloba,36.03308588,126.7174204,12-L-02176
생강나무,Lindera,obtusiloba,36.03308603,126.7174358,12-L-02177
생강나무,Lindera,obtusiloba,36.03309422,126.7174366,12-L-02178
팥배나무,Sorbus,alnifolia,36.0330973,126.7174522,12-L-02179
팥배나무,Sorbus,alnifolia,36.03309055,126.7174526,12-L-02180
느티나무,Zelkova,serrata,36.03309212,126.7174609,12-L-02181
느티나무,Zelkova,serrata,36.03311269,126.7174466,12-L-02182
느티나무,Zelkova,serrata,36.03311838,126.7174553,12-L-02184
팥배나무,Sorbus,alnifolia,36.03311409,126.7174538,12-L-02185
비목나무,Lindera,erythrocarpa,36.03312832,126.7174306,12-L-02186
개서어나무,Carpinus,tschonoskii,36.03311286,126.7174307,12-L-02187
가래나무,Juglans,mandshurica,36.03309241,126.7174131,12-L-02189
고로쇠나무,Acer,pictum,36.03308139,126.7173985,12-L-02190
때죽나무,Styrax,japonicus,36.03309996,126.7173751,12-L-02191
느티나무,Zelkova,serrata,36.0331037,126.7173934,12-L-02192
개서어나무,Carpinus,tschonoskii,36.03309009,126.7173768,12-L-02193
당단풍나무,Acer,pseudosieboldianum,36.03308053,126.7173806,12-L-02194
느티나무,Zelkova,serrata,36.0330922,126.7173581,12-L-02195
사람주나무,Neoshirakia,japonica,36.03308275,126.7173282,12-L-02196
당단풍나무,Acer,pseudosieboldianum,36.03309791,126.7173101,12-L-02197
가래나무,Juglans,mandshurica,36.03309457,126.7173165,12-L-02198
개서어나무,Carpinus,tschonoskii,36.03310808,126.7173076,12-L-02199
개서어나무,Carpinus,tschonoskii,36.03312004,126.7173667,12-L-02200
때죽나무,Styrax,japonicus,36.03311774,126.7173902,12-L-02201
때죽나무,Styrax,japonicus,36.03312178,126.7173961,12-L-02202
개서어나무,Carpinus,tschonoskii,36.03312977,126.717398,12-L-02203
산딸나무,Cornus,kousa,36.03312402,126.7174003,12-L-02204
팥배나무,Sorbus,alnifolia,36.03313621,126.7174039,12-L-02205
생강나무,Lindera,obtusiloba,36.03314005,126.7174085,12-L-02206
생강나무,Lindera,obtusiloba,36.03314494,126.7174022,12-L-02207
생강나무,Lindera,obtusiloba,36.03315245,126.717416,12-L-02208
생강나무,Lindera,obtusiloba,36.03314839,126.7174198,12-L-02209
생강나무,Lindera,obtusiloba,36.03315777,126.7174098,12-L-02210
생강나무,Lindera,obtusiloba,36.03316328,126.7174085,12-L-02211
팥배나무,Sorbus,alnifolia,36.03316609,126.7174144,12-L-02212
검양옻나무,Toxicodendron,succedaneum,36.03316308,126.7174219,12-L-02213
산벚나무,Prunus,sargentii,36.03317834,126.7174208,12-L-02214
산벚나무,Prunus,sargentii,36.0331774,126.7174144,12-L-02215
소나무,Pinus,densiflora,36.03317522,126.7174075,12-L-02216
산벚나무,Prunus,sargentii,36.03317207,126.7174015,12-L-02217
팥배나무,Sorbus,alnifolia,36.03317282,126.7173855,12-L-02218
때죽나무,Styrax,japonicus,36.03315917,126.717361,12-L-02219
산벚나무,Prunus,sargentii,36.03315841,126.7173694,12-L-02220
소나무,Pinus,densiflora,36.03315725,126.7173779,12-L-02221
산벚나무,Prunus,sargentii,36.03314933,126.7173722,12-L-02222
비목나무,Lindera,erythrocarpa,36.03314047,126.7173752,12-L-02223
비목나무,Lindera,erythrocarpa,36.03314356,126.7173481,12-L-02224
팥배나무,Sorbus,alnifolia,36.03313556,126.7173431,12-L-02225
소나무,Pinus,densiflora,36.03313716,126.7173233,12-L-02226
소나무,Pinus,densiflora,36.03314653,126.7173381,12-L-02227
산딸나무,Cornus,kousa,36.03314724,126.7173241,12-L-02228
산딸나무,Cornus,kousa,36.03314959,126.7173088,12-L-02229
소나무,Pinus,densiflora,36.03316227,126.7173182,12-L-02230
산딸나무,Cornus,kousa,36.03316061,126.7173301,12-L-02231
덜꿩나무,Viburnum,erosum,36.03315772,126.7173366,12-L-02232
소나무,Pinus,densiflora,36.0331551,126.7173509,12-L-02233
산벚나무,Prunus,sargentii,36.03315663,126.7173456,12-L-02234
팥배나무,Sorbus,alnifolia,36.03316705,126.7173363,12-L-02235
소나무,Pinus,densiflora,36.03317298,126.7173267,12-L-02236
가막살나무,Viburnum,dilatatum,36.03318551,126.7173206,12-L-02238
산벚나무,Prunus,sargentii,36.03318233,126.7173354,12-L-02239
노린재나무,Symplocos,sawafutagi,36.03319623,126.7173474,12-L-02241
생강나무,Lindera,obtusiloba,36.03318486,126.7173567,12-L-02242
팥배나무,Sorbus,alnifolia,36.03318171,126.717378,12-L-02243
때죽나무,Styrax,japonicus,36.0331872,126.7174177,12-L-02244
물푸레나무,Fraxinus,rhynchophylla,36.03318475,126.7174099,12-L-02245
팥배나무,Sorbus,alnifolia,36.03319144,126.7174161,12-L-02246
가래나무,Juglans,mandshurica,36.03319518,126.7174131,12-L-02247
물푸레나무,Fraxinus,rhynchophylla,36.03320144,126.7174161,12-L-02248
개서어나무,Carpinus,tschonoskii,36.03321338,126.7174148,12-L-02250
느티나무,Zelkova,serrata,36.033218,126.7174069,12-L-02251
개서어나무,Carpinus,tschonoskii,36.03322363,126.7174154,12-L-02252
개서어나무,Carpinus,tschonoskii,36.03323151,126.7174107,12-L-02253
개서어나무,Carpinus,tschonoskii,36.03323841,126.717416,12-L-02254
개서어나무,Carpinus,tschonoskii,36.03324525,126.7174084,12-L-02255
개서어나무,Carpinus,tschonoskii,36.03325454,126.7174166,12-L-02256
가래나무,Juglans,mandshurica,36.03326028,126.7174082,12-L-02257
가래나무,Juglans,mandshurica,36.03326272,126.7174145,12-L-02258
느티나무,Zelkova,serrata,36.03327425,126.7174155,12-L-02260
피나무,Tilia,amurensis,36.03328819,126.7174145,12-L-02262
피나무,Tilia,amurensis,36.03329565,126.7174079,12-L-02263
팥배나무,Sorbus,alnifolia,36.03332532,126.7174124,12-L-02267
팥배나무,Sorbus,alnifolia,36.03333513,126.7174065,12-L-02268
가막살나무,Viburnum,dilatatum,36.03335997,126.7174096,12-L-02270
가막살나무,Viburnum,dilatatum,36.03336635,126.7174134,12-L-02271
개서어나무,Carpinus,tschonoskii,36.03338556,126.7174108,12-L-02272
소나무,Pinus,densiflora,36.03340454,126.7174054,12-L-02273
노린재나무,Symplocos,sawafutagi,36.03341203,126.7174032,12-L-02274
붉나무,Rhus,javanica,36.03342345,126.7174022,12-L-02276
물푸레나무,Fraxinus,rhynchophylla,36.03343089,126.7174036,12-L-02277
산벚나무,Prunus,sargentii,36.03343247,126.7173974,12-L-02278
팥배나무,Sorbus,alnifolia,36.03343797,126.7173962,12-L-02279
소나무,Pinus,densiflora,36.03342904,126.7173599,12-L-02280
검양옻나무,Toxicodendron,succedaneum,36.03342549,126.7173352,12-L-02281
팥배나무,Sorbus,alnifolia,36.0334076,126.7173628,12-L-02282
가막살나무,Viburnum,dilatatum,36.03341735,126.7173813,12-L-02283
물푸레나무,Fraxinus,rhynchophylla,36.0334006,126.7173937,12-L-02284
산딸나무,Cornus,kousa,36.03338443,126.7173957,12-L-02285
팥배나무,Sorbus,alnifolia,36.03338731,126.7173738,12-L-02286
팥배나무,Sorbus,alnifolia,36.03338685,126.7173555,12-L-02287
팥배나무,Sorbus,alnifolia,36.03337273,126.7173635,12-L-02288
팥배나무,Sorbus,alnifolia,36.03337132,126.7173809,12-L-02289
때죽나무,Styrax,japonicus,36.03336866,126.7173954,12-L-02290
팥배나무,Sorbus,alnifolia,36.03335582,126.7173978,12-L-02291
소나무,Pinus,densiflora,36.03335793,126.7173777,12-L-02292
덜꿩나무,Viburnum,erosum,36.033358,126.717358,12-L-02293
산딸나무,Cornus,kousa,36.03334725,126.7173442,12-L-02294
물푸레나무,Fraxinus,rhynchophylla,36.03334441,126.7173802,12-L-02296
소나무,Pinus,densiflora,36.03333957,126.7173969,12-L-02297
소나무,Pinus,densiflora,36.03333151,126.7173772,12-L-02298
산딸나무,Cornus,kousa,36.03333291,126.7173558,12-L-02299
산딸나무,Cornus,kousa,36.03332154,126.7173609,12-L-02300
산벚나무,Prunus,sargentii,36.03331301,126.7173803,12-L-02301
때죽나무,Styrax,japonicus,36.03331019,126.7173993,12-L-02302
산벚나무,Prunus,sargentii,36.0332961,126.7173942,12-L-02303
개서어나무,Carpinus,tschonoskii,36.03329461,126.7173743,12-L-02304
산벚나무,Prunus,sargentii,36.03330082,126.7173528,12-L-02305
산벚나무,Prunus,sargentii,36.03329364,126.7173334,12-L-02306
산벚나무,Prunus,sargentii,36.03328033,126.7173435,12-L-02307
산벚나무,Prunus,sargentii,36.033277,126.7173604,12-L-02308
느티나무,Zelkova,serrata,36.03327902,126.7173789,12-L-02309
산벚나무,Prunus,sargentii,36.0332744,126.7173978,12-L-02310
팥배나무,Sorbus,alnifolia,36.03325985,126.7173982,12-L-02311
팥배나무,Sorbus,alnifolia,36.03326344,126.7173794,12-L-02312
팥배나무,Sorbus,alnifolia,36.03325609,126.717357,12-L-02313
노각나무,Stewartia,koreana,36.03325753,126.7173365,12-L-02314
팥배나무,Sorbus,alnifolia,36.03324289,126.7173405,12-L-02315
노각나무,Stewartia,koreana,36.03324469,126.7173702,12-L-02316
노각나무,Stewartia,koreana,36.03323836,126.7173644,12-L-02317
이팝나무,Chionanthus,retusus,36.03324328,126.7173873,12-L-02318
팥배나무,Sorbus,alnifolia,36.03322638,126.7173846,12-L-02319
팥배나무,Sorbus,alnifolia,36.03320946,126.7173874,12-L-02320
팥배나무,Sorbus,alnifolia,36.03319309,126.717396,12-L-02321
개서어나무,Carpinus,tschonoskii,36.03344584,126.7173881,12-L-02322
산벚나무,Prunus,sargentii,36.03344952,126.7173735,12-L-02323
산벚나무,Prunus,sargentii,36.03344205,126.717362,12-L-02324
개서어나무,Carpinus,tschonoskii,36.03344971,126.7173658,12-L-02325
산벚나무,Prunus,sargentii,36.03344292,126.7173492,12-L-02326
개서어나무,Carpinus,tschonoskii,36.03343842,126.7173469,12-L-02327
느티나무,Zelkova,serrata,36.03345399,126.7173548,12-L-02328
산벚나무,Prunus,sargentii,36.03346135,126.7173464,12-L-02329
산벚나무,Prunus,sargentii,36.03346214,126.7173349,12-L-02330
피나무,Tilia,amurensis,36.03345292,126.7173339,12-L-02331
개서어나무,Carpinus,tschonoskii,36.03344809,126.7173256,12-L-02332
팥배나무,Sorbus,alnifolia,36.03344616,126.7173128,12-L-02333
팥배나무,Sorbus,alnifolia,36.03345122,126.7172953,12-L-02334
비목나무,Lindera,erythrocarpa,36.0334545,126.7172906,12-L-02335
팥배나무,Sorbus,alnifolia,36.03347572,126.7172991,12-L-02336
팥배나무,Sorbus,alnifolia,36.03346702,126.7172928,12-L-02337
이팝나무,Chionanthus,retusus,36.03347755,126.7173058,12-L-02338
팥배나무,Sorbus,alnifolia,36.03346612,126.7173182,12-L-02339
때죽나무,Styrax,japonicus,36.03346695,126.7173343,12-L-02340
개서어나무,Carpinus,tschonoskii,36.03347634,126.717341,12-L-02341
비목나무,Lindera,erythrocarpa,36.03346831,126.7173527,12-L-02342
개서어나무,Carpinus,tschonoskii,36.03346464,126.7173657,12-L-02343
산벚나무,Prunus,sargentii,36.03345928,126.7173692,12-L-02344
산벚나무,Prunus,sargentii,36.03346545,126.7173774,12-L-02345
산벚나무,Prunus,sargentii,36.03350065,126.7173655,12-L-02347
산벚나무,Prunus,sargentii,36.03349305,126.7173401,12-L-02348
개서어나무,Carpinus,tschonoskii,36.0335044,126.7173314,12-L-02349
산벚나무,Prunus,sargentii,36.0335032,126.7173418,12-L-02350
때죽나무,Styrax,japonicus,36.03351422,126.7173545,12-L-02351
팥배나무,Sorbus,alnifolia,36.03352975,126.7173564,12-L-02352
팥배나무,Sorbus,alnifolia,36.03353153,126.7173419,12-L-02353
노각나무,Stewartia,koreana,36.03351803,126.7173377,12-L-02354
팥배나무,Sorbus,alnifolia,36.03352192,126.7173248,12-L-02355
팥배나무,Sorbus,alnifolia,36.03351121,126.7173136,12-L-02356
팥배나무,Sorbus,alnifolia,36.03352357,126.7173059,12-L-02357
팥배나무,Sorbus,alnifolia,36.03354378,126.7173086,12-L-02358
팥배나무,Sorbus,alnifolia,36.03353758,126.7173204,12-L-02359
팥배나무,Sorbus,alnifolia,36.03356111,126.7173156,12-L-02360
팥배나무,Sorbus,alnifolia,36.03354758,126.7173282,12-L-02361
팥배나무,Sorbus,alnifolia,36.03354436,126.7173401,12-L-02362
팥배나무,Sorbus,alnifolia,36.03356172,126.7173595,12-L-02363
산벚나무,Prunus,sargentii,36.03355461,126.7173474,12-L-02364
산벚나무,Prunus,sargentii,36.03356888,126.7173505,12-L-02365
산벚나무,Prunus,sargentii,36.03357755,126.7173231,12-L-02366
개서어나무,Carpinus,tschonoskii,36.03358455,126.7173366,12-L-02367
산벚나무,Prunus,sargentii,36.03359617,126.7173274,12-L-02368
개서어나무,Carpinus,tschonoskii,36.03354027,126.7173723,12-L-02369
개서어나무,Carpinus,tschonoskii,36.03352985,126.717383,12-L-02370
때죽나무,Styrax,japonicus,36.03352067,126.7173903,12-L-02371
산벚나무,Prunus,sargentii,36.03351894,126.7173692,12-L-02372
때죽나무,Styrax,japonicus,36.03351192,126.717365,12-L-02373
이팝나무,Chionanthus,retusus,36.03351098,126.7173876,12-L-02374
팥배나무,Sorbus,alnifolia,36.03350722,126.7173846,12-L-02375
팥배나무,Sorbus,alnifolia,36.03350071,126.717379,12-L-02376
팥배나무,Sorbus,alnifolia,36.03349973,126.7173849,12-L-02377
모감주나무,Koelreuteria,paniculata,36.03350177,126.7173879,12-L-02378
히어리,Corylopsis,glabrescens,36.03349571,126.7173921,12-L-02379
히어리,Corylopsis,glabrescens,36.03348834,126.7173907,12-L-02380
히어리,Corylopsis,glabrescens,36.03349059,126.7173831,12-L-02381
모감주나무,Koelreuteria,paniculata,36.03348766,126.7173709,12-L-02382
히어리,Corylopsis,glabrescens,36.03347875,126.7173883,12-L-02383
히어리,Corylopsis,glabrescens,36.03347358,126.7173798,12-L-02384
모감주나무,Koelreuteria,paniculata,36.03567099,126.7172182,12-L-02386
팥배나무,Sorbus,alnifolia,36.03568399,126.7172024,12-L-02387
팥배나무,Sorbus,alnifolia,36.03569889,126.7172189,12-L-02388
팥배나무,Sorbus,alnifolia,36.03573107,126.717232,12-L-02389
팥배나무,Sorbus,alnifolia,36.03574719,126.7172294,12-L-02390
팥배나무,Sorbus,alnifolia,36.03575505,126.7172456,12-L-02391
이팝나무,Chionanthus,retusus,36.03576687,126.7172484,12-L-02392
팥배나무,Sorbus,alnifolia,36.03577124,126.7172622,12-L-02393
비목나무,Lindera,erythrocarpa,36.03578127,126.7172609,12-L-02394
산벚나무,Prunus,sargentii,36.03581696,126.717318,12-L-02395
산벚나무,Prunus,sargentii,36.03583665,126.7173742,12-L-02396
산벚나무,Prunus,sargentii,36.03675882,126.7174989,12-L-02397
산벚나무,Prunus,sargentii,36.03675394,126.7175172,12-L-02398
산벚나무,Prunus,sargentii,36.03676973,126.7175253,12-L-02399
팥배나무,Sorbus,alnifolia,36.03679233,126.7175662,12-L-02400
복자기,Acer,triflorum,36.0368433,126.7175367,12-L-02401
덜꿩나무,Viburnum,erosum,36.03682387,126.7175029,12-L-02403
덜꿩나무,Viburnum,erosum,36.03682096,126.7175015,12-L-02404
덜꿩나무,Viburnum,erosum,36.03681766,126.7175032,12-L-02405
덜꿩나무,Viburnum,erosum,36.036814,126.7175059,12-L-02406
덜꿩나무,Viburnum,erosum,36.03681093,126.7174983,12-L-02407
덜꿩나무,Viburnum,erosum,36.03680099,126.7174875,12-L-02408
팥배나무,Sorbus,alnifolia,36.03679431,126.7174791,12-L-02409
덜꿩나무,Viburnum,erosum,36.03680355,126.7174668,12-L-02410
덜꿩나무,Viburnum,erosum,36.03681107,126.717473,12-L-02411
덜꿩나무,Viburnum,erosum,36.03681798,126.7174716,12-L-02412
팥배나무,Sorbus,alnifolia,36.03682004,126.7174865,12-L-02413
팥배나무,Sorbus,alnifolia,36.03683492,126.7174816,12-L-02414
덜꿩나무,Viburnum,erosum,36.03684125,126.7174915,12-L-02415
덜꿩나무,Viburnum,erosum,36.03684275,126.7175045,12-L-02416
이팝나무,Chionanthus,retusus,36.03685905,126.7174777,12-L-02417
팥배나무,Sorbus,alnifolia,36.03684412,126.7174436,12-L-02418
팥배나무,Sorbus,alnifolia,36.03687658,126.7174296,12-L-02419
팥배나무,Sorbus,alnifolia,36.0368776,126.7174412,12-L-02420
팥배나무,Sorbus,alnifolia,36.0368889,126.7174023,12-L-02421
팥배나무,Sorbus,alnifolia,36.03688197,126.7174016,12-L-02422
팥배나무,Sorbus,alnifolia,36.03687689,126.7173955,12-L-02423
팥배나무,Sorbus,alnifolia,36.03687186,126.7173917,12-L-02424
팥배나무,Sorbus,alnifolia,36.03690327,126.7173664,12-L-02425
팥배나무,Sorbus,alnifolia,36.03313716,126.7173233,12-L-02426
팥배나무,Sorbus,alnifolia,36.03314653,126.7173381,12-L-02427
이팝나무,Chionanthus,retusus,36.03314724,126.7173241,12-L-02428
팥배나무,Sorbus,alnifolia,36.03314959,126.7173088,12-L-02429
팥배나무,Sorbus,alnifolia,36.03316227,126.7173182,12-L-02430
팥배나무,Sorbus,alnifolia,36.03316061,126.7173301,12-L-02431
팥배나무,Sorbus,alnifolia,36.03315772,126.7173366,12-L-02432
팥배나무,Sorbus,alnifolia,36.0331551,126.7173509,12-L-02433
팥배나무,Sorbus,alnifolia,36.03315663,126.7173456,12-L-02434
팥배나무,Sorbus,alnifolia,36.03316705,126.7173363,12-L-02435
팥배나무,Sorbus,alnifolia,36.03317298,126.7173267,12-L-02436
팥배나무,Sorbus,alnifolia,36.03317485,126.7173106,12-L-02437
팥배나무,Sorbus,alnifolia,36.03318551,126.7173206,12-L-02438
팥배나무,Sorbus,alnifolia,36.03318233,126.7173354,12-L-02439
팥배나무,Sorbus,alnifolia,36.03320012,126.7173272,12-L-02440
팥배나무,Sorbus,alnifolia,36.03319623,126.7173474,12-L-02441
팥배나무,Sorbus,alnifolia,36.03318486,126.7173567,12-L-02442
팥배나무,Sorbus,alnifolia,36.03318171,126.717378,12-L-02443
상수리나무,Quercus,acutissima,36.0331872,126.7174177,12-L-02444
덜꿩나무,Viburnum,erosum,36.03318475,126.7174099,12-L-02445
덜꿩나무,Viburnum,erosum,36.03319144,126.7174161,12-L-02446
덜꿩나무,Viburnum,erosum,36.03319518,126.7174131,12-L-02447
덜꿩나무,Viburnum,erosum,36.03320144,126.7174161,12-L-02448
덜꿩나무,Viburnum,erosum,36.03320823,126.7174113,12-L-02449
덜꿩나무,Viburnum,erosum,36.03321338,126.7174148,12-L-02450
덜꿩나무,Viburnum,erosum,36.033218,126.7174069,12-L-02451
덜꿩나무,Viburnum,erosum,36.03322363,126.7174154,12-L-02452
덜꿩나무,Viburnum,erosum,36.03323151,126.7174107,12-L-02453
덜꿩나무,Viburnum,erosum,36.03323841,126.717416,12-L-02454
덜꿩나무,Viburnum,erosum,36.03324525,126.7174084,12-L-02455
덜꿩나무,Viburnum,erosum,36.03325454,126.7174166,12-L-02456
덜꿩나무,Viburnum,erosum,36.03326028,126.7174082,12-L-02457
덜꿩나무,Viburnum,erosum,36.03326272,126.7174145,12-L-02458
덜꿩나무,Viburnum,erosum,36.03326898,126.7174097,12-L-02459
덜꿩나무,Viburnum,erosum,36.03327425,126.7174155,12-L-02460
덜꿩나무,Viburnum,erosum,36.03328324,126.7174098,12-L-02461
덜꿩나무,Viburnum,erosum,36.03328819,126.7174145,12-L-02462
덜꿩나무,Viburnum,erosum,36.03329565,126.7174079,12-L-02463
덜꿩나무,Viburnum,erosum,36.03330234,126.7174083,12-L-02464
덜꿩나무,Viburnum,erosum,36.03330868,126.7174129,12-L-02465
덜꿩나무,Viburnum,erosum,36.03331837,126.7174078,12-L-02466
덜꿩나무,Viburnum,erosum,36.03332532,126.7174124,12-L-02467
덜꿩나무,Viburnum,erosum,36.03333513,126.7174065,12-L-02468
덜꿩나무,Viburnum,erosum,36.03334518,126.7174102,12-L-02469
덜꿩나무,Viburnum,erosum,36.03335997,126.7174096,12-L-02470
덜꿩나무,Viburnum,erosum,36.03336635,126.7174134,12-L-02471
덜꿩나무,Viburnum,erosum,36.03338556,126.7174108,12-L-02472
덜꿩나무,Viburnum,erosum,36.03340454,126.7174054,12-L-02473
덜꿩나무,Viburnum,erosum,36.03341203,126.7174032,12-L-02474
덜꿩나무,Viburnum,erosum,36.03341581,126.7174069,12-L-02475
덜꿩나무,Viburnum,erosum,36.03342345,126.7174022,12-L-02476
덜꿩나무,Viburnum,erosum,36.03343089,126.7174036,12-L-02477
덜꿩나무,Viburnum,erosum,36.03343247,126.7173974,12-L-02478
덜꿩나무,Viburnum,erosum,36.03343797,126.7173962,12-L-02479
팥배나무,Sorbus,alnifolia,36.03342904,126.7173599,12-L-02480
팥배나무,Sorbus,alnifolia,36.03342549,126.7173352,12-L-02481
팥배나무,Sorbus,alnifolia,36.0334076,126.7173628,12-L-02482
팥배나무,Sorbus,alnifolia,36.03341735,126.7173813,12-L-02483
팥배나무,Sorbus,alnifolia,36.0334006,126.7173937,12-L-02484
팥배나무,Sorbus,alnifolia,36.03338443,126.7173957,12-L-02485
팥배나무,Sorbus,alnifolia,36.03338731,126.7173738,12-L-02486
팥배나무,Sorbus,alnifolia,36.03338685,126.7173555,12-L-02487
팥배나무,Sorbus,alnifolia,36.03337273,126.7173635,12-L-02488
팥배나무,Sorbus,alnifolia,36.03337132,126.7173809,12-L-02489
팥배나무,Sorbus,alnifolia,36.03336866,126.7173954,12-L-02490
팥배나무,Sorbus,alnifolia,36.03335582,126.7173978,12-L-02491
팥배나무,Sorbus,alnifolia,36.03335793,126.7173777,12-L-02492
팥배나무,Sorbus,alnifolia,36.033358,126.717358,12-L-02493
팥배나무,Sorbus,alnifolia,36.03334725,126.7173442,12-L-02494
팥배나무,Sorbus,alnifolia,36.03334692,126.7173589,12-L-02495
팥배나무,Sorbus,alnifolia,36.03334441,126.7173802,12-L-02496
이팝나무,Chionanthus,retusus,36.03333957,126.7173969,12-L-02497
팥배나무,Sorbus,alnifolia,36.03333151,126.7173772,12-L-02498
팥배나무,Sorbus,alnifolia,36.03333291,126.7173558,12-L-02499
팥배나무,Sorbus,alnifolia,36.03332154,126.7173609,12-L-02500
팥배나무,Sorbus,alnifolia,36.03331301,126.7173803,12-L-02501
팥배나무,Sorbus,alnifolia,36.03331019,126.7173993,12-L-02502
팥배나무,Sorbus,alnifolia,36.0332961,126.7173942,12-L-02503
팥배나무,Sorbus,alnifolia,36.03329461,126.7173743,12-L-02504
이팝나무,Chionanthus,retusus,36.03330082,126.7173528,12-L-02505
팥배나무,Sorbus,alnifolia,36.03329364,126.7173334,12-L-02506
팥배나무,Sorbus,alnifolia,36.03328033,126.7173435,12-L-02507
팥배나무,Sorbus,alnifolia,36.033277,126.7173604,12-L-02508
팥배나무,Sorbus,alnifolia,36.03327902,126.7173789,12-L-02509
팥배나무,Sorbus,alnifolia,36.0332744,126.7173978,12-L-02510
팥배나무,Sorbus,alnifolia,36.03325985,126.7173982,12-L-02511
팥배나무,Sorbus,alnifolia,36.03326344,126.7173794,12-L-02512
이팝나무,Chionanthus,retusus,36.03325609,126.717357,12-L-02513
팥배나무,Sorbus,alnifolia,36.03325753,126.7173365,12-L-02514
팥배나무,Sorbus,alnifolia,36.03324289,126.7173405,12-L-02515
팥배나무,Sorbus,alnifolia,36.03324469,126.7173702,12-L-02516
팥배나무,Sorbus,alnifolia,36.03323836,126.7173644,12-L-02517
팥배나무,Sorbus,alnifolia,36.03324328,126.7173873,12-L-02518
팥배나무,Sorbus,alnifolia,36.03322638,126.7173846,12-L-02519
팥배나무,Sorbus,alnifolia,36.03320946,126.7173874,12-L-02520
팥배나무,Sorbus,alnifolia,36.03319309,126.717396,12-L-02521
팥배나무,Sorbus,alnifolia,36.03344584,126.7173881,12-L-02522
팥배나무,Sorbus,alnifolia,36.03344952,126.7173735,12-L-02523
팥배나무,Sorbus,alnifolia,36.03344205,126.717362,12-L-02524
덜꿩나무,Viburnum,erosum,36.03344971,126.7173658,12-L-02525
팥배나무,Sorbus,alnifolia,36.03344292,126.7173492,12-L-02526
덜꿩나무,Viburnum,erosum,36.03343842,126.7173469,12-L-02527
덜꿩나무,Viburnum,erosum,36.03345399,126.7173548,12-L-02528
팥배나무,Sorbus,alnifolia,36.03346135,126.7173464,12-L-02529
팥배나무,Sorbus,alnifolia,36.03346214,126.7173349,12-L-02530
덜꿩나무,Viburnum,erosum,36.03345292,126.7173339,12-L-02531
팥배나무,Sorbus,alnifolia,36.03344809,126.7173256,12-L-02532
팥배나무,Sorbus,alnifolia,36.03344616,126.7173128,12-L-02533
팥배나무,Sorbus,alnifolia,36.03345122,126.7172953,12-L-02534
덜꿩나무,Viburnum,erosum,36.0334545,126.7172906,12-L-02535
팥배나무,Sorbus,alnifolia,36.03346702,126.7172928,12-L-02537
팥배나무,Sorbus,alnifolia,36.03347755,126.7173058,12-L-02538
팥배나무,Sorbus,alnifolia,36.03346612,126.7173182,12-L-02539
팥배나무,Sorbus,alnifolia,36.03346695,126.7173343,12-L-02540
팥배나무,Sorbus,alnifolia,36.03347634,126.717341,12-L-02541
팥배나무,Sorbus,alnifolia,36.03346831,126.7173527,12-L-02542
팥배나무,Sorbus,alnifolia,36.03346464,126.7173657,12-L-02543
팥배나무,Sorbus,alnifolia,36.03345928,126.7173692,12-L-02544
팥배나무,Sorbus,alnifolia,36.03346545,126.7173774,12-L-02545
팥배나무,Sorbus,alnifolia,36.03348442,126.7173561,12-L-02546
이팝나무,Chionanthus,retusus,36.03350065,126.7173655,12-L-02547
팥배나무,Sorbus,alnifolia,36.0335044,126.7173314,12-L-02549
팥배나무,Sorbus,alnifolia,36.0335032,126.7173418,12-L-02550
팥배나무,Sorbus,alnifolia,36.03351422,126.7173545,12-L-02551
팥배나무,Sorbus,alnifolia,36.03352975,126.7173564,12-L-02552
팥배나무,Sorbus,alnifolia,36.03351803,126.7173377,12-L-02554
팥배나무,Sorbus,alnifolia,36.03352192,126.7173248,12-L-02555
팥배나무,Sorbus,alnifolia,36.03352357,126.7173059,12-L-02557
팥배나무,Sorbus,alnifolia,36.03354378,126.7173086,12-L-02558
팥배나무,Sorbus,alnifolia,36.03353758,126.7173204,12-L-02559
팥배나무,Sorbus,alnifolia,36.03356111,126.7173156,12-L-02560
이팝나무,Chionanthus,retusus,36.03354758,126.7173282,12-L-02561
팥배나무,Sorbus,alnifolia,36.03354436,126.7173401,12-L-02562
팥배나무,Sorbus,alnifolia,36.03356172,126.7173595,12-L-02563
쥐똥나무,Ligustrum,obtusifolium,36.03355461,126.7173474,12-L-02564
팥배나무,Sorbus,alnifolia,36.03356888,126.7173505,12-L-02565
팥배나무,Sorbus,alnifolia,36.03357755,126.7173231,12-L-02566
이팝나무,Chionanthus,retusus,36.03358455,126.7173366,12-L-02567
팥배나무,Sorbus,alnifolia,36.03359617,126.7173274,12-L-02568
화살나무,Euonymus,alatus,36.03354027,126.7173723,12-L-02569
화살나무,Euonymus,alatus,36.03352985,126.717383,12-L-02570
화살나무,Euonymus,alatus,36.03352067,126.7173903,12-L-02571
화살나무,Euonymus,alatus,36.03351894,126.7173692,12-L-02572
화살나무,Euonymus,alatus,36.03351192,126.717365,12-L-02573
화살나무,Euonymus,alatus,36.03351098,126.7173876,12-L-02574
화살나무,Euonymus,alatus,36.03350722,126.7173846,12-L-02575
화살나무,Euonymus,alatus,36.03350071,126.717379,12-L-02576
화살나무,Euonymus,alatus,36.03349973,126.7173849,12-L-02577
화살나무,Euonymus,alatus,36.03350177,126.7173879,12-L-02578
화살나무,Euonymus,alatus,36.03349571,126.7173921,12-L-02579
화살나무,Euonymus,alatus,36.03348834,126.7173907,12-L-02580
화살나무,Euonymus,alatus,36.03349059,126.7173831,12-L-02581
화살나무,Euonymus,alatus,36.03348766,126.7173709,12-L-02582
화살나무,Euonymus,alatus,36.03347875,126.7173883,12-L-02583
화살나무,Euonymus,alatus,36.03347358,126.7173798,12-L-02584
화살나무,Euonymus,alatus,36.03347541,126.7173695,12-L-02585
굴참나무,Quercus,variabilis,36.03567099,126.7172182,12-L-02586
굴참나무,Quercus,variabilis,36.03568399,126.7172024,12-L-02587
굴참나무,Quercus,variabilis,36.03569889,126.7172189,12-L-02588
굴피나무,Platycarya,strobilacea,36.03573107,126.717232,12-L-02589
굴피나무,Platycarya,strobilacea,36.03574719,126.7172294,12-L-02590
신갈나무,Quercus,mongolica,36.03575505,126.7172456,12-L-02591
굴피나무,Platycarya,strobilacea,36.03578127,126.7172609,12-L-02594
굴참나무,Quercus,variabilis,36.03581696,126.717318,12-L-02595
굴참나무,Quercus,variabilis,36.03583665,126.7173742,12-L-02596
당단풍나무,Acer,pseudosieboldianum,36.03675882,126.7174989,12-L-02597
당단풍나무,Acer,pseudosieboldianum,36.03675394,126.7175172,12-L-02598
당단풍나무,Acer,pseudosieboldianum,36.03676973,126.7175253,12-L-02599
팽나무,Celtis,sinensis,36.03679233,126.7175662,12-L-02600
신갈나무,Quercus,mongolica,36.0368433,126.7175367,12-L-02601
박태기나무,Cercis,chinensis,36.03682387,126.7175029,12-L-02603
가침박달,Exochorda,serratifolia,36.03682096,126.7175015,12-L-02604
가침박달,Exochorda,serratifolia,36.03681766,126.7175032,12-L-02605
가침박달,Exochorda,serratifolia,36.036814,126.7175059,12-L-02606
가침박달,Exochorda,serratifolia,36.03681093,126.7174983,12-L-02607
가침박달,Exochorda,serratifolia,36.03680099,126.7174875,12-L-02608
가침박달,Exochorda,serratifolia,36.03679431,126.7174791,12-L-02609
가침박달,Exochorda,serratifolia,36.03680355,126.7174668,12-L-02610
가침박달,Exochorda,serratifolia,36.03681107,126.717473,12-L-02611
가침박달,Exochorda,serratifolia,36.03681798,126.7174716,12-L-02612
가침박달,Exochorda,serratifolia,36.03682004,126.7174865,12-L-02613
덜꿩나무,Viburnum,erosum,36.03683492,126.7174816,12-L-02614
산벚나무,Prunus,sargentii,36.03684125,126.7174915,12-L-02615
신갈나무,Quercus,mongolica,36.03684275,126.7175045,12-L-02616
신갈나무,Quercus,mongolica,36.03685905,126.7174777,12-L-02617
피나무,Tilia,amurensis,36.03684412,126.7174436,12-L-02618
복자기,Acer,triflorum,36.03687658,126.7174296,12-L-02619
느릅나무,Ulmus,davidiana,36.0368776,126.7174412,12-L-02620
복자기,Acer,triflorum,36.0368889,126.7174023,12-L-02621
당단풍나무,Acer,pseudosieboldianum,36.03688197,126.7174016,12-L-02622
피나무,Tilia,amurensis,36.03687689,126.7173955,12-L-02623
피나무,Tilia,amurensis,36.03687186,126.7173917,12-L-02624
신갈나무,Quercus,mongolica,36.03690327,126.7173664,12-L-02625
졸참나무,Quercus,serrata,36.0336267,126.7173229,12-L-2648
산뽕나무,Morus,bombycis,36.03363728,126.7173538,12-L-2649
산딸나무,Cornus,kousa,36.03364382,126.7173582,12-L-2650
졸참나무,Quercus,serrata,36.03364263,126.7173396,12-L-2651
졸참나무,Quercus,serrata,36.0336647,126.7173209,12-L-2652
졸참나무,Quercus,serrata,36.03368216,126.7173365,12-L-2653
졸참나무,Quercus,serrata,36.03370832,126.717333,12-L-2654
느릅나무,Ulmus,davidiana,36.03369773,126.7173938,12-L-2655
산딸나무,Cornus,kousa,36.03370788,126.7173832,12-L-2656
졸참나무,Quercus,serrata,36.03370761,126.7173824,12-L-2657
졸참나무,Quercus,serrata,36.03376844,126.7173606,12-L-2658
서어나무,Carpinus,laxiflora,36.033799,126.717333,12-L-2659
졸참나무,Quercus,serrata,36.03379818,126.7173457,12-L-2660
졸참나무,Quercus,serrata,36.03380566,126.717376,12-L-2661
쪽동백나무,Styrax,obassia,36.03379423,126.7173924,12-L-2662
졸참나무,Quercus,serrata,36.03383617,126.7173685,12-L-2663
쪽동백나무,Styrax,obassia,36.03388199,126.7174276,12-L-2664
감태나무,Lindera,glauca,36.03388867,126.7174064,12-L-2665
졸참나무,Quercus,serrata,36.03387764,126.7173759,12-L-2666
히어리,Corylopsis,glabrescens,36.03385565,126.7173575,12-L-2667
히어리,Corylopsis,glabrescens,36.03386661,126.7173619,12-L-2668
히어리,Corylopsis,glabrescens,36.03387072,126.7173646,12-L-2669
히어리,Corylopsis,glabrescens,36.03387279,126.7173556,12-L-2670
졸참나무,Quercus,serrata,36.03386876,126.7173357,12-L-2671
가래나무,Juglans,mandshurica,36.03389079,126.7173436,12-L-2672
때죽나무,Styrax,japonicus,36.03389817,126.7173735,12-L-2673
졸참나무,Quercus,serrata,36.03392978,126.7173682,12-L-2674
서어나무,Carpinus,laxiflora,36.03392283,126.7173937,12-L-2675
때죽나무,Styrax,japonicus,36.03391484,126.7174118,12-L-2676
때죽나무,Styrax,japonicus,36.03391264,126.7174251,12-L-2677
쇠물푸레,Fraxinus,sieboldiana,36.03392287,126.717424,12-L-2678
때죽나무,Styrax,japonicus,36.03393025,126.7174233,12-L-2679
당단풍나무,Acer,pseudosieboldianum,36.03393733,126.7174345,12-L-2680
서어나무,Carpinus,laxiflora,36.0339272,126.7174433,12-L-2681
팥배나무,Sorbus,alnifolia,36.03393911,126.7175041,12-L-2682
다릅나무,Maackia,amurensis,36.03395179,126.7174869,12-L-2683
가막살나무,Viburnum,dilatatum,36.03395549,126.7175065,12-L-2684
가막살나무,Viburnum,dilatatum,36.03396666,126.7175174,12-L-2685
가막살나무,Viburnum,dilatatum,36.03396868,126.7175216,12-L-2686
가막살나무,Viburnum,dilatatum,36.03397436,126.7175273,12-L-2687
가막살나무,Viburnum,dilatatum,36.03397918,126.717523,12-L-2688
가막살나무,Viburnum,dilatatum,36.03398858,126.717534,12-L-2689
가막살나무,Viburnum,dilatatum,36.03398896,126.7175242,12-L-2690
팥배나무,Sorbus,alnifolia,36.03396838,126.7174928,12-L-2691
노각나무,Stewartia,koreana,36.03399571,126.7174675,12-L-2692
졸참나무,Quercus,serrata,36.0339981,126.7174362,12-L-2693
당단풍나무,Acer,pseudosieboldianum,36.03398804,126.7174446,12-L-2694
당단풍나무,Acer,pseudosieboldianum,36.03397792,126.7174394,12-L-2695
철쭉,Rhododendron,schlippenbachii,36.03397851,126.7174268,12-L-2696
때죽나무,Styrax,japonicus,36.03397024,126.7174152,12-L-2697
때죽나무,Styrax,japonicus,36.03395981,126.7174102,12-L-2698
때죽나무,Styrax,japonicus,36.03395524,126.7173901,12-L-2699
개옻나무,Toxicodendron,trichocarpum,36.03395156,126.7173911,12-L-2700
당단풍나무,Acer,pseudosieboldianum,36.03393671,126.7173999,12-L-2701
때죽나무,Styrax,japonicus,36.03393659,126.7173953,12-L-2702
개옻나무,Toxicodendron,trichocarpum,36.03394932,126.7173365,12-L-2703
서어나무,Carpinus,laxiflora,36.0339583,126.7173294,12-L-2704
졸참나무,Quercus,serrata,36.03395177,126.7173147,12-L-2705
졸참나무,Quercus,serrata,36.03392462,126.7173106,12-L-2706
졸참나무,Quercus,serrata,36.03393392,126.7172892,12-L-2707
때죽나무,Styrax,japonicus,36.03395539,126.7172922,12-L-2708
쇠물푸레,Fraxinus,sieboldiana,36.0339357,126.7172774,12-L-2709
때죽나무,Styrax,japonicus,36.03392876,126.7172665,12-L-2710
자귀나무,Albizia,julibrissin,36.03392651,126.7172493,12-L-2711
합다리나무,Meliosma,oldhamii,36.03392695,126.7172055,12-L-2712
합다리나무,Meliosma,oldhamii,36.03393207,126.7172069,12-L-2713
졸참나무,Quercus,serrata,36.03394608,126.7171642,12-L-2714
서어나무,Carpinus,laxiflora,36.03395122,126.7172263,12-L-2715
졸참나무,Quercus,serrata,36.03396487,126.7172366,12-L-2716
진달래,Rhododendron,mucronulatum,36.03397084,126.7172465,12-L-2717
때죽나무,Styrax,japonicus,36.03395887,126.7172471,12-L-2718
서어나무,Carpinus,laxiflora,36.03395869,126.7172636,12-L-2719
졸참나무,Quercus,serrata,36.03398148,126.7172617,12-L-2720
졸참나무,Quercus,serrata,36.03397766,126.7172973,12-L-2721
당단풍나무,Acer,pseudosieboldianum,36.03398879,126.7173199,12-L-2722
서어나무,Carpinus,laxiflora,36.03401054,126.7173485,12-L-2723
개옻나무,Toxicodendron,trichocarpum,36.03401186,126.7173635,12-L-2724
서어나무,Carpinus,laxiflora,36.0340062,126.7173879,12-L-2725
당단풍나무,Acer,pseudosieboldianum,36.03399563,126.7174067,12-L-2726
노각나무,Stewartia,koreana,36.03401761,126.717429,12-L-2727
졸참나무,Quercus,serrata,36.03403126,126.7174131,12-L-2728
졸참나무,Quercus,serrata,36.03403858,126.7174529,12-L-2729
당단풍나무,Acer,pseudosieboldianum,36.03403399,126.7174758,12-L-2730
당단풍나무,Acer,pseudosieboldianum,36.03403669,126.7174821,12-L-2731
당단풍나무,Acer,pseudosieboldianum,36.03402239,126.7174872,12-L-2732
쇠물푸레,Fraxinus,sieboldiana,36.03400576,126.7174907,12-L-2733
팥배나무,Sorbus,alnifolia,36.03402474,126.7175027,12-L-2734
가막살나무,Viburnum,dilatatum,36.03401366,126.7175234,12-L-2735
가막살나무,Viburnum,dilatatum,36.03401133,126.7175308,12-L-2736
가막살나무,Viburnum,dilatatum,36.03402185,126.7175369,12-L-2737
가막살나무,Viburnum,dilatatum,36.03402682,126.7175342,12-L-2738
가막살나무,Viburnum,dilatatum,36.03403195,126.7175394,12-L-2739
팥배나무,Sorbus,alnifolia,36.03404031,126.7175391,12-L-2740
가막살나무,Viburnum,dilatatum,36.03405167,126.7175446,12-L-2741
가막살나무,Viburnum,dilatatum,36.03405573,126.7175512,12-L-2742
가막살나무,Viburnum,dilatatum,36.03405549,126.7175396,12-L-2743
덜꿩나무,Viburnum,erosum,36.03406267,126.7175454,12-L-2744
산뽕나무,Morus,bombycis,36.03406658,126.717535,12-L-2745
팥배나무,Sorbus,alnifolia,36.03407288,126.717531,12-L-2746
가막살나무,Viburnum,dilatatum,36.03407165,126.7175443,12-L-2747
가막살나무,Viburnum,dilatatum,36.03408086,126.7175522,12-L-2748
노각나무,Stewartia,koreana,36.03408407,126.7175049,12-L-2749
당단풍나무,Acer,pseudosieboldianum,36.03408382,126.7174998,12-L-2750
참느릅나무,Ulmus,parvifolia,36.03407699,126.7174889,12-L-2751
서어나무,Carpinus,laxiflora,36.03406994,126.7174874,12-L-2752
당단풍나무,Acer,pseudosieboldianum,36.03404633,126.7174882,12-L-2753
노각나무,Stewartia,koreana,36.03404953,126.7174197,12-L-2754
당단풍나무,Acer,pseudosieboldianum,36.03405226,126.7174063,12-L-2755
서어나무,Carpinus,laxiflora,36.03406416,126.7174092,12-L-2756
졸참나무,Quercus,serrata,36.03408208,126.7174134,12-L-2757
당단풍나무,Acer,pseudosieboldianum,36.03407773,126.7174076,12-L-2758
당단풍나무,Acer,pseudosieboldianum,36.03409253,126.7174272,12-L-2759
다릅나무,Maackia,amurensis,36.03409805,126.7174315,12-L-2760
감태나무,Lindera,glauca,36.034085,126.7174492,12-L-2761
노각나무,Stewartia,koreana,36.03409749,126.7174525,12-L-2762
노각나무,Stewartia,koreana,36.03411511,126.7174444,12-L-2763
졸참나무,Quercus,serrata,36.03408714,126.7174684,12-L-2764
당단풍나무,Acer,pseudosieboldianum,36.03409572,126.7174836,12-L-2765
굴참나무,Quercus,variabilis,36.03413681,126.7175189,12-L-2766
쇠물푸레,Fraxinus,sieboldiana,36.03413792,126.7175,12-L-2767
졸참나무,Quercus,serrata,36.03412476,126.7174852,12-L-2768
서어나무,Carpinus,laxiflora,36.03414125,126.7174822,12-L-2769
당단풍나무,Acer,pseudosieboldianum,36.03414814,126.7174812,12-L-2770
쇠물푸레,Fraxinus,sieboldiana,36.03415237,126.7175119,12-L-2771
졸참나무,Quercus,serrata,36.03415531,126.7174974,12-L-2772
생강나무,Lindera,obtusiloba,36.034172,126.7174792,12-L-2773
서어나무,Carpinus,laxiflora,36.03417866,126.7174678,12-L-2774
졸참나무,Quercus,serrata,36.03417385,126.7174572,12-L-2775
당단풍나무,Acer,pseudosieboldianum,36.03416907,126.7174433,12-L-2776
생강나무,Lindera,obtusiloba,36.0342093,126.7174458,12-L-2777
졸참나무,Quercus,serrata,36.03419755,126.7174688,12-L-2778
서어나무,Carpinus,laxiflora,36.03421505,126.7174632,12-L-2779
졸참나무,Quercus,serrata,36.03422231,126.7174566,12-L-2780
굴참나무,Quercus,variabilis,36.03421168,126.7174779,12-L-2781
신갈나무,Quercus,mongolica,36.03420287,126.7174963,12-L-2782
쪽동백나무,Styrax,obassia,36.03419052,126.7175192,12-L-2783
쪽동백나무,Styrax,obassia,36.03422143,126.717508,12-L-2784
당단풍나무,Acer,pseudosieboldianum,36.03423107,126.7174873,12-L-2785
노각나무,Stewartia,koreana,36.03424651,126.7174715,12-L-2786
철쭉,Rhododendron,schlippenbachii,36.03424671,126.717443,12-L-2787
서어나무,Carpinus,laxiflora,36.03423989,126.717429,12-L-2788
졸참나무,Quercus,serrata,36.03425342,126.717452,12-L-2789
당단풍나무,Acer,pseudosieboldianum,36.0342583,126.7174802,12-L-2790
신갈나무,Quercus,mongolica,36.03424282,126.7174785,12-L-2791
쪽동백나무,Styrax,obassia,36.03423787,126.7175057,12-L-2792
당단풍나무,Acer,pseudosieboldianum,36.03424735,126.7175023,12-L-2793
노각나무,Stewartia,koreana,36.03427183,126.717491,12-L-2794
쪽동백나무,Styrax,obassia,36.03429729,126.7175091,12-L-2795
서어나무,Carpinus,laxiflora,36.03431302,126.7174882,12-L-2796
신갈나무,Quercus,mongolica,36.03428304,126.7174689,12-L-2797
당단풍나무,Acer,pseudosieboldianum,36.03428849,126.7174364,12-L-2798
당단풍나무,Acer,pseudosieboldianum,36.03429939,126.7174359,12-L-2799
졸참나무,Quercus,serrata,36.03428429,126.7174202,12-L-2800
당단풍나무,Acer,pseudosieboldianum,36.03430268,126.717414,12-L-2801
때죽나무,Styrax,japonicus,36.03430627,126.717432,12-L-2802
서어나무,Carpinus,laxiflora,36.03431496,126.7174468,12-L-2803
쇠물푸레,Fraxinus,sieboldiana,36.03431195,126.7174545,12-L-2804
신갈나무,Quercus,mongolica,36.03432213,126.7174551,12-L-2805
당단풍나무,Acer,pseudosieboldianum,36.03432878,126.7174653,12-L-2806
생강나무,Lindera,obtusiloba,36.03434315,126.7174699,12-L-2807
쪽동백나무,Styrax,obassia,36.03435389,126.717489,12-L-2808
쪽동백나무,Styrax,obassia,36.03437006,126.7174897,12-L-2809
때죽나무,Styrax,japonicus,36.03439987,126.7174897,12-L-2810
참느릅나무,Ulmus,parvifolia,36.03438449,126.7174732,12-L-2811
물푸레나무,Fraxinus,rhynchophylla,36.03437202,126.717448,12-L-2812
서어나무,Carpinus,laxiflora,36.03436745,126.7174326,12-L-2813
신갈나무,Quercus,mongolica,36.0343577,126.717436,12-L-2814
서어나무,Carpinus,laxiflora,36.03434064,126.7174373,12-L-2815
쇠물푸레,Fraxinus,sieboldiana,36.03433392,126.7174329,12-L-2816
서어나무,Carpinus,laxiflora,36.03433322,126.7174149,12-L-2817
졸참나무,Quercus,serrata,36.03431237,126.7174043,12-L-2818
졸참나무,Quercus,serrata,36.03434333,126.7173827,12-L-2819
당단풍나무,Acer,pseudosieboldianum,36.03436069,126.7174198,12-L-2820
당단풍나무,Acer,pseudosieboldianum,36.03436997,126.7174067,12-L-2821
노각나무,Stewartia,koreana,36.03437157,126.7173958,12-L-2822
당단풍나무,Acer,pseudosieboldianum,36.03437224,126.717388,12-L-2823
졸참나무,Quercus,serrata,36.03436706,126.7173747,12-L-2824
노각나무,Stewartia,koreana,36.03438172,126.7173625,12-L-2825
다릅나무,Maackia,amurensis,36.03438707,126.7173679,12-L-2826
당단풍나무,Acer,pseudosieboldianum,36.03439371,126.7173627,12-L-2827
졸참나무,Quercus,serrata,36.03439662,126.7173655,12-L-2828
노각나무,Stewartia,koreana,36.03438357,126.7173837,12-L-2829
당단풍나무,Acer,pseudosieboldianum,36.03439287,126.7174005,12-L-2830
졸참나무,Quercus,serrata,36.03438157,126.7174133,12-L-2831
당단풍나무,Acer,pseudosieboldianum,36.03438998,126.7174127,12-L-2832
다릅나무,Maackia,amurensis,36.03439465,126.7174178,12-L-2833
쇠물푸레,Fraxinus,sieboldiana,36.0343917,126.7174263,12-L-2834
노각나무,Stewartia,koreana,36.03438439,126.7174355,12-L-2835
층층나무,Cornus,controversa,36.0344085,126.7174593,12-L-2836
층층나무,Cornus,controversa,36.03442679,126.717457,12-L-2837
층층나무,Cornus,controversa,36.03445132,126.717432,12-L-2838
히어리,Corylopsis,glabrescens,36.0344385,126.7174237,12-L-2839
쇠물푸레,Fraxinus,sieboldiana,36.03444153,126.7174094,12-L-2840
당단풍나무,Acer,pseudosieboldianum,36.03444569,126.7173984,12-L-2841
산벚나무,Prunus,sargentii,36.0344422,126.717395,12-L-2842
서어나무,Carpinus,laxiflora,36.03444033,126.717393,12-L-2843
당단풍나무,Acer,pseudosieboldianum,36.03443004,126.7173908,12-L-2844
졸참나무,Quercus,serrata,36.03442767,126.7174056,12-L-2845
당단풍나무,Acer,pseudosieboldianum,36.03441273,126.7173923,12-L-2846
때죽나무,Styrax,japonicus,36.03440632,126.7174138,12-L-2847
노각나무,Stewartia,koreana,36.03439568,126.7173495,12-L-2848
졸참나무,Quercus,serrata,36.03439573,126.7173452,12-L-2849
졸참나무,Quercus,serrata,36.03443402,126.7173395,12-L-2850
서어나무,Carpinus,laxiflora,36.0344524,126.7173596,12-L-2851
졸참나무,Quercus,serrata,36.03446847,126.7173363,12-L-2852
노각나무,Stewartia,koreana,36.03446391,126.7173226,12-L-2853
졸참나무,Quercus,serrata,36.03446146,126.7173093,12-L-2854
당단풍나무,Acer,pseudosieboldianum,36.03446089,126.7172983,12-L-2855
당단풍나무,Acer,pseudosieboldianum,36.03446986,126.7173035,12-L-2856
당단풍나무,Acer,pseudosieboldianum,36.03446988,126.7173085,12-L-2857
신갈나무,Quercus,mongolica,36.03447575,126.7173204,12-L-2858
노각나무,Stewartia,koreana,36.03447782,126.7173374,12-L-2859
노각나무,Stewartia,koreana,36.03447471,126.7173578,12-L-2860
당단풍나무,Acer,pseudosieboldianum,36.03448375,126.7173561,12-L-2861
졸참나무,Quercus,serrata,36.03448896,126.7173556,12-L-2862
당단풍나무,Acer,pseudosieboldianum,36.03449994,126.7173522,12-L-2863
층층나무,Cornus,controversa,36.03452568,126.71735,12-L-2864
졸참나무,Quercus,serrata,36.03450747,126.7173265,12-L-2865
당단풍나무,Acer,pseudosieboldianum,36.03450946,126.7173027,12-L-2866
졸참나무,Quercus,serrata,36.03449826,126.7172876,12-L-2867
쇠물푸레,Fraxinus,sieboldiana,36.03449257,126.7172812,12-L-2868
서어나무,Carpinus,laxiflora,36.03449383,126.7172737,12-L-2869
서어나무,Carpinus,laxiflora,36.03448487,126.7172868,12-L-2870
당단풍나무,Acer,pseudosieboldianum,36.03446945,126.7172589,12-L-2871
신갈나무,Quercus,mongolica,36.03448163,126.7172477,12-L-2872
당단풍나무,Acer,pseudosieboldianum,36.03448381,126.7172481,12-L-2873
갈참나무,Quercus,aliena,36.03451769,126.7172287,12-L-2874
당단풍나무,Acer,pseudosieboldianum,36.03451835,126.7172444,12-L-2875
서어나무,Carpinus,laxiflora,36.03453366,126.7172429,12-L-2876
합다리나무,Meliosma,oldhamii,36.03452992,126.7172559,12-L-2877
합다리나무,Meliosma,oldhamii,36.03453386,126.7172614,12-L-2878
붉나무,Rhus,javanica,36.03452775,126.7172751,12-L-2879
당단풍나무,Acer,pseudosieboldianum,36.03452683,126.7172857,12-L-2880
당단풍나무,Acer,pseudosieboldianum,36.03453989,126.7172905,12-L-2881
당단풍나무,Acer,pseudosieboldianum,36.03454286,126.7172751,12-L-2882
당단풍나무,Acer,pseudosieboldianum,36.03455385,126.7172826,12-L-2883
층층나무,Cornus,controversa,36.0345723,126.717311,12-L-2884
때죽나무,Styrax,japonicus,36.03461655,126.717277,12-L-2885
노각나무,Stewartia,koreana,36.03458188,126.717251,12-L-2886
노각나무,Stewartia,koreana,36.0345674,126.7172354,12-L-2887
졸참나무,Quercus,serrata,36.03455608,126.7172393,12-L-2888
때죽나무,Styrax,japonicus,36.03454696,126.7172471,12-L-2889
합다리나무,Meliosma,oldhamii,36.03456803,126.7171882,12-L-2890
졸참나무,Quercus,serrata,36.0345878,126.7171929,12-L-2891
가래나무,Juglans,mandshurica,36.03463395,126.7171706,12-L-2892
서어나무,Carpinus,laxiflora,36.03463984,126.7171968,12-L-2893
서어나무,Carpinus,laxiflora,36.03467531,126.7171769,12-L-2894
쪽동백나무,Styrax,obassia,36.03465995,126.7171665,12-L-2895
서어나무,Carpinus,laxiflora,36.03468941,126.7171322,12-L-2896
서어나무,Carpinus,laxiflora,36.03468011,126.7171232,12-L-2897
졸참나무,Quercus,serrata,36.03466536,126.717132,12-L-2898
서어나무,Carpinus,laxiflora,36.03465679,126.7171393,12-L-2899
쇠물푸레,Fraxinus,sieboldiana,36.03465546,126.7171374,12-L-2900
쪽동백나무,Styrax,obassia,36.03468951,126.7170984,12-L-2901
서어나무,Carpinus,laxiflora,36.03471403,126.7170711,12-L-2902
당단풍나무,Acer,pseudosieboldianum,36.0347147,126.7170824,12-L-2903
당단풍나무,Acer,pseudosieboldianum,36.03472378,126.7170774,12-L-2904
때죽나무,Styrax,japonicus,36.03473673,126.7171206,12-L-2905
상수리나무,Quercus,acutissima,36.0347744,126.7170361,12-L-2906
상수리나무,Quercus,acutissima,36.03488935,126.7169711,12-L-2907
갈참나무,Quercus,aliena,36.03494477,126.7169566,12-L-2908
갈참나무,Quercus,aliena,36.03499113,126.7169444,12-L-2909
졸참나무,Quercus,serrata,36.03497114,126.7169279,12-L-2910
굴참나무,Quercus,variabilis,36.03491599,126.7169357,12-L-2911
상수리나무,Quercus,acutissima,36.03485703,126.7169659,12-L-2912
상수리나무,Quercus,acutissima,36.0348213,126.7170058,12-L-2913
졸참나무,Quercus,serrata,36.03479255,126.7169923,12-L-2914
쇠물푸레,Fraxinus,sieboldiana,36.03478732,126.716985,12-L-2915
물푸레나무,Fraxinus,rhynchophylla,36.03476983,126.7169593,12-L-2916
서어나무,Carpinus,laxiflora,36.03476189,126.7169881,12-L-2918
서어나무,Carpinus,laxiflora,36.03476813,126.7170048,12-L-2919
서어나무,Carpinus,laxiflora,36.03474928,126.7169869,12-L-2920
서어나무,Carpinus,laxiflora,36.03473534,126.716999,12-L-2921
서어나무,Carpinus,laxiflora,36.0347451,126.7170054,12-L-2922
졸참나무,Quercus,serrata,36.03474385,126.7170236,12-L-2923
졸참나무,Quercus,serrata,36.03469986,126.7170594,12-L-2924
졸참나무,Quercus,serrata,36.03470095,126.7170157,12-L-2925
노각나무,Stewartia,koreana,36.03469554,126.7169989,12-L-2926
쇠물푸레,Fraxinus,sieboldiana,36.03469656,126.7169902,12-L-2927
졸참나무,Quercus,serrata,36.03469364,126.7169822,12-L-2928
노각나무,Stewartia,koreana,36.03467556,126.7169783,12-L-2929
합다리나무,Meliosma,oldhamii,36.03468541,126.7169974,12-L-2930
합다리나무,Meliosma,oldhamii,36.03466217,126.717009,12-L-2931
대팻집나무,Ilex,macropoda,36.03466538,126.7170205,12-L-2933
서어나무,Carpinus,laxiflora,36.03464541,126.717028,12-L-2934
졸참나무,Quercus,serrata,36.03465554,126.7170542,12-L-2935
서어나무,Carpinus,laxiflora,36.03466377,126.7170915,12-L-2936
서어나무,Carpinus,laxiflora,36.03465269,126.7171009,12-L-2937
서어나무,Carpinus,laxiflora,36.03464797,126.7171093,12-L-2938
노각나무,Stewartia,koreana,36.03463552,126.7171104,12-L-2939
붉나무,Rhus,javanica,36.03464686,126.7170897,12-L-2940
붉나무,Rhus,javanica,36.03462758,126.7170873,12-L-2941
졸참나무,Quercus,serrata,36.03461429,126.7170634,12-L-2942
노각나무,Stewartia,koreana,36.03462438,126.7170264,12-L-2943
졸참나무,Quercus,serrata,36.03462888,126.7170065,12-L-2944
졸참나무,Quercus,serrata,36.0345875,126.7170123,12-L-2945
졸참나무,Quercus,serrata,36.03457941,126.7170425,12-L-2946
산벚나무,Prunus,sargentii,36.0345884,126.717057,12-L-2947
층층나무,Cornus,controversa,36.03460146,126.7170871,12-L-2948
서어나무,Carpinus,laxiflora,36.03461448,126.7171053,12-L-2949
때죽나무,Styrax,japonicus,36.0346204,126.7171281,12-L-2950
졸참나무,Quercus,serrata,36.03463012,126.7171421,12-L-2951
서어나무,Carpinus,laxiflora,36.03463736,126.7171462,12-L-2952
자귀나무,Albizia,julibrissin,36.03463206,126.7171516,12-L-2953
졸참나무,Quercus,serrata,36.03460597,126.7171409,12-L-2954
졸참나무,Quercus,serrata,36.0346054,126.717162,12-L-2955
서어나무,Carpinus,laxiflora,36.03457437,126.7171318,12-L-2956
서어나무,Carpinus,laxiflora,36.03456491,126.7171591,12-L-2957
졸참나무,Quercus,serrata,36.03455654,126.7171486,12-L-2958
굴참나무,Quercus,variabilis,36.03454218,126.7171663,12-L-2959
참느릅나무,Ulmus,parvifolia,36.03458508,126.7171241,12-L-2960
쪽동백나무,Styrax,obassia,36.03459093,126.7171114,12-L-2961
졸참나무,Quercus,serrata,36.03457622,126.717101,12-L-2962
졸참나무,Quercus,serrata,36.03457544,126.7171012,12-L-2963
팥배나무,Sorbus,alnifolia,36.03458496,126.7170947,12-L-2964
때죽나무,Styrax,japonicus,36.03454911,126.71713,12-L-2965
졸참나무,Quercus,serrata,36.03453321,126.7171173,12-L-2966
당단풍나무,Acer,pseudosieboldianum,36.03451541,126.7171067,12-L-2967
졸참나무,Quercus,serrata,36.0345307,126.7170583,12-L-2968
쪽동백나무,Styrax,obassia,36.03453378,126.717053,12-L-2969
졸참나무,Quercus,serrata,36.03451094,126.7170532,12-L-2970
당단풍나무,Acer,pseudosieboldianum,36.03452201,126.7170606,12-L-2971
졸참나무,Quercus,serrata,36.03450183,126.7170798,12-L-2972
졸참나무,Quercus,serrata,36.03448711,126.7170463,12-L-2973
물푸레나무,Fraxinus,rhynchophylla,36.03448095,126.7170546,12-L-2974
졸참나무,Quercus,serrata,36.0344642,126.7170664,12-L-2975
서어나무,Carpinus,laxiflora,36.03447592,126.7170735,12-L-2976
서어나무,Carpinus,laxiflora,36.03446912,126.7170899,12-L-2977
서어나무,Carpinus,laxiflora,36.03446495,126.71712,12-L-2978
졸참나무,Quercus,serrata,36.03447764,126.7171318,12-L-2979
졸참나무,Quercus,serrata,36.03450592,126.7171377,12-L-2980
까치박달,Carpinus,cordata,36.03453121,126.7171608,12-L-2981
졸참나무,Quercus,serrata,36.03452093,126.717185,12-L-2982
굴참나무,Quercus,variabilis,36.03450501,126.7171803,12-L-2983
굴참나무,Quercus,variabilis,36.03444084,126.717107,12-L-2984
서어나무,Carpinus,laxiflora,36.03444002,126.7170911,12-L-2985
합다리나무,Meliosma,oldhamii,36.03444427,126.7170691,12-L-2986
합다리나무,Meliosma,oldhamii,36.03444274,126.7170695,12-L-2987
서어나무,Carpinus,laxiflora,36.03443647,126.7170797,12-L-2988
졸참나무,Quercus,serrata,36.03442035,126.7170736,12-L-2989
졸참나무,Quercus,serrata,36.03442732,126.7171011,12-L-2990
당단풍나무,Acer,pseudosieboldianum,36.0344057,126.7171214,12-L-2991
졸참나무,Quercus,serrata,36.03439873,126.7170712,12-L-2992
졸참나무,Quercus,serrata,36.034382,126.7171044,12-L-2993
졸참나무,Quercus,serrata,36.03435945,126.717125,12-L-2994
굴참나무,Quercus,variabilis,36.03435111,126.7171208,12-L-2995
서어나무,Carpinus,laxiflora,36.03436606,126.7170841,12-L-2996
굴참나무,Quercus,variabilis,36.03435547,126.7170732,12-L-2997
개암나무,Corylus,heterophylla,36.03433219,126.717091,12-L-2998
합다리나무,Meliosma,oldhamii,36.0343241,126.7171079,12-L-2999
졸참나무,Quercus,serrata,36.03433095,126.717135,12-L-3000
졸참나무,Quercus,serrata,36.03430614,126.7171215,12-L-3001
가래나무,Juglans,mandshurica,36.03430585,126.7171081,12-L-3002
졸참나무,Quercus,serrata,36.03429599,126.7170963,12-L-3003
졸참나무,Quercus,serrata,36.03428583,126.717089,12-L-3004
굴참나무,Quercus,variabilis,36.03428257,126.7171176,12-L-3005
졸참나무,Quercus,serrata,36.0342681,126.7171226,12-L-3006
졸참나무,Quercus,serrata,36.03425448,126.7170854,12-L-3007
졸참나무,Quercus,serrata,36.0342308,126.7170933,12-L-3008
졸참나무,Quercus,serrata,36.03423425,126.7171253,12-L-3009
졸참나무,Quercus,serrata,36.03425178,126.7171375,12-L-3010
졸참나무,Quercus,serrata,36.03422302,126.7171659,12-L-3011
합다리나무,Meliosma,oldhamii,36.03422663,126.7171476,12-L-3012
굴참나무,Quercus,variabilis,36.03422135,126.717132,12-L-3013
졸참나무,Quercus,serrata,36.03421151,126.7171304,12-L-3014
졸참나무,Quercus,serrata,36.0342037,126.717115,12-L-3015
졸참나무,Quercus,serrata,36.03421085,126.7171082,12-L-3016
졸참나무,Quercus,serrata,36.03419184,126.7171272,12-L-3017
졸참나무,Quercus,serrata,36.03419351,126.7171325,12-L-3018
졸참나무,Quercus,serrata,36.03420398,126.7171534,12-L-3019
서어나무,Carpinus,laxiflora,36.03419883,126.7171716,12-L-3020
때죽나무,Styrax,japonicus,36.03419075,126.7171769,12-L-3021
졸참나무,Quercus,serrata,36.03418398,126.7171709,12-L-3022
졸참나무,Quercus,serrata,36.03417067,126.71715,12-L-3023
졸참나무,Quercus,serrata,36.03416411,126.7171046,12-L-3024
졸참나무,Quercus,serrata,36.03414977,126.7171258,12-L-3025
서어나무,Carpinus,laxiflora,36.03414293,126.717174,12-L-3026
산벚나무,Prunus,sargentii,36.03413821,126.7171812,12-L-3027
졸참나무,Quercus,serrata,36.03413038,126.717188,12-L-3028
졸참나무,Quercus,serrata,36.03409745,126.7171727,12-L-3029
졸참나무,Quercus,serrata,36.03409334,126.71713,12-L-3030
졸참나무,Quercus,serrata,36.03406723,126.7171462,12-L-3031
서어나무,Carpinus,laxiflora,36.03405655,126.7171909,12-L-3032
졸참나무,Quercus,serrata,36.03404464,126.7171974,12-L-3033
서어나무,Carpinus,laxiflora,36.03404568,126.717171,12-L-3034
졸참나무,Quercus,serrata,36.03401623,126.7171653,12-L-3035
졸참나무,Quercus,serrata,36.0340098,126.7172055,12-L-3036
굴참나무,Quercus,variabilis,36.03401058,126.717223,12-L-3037
졸참나무,Quercus,serrata,36.03402603,126.7172429,12-L-3038
동백나무,Camellia,japonica,36.03402247,126.7172396,12-L-3039
졸참나무,Quercus,serrata,36.03400368,126.7172373,12-L-3040
굴참나무,Quercus,variabilis,36.03402348,126.7172772,12-L-3041
졸참나무,Quercus,serrata,36.03403527,126.7172924,12-L-3042
소나무,Pinus,densiflora,36.03401218,126.7173733,12-L-3046
떡갈나무,Quercus,dentata,36.03401581,126.7173798,12-L-3047
쇠물푸레,Fraxinus,sieboldiana,36.03402123,126.717386,12-L-3048
굴참나무,Quercus,variabilis,36.0340253,126.7173642,12-L-3049
소나무,Pinus,densiflora,36.03405324,126.7173789,12-L-3050
굴참나무,Quercus,variabilis,36.03407303,126.717373,12-L-3051
소나무,Pinus,densiflora,36.03409633,126.7173799,12-L-3052
굴참나무,Quercus,variabilis,36.03410955,126.7173789,12-L-3053
소나무,Pinus,densiflora,36.03411401,126.7173625,12-L-3054
소나무,Pinus,densiflora,36.03409865,126.7173284,12-L-3055
소나무,Pinus,densiflora,36.03406675,126.7173285,12-L-3056
굴참나무,Quercus,variabilis,36.03405128,126.7173361,12-L-3057
소나무,Pinus,densiflora,36.03403202,126.7173275,12-L-3058
쇠물푸레,Fraxinus,sieboldiana,36.03402422,126.7173219,12-L-3059
졸참나무,Quercus,serrata,36.03404835,126.717289,12-L-3060
신갈나무,Quercus,mongolica,36.03407982,126.7172464,12-L-3061
졸참나무,Quercus,serrata,36.03407698,126.7172132,12-L-3062
졸참나무,Quercus,serrata,36.03407095,126.7172054,12-L-3063
굴참나무,Quercus,variabilis,36.03408512,126.717198,12-L-3064
때죽나무,Styrax,japonicus,36.03410021,126.7172134,12-L-3065
신갈나무,Quercus,mongolica,36.03410646,126.7172353,12-L-3066
굴참나무,Quercus,variabilis,36.03412919,126.7172,12-L-3067
졸참나무,Quercus,serrata,36.03415031,126.7172039,12-L-3068
때죽나무,Styrax,japonicus,36.03413991,126.7172501,12-L-3069
굴참나무,Quercus,variabilis,36.03414719,126.7172607,12-L-3070
굴참나무,Quercus,variabilis,36.03413234,126.7172644,12-L-3071
소나무,Pinus,densiflora,36.03410998,126.7172764,12-L-3072
굴참나무,Quercus,variabilis,36.03411684,126.7172964,12-L-3073
소나무,Pinus,densiflora,36.03413237,126.7172946,12-L-3074
굴참나무,Quercus,variabilis,36.03414528,126.717296,12-L-3075
굴참나무,Quercus,variabilis,36.0341416,126.7173098,12-L-3076
소나무,Pinus,densiflora,36.03414157,126.717314,12-L-3077
굴참나무,Quercus,variabilis,36.03415571,126.7173323,12-L-3078
쇠물푸레,Fraxinus,sieboldiana,36.03414891,126.7173721,12-L-3079
소나무,Pinus,densiflora,36.03413849,126.7173786,12-L-3080
쇠물푸레,Fraxinus,sieboldiana,36.03414598,126.7173852,12-L-3081
졸참나무,Quercus,serrata,36.03415115,126.7174005,12-L-3082
쇠물푸레,Fraxinus,sieboldiana,36.03417182,126.7174153,12-L-3083
쇠물푸레,Fraxinus,sieboldiana,36.03417513,126.7174179,12-L-3084
쇠물푸레,Fraxinus,sieboldiana,36.03417958,126.7174192,12-L-3085
쇠물푸레,Fraxinus,sieboldiana,36.03419616,126.7174169,12-L-3086
쇠물푸레,Fraxinus,sieboldiana,36.03419643,126.7174192,12-L-3087
쇠물푸레,Fraxinus,sieboldiana,36.03420768,126.7174265,12-L-3088
쇠물푸레,Fraxinus,sieboldiana,36.03419324,126.7173775,12-L-3089
굴참나무,Quercus,variabilis,36.03420534,126.7173441,12-L-3090
소나무,Pinus,densiflora,36.03419781,126.7173462,12-L-3091
굴참나무,Quercus,variabilis,36.03418056,126.717354,12-L-3092
굴참나무,Quercus,variabilis,36.03417572,126.7173542,12-L-3093
소나무,Pinus,densiflora,36.03416894,126.7173365,12-L-3094
때죽나무,Styrax,japonicus,36.03417887,126.7173268,12-L-3095
굴참나무,Quercus,variabilis,36.03418186,126.7173155,12-L-3096
소나무,Pinus,densiflora,36.0342043,126.7173045,12-L-3097
소나무,Pinus,densiflora,36.0341743,126.7172914,12-L-3098
굴참나무,Quercus,variabilis,36.03414842,126.7172792,12-L-3099
소나무,Pinus,densiflora,36.03415414,126.7172505,12-L-3100
소나무,Pinus,densiflora,36.03418698,126.71724,12-L-3101
굴참나무,Quercus,variabilis,36.03418144,126.7172211,12-L-3102
졸참나무,Quercus,serrata,36.03417481,126.7171952,12-L-3103
쪽동백나무,Styrax,obassia,36.03418292,126.7171856,12-L-3104
쇠물푸레,Fraxinus,sieboldiana,36.03420415,126.717175,12-L-3105
굴참나무,Quercus,variabilis,36.03421917,126.7171751,12-L-3106
굴참나무,Quercus,variabilis,36.0342194,126.7172018,12-L-3107
굴참나무,Quercus,variabilis,36.03419828,126.7172238,12-L-3108
소나무,Pinus,densiflora,36.03421636,126.7172771,12-L-3109
소나무,Pinus,densiflora,36.03423164,126.7173292,12-L-3110
굴참나무,Quercus,variabilis,36.0342126,126.7173561,12-L-3111
소나무,Pinus,densiflora,36.0342221,126.7173728,12-L-3112
졸참나무,Quercus,serrata,36.03421187,126.717393,12-L-3113
굴참나무,Quercus,variabilis,36.03422036,126.7174144,12-L-3114
쇠물푸레,Fraxinus,sieboldiana,36.03423406,126.7174067,12-L-3115
쇠물푸레,Fraxinus,sieboldiana,36.03424774,126.7174115,12-L-3116
쇠물푸레,Fraxinus,sieboldiana,36.03425186,126.7174143,12-L-3117
졸참나무,Quercus,serrata,36.03425134,126.717394,12-L-3118
노린재나무,Symplocos,sawafutagi,36.03422737,126.7173844,12-L-3119
물푸레나무,Fraxinus,rhynchophylla,36.03427437,126.7173841,12-L-3120
굴참나무,Quercus,variabilis,36.03428394,126.7173888,12-L-3121
소나무,Pinus,densiflora,36.03427648,126.7173799,12-L-3122
물푸레나무,Fraxinus,rhynchophylla,36.03428254,126.717371,12-L-3123
물푸레나무,Fraxinus,rhynchophylla,36.03432314,126.7173817,12-L-3124
물푸레나무,Fraxinus,rhynchophylla,36.03432952,126.7173795,12-L-3125
졸참나무,Quercus,serrata,36.03430601,126.7173639,12-L-3126
굴참나무,Quercus,variabilis,36.03429926,126.717349,12-L-3127
소나무,Pinus,densiflora,36.03430952,126.7173389,12-L-3128
굴참나무,Quercus,variabilis,36.03428947,126.7173285,12-L-3129
소나무,Pinus,densiflora,36.03426827,126.7173389,12-L-3130
소나무,Pinus,densiflora,36.03424128,126.717298,12-L-3131
굴참나무,Quercus,variabilis,36.03426548,126.7172972,12-L-3132
소나무,Pinus,densiflora,36.03427499,126.7172948,12-L-3133
소나무,Pinus,densiflora,36.03427011,126.7172526,12-L-3134
소나무,Pinus,densiflora,36.03424568,126.717257,12-L-3135
굴참나무,Quercus,variabilis,36.03424272,126.7171826,12-L-3136
졸참나무,Quercus,serrata,36.0342667,126.7171669,12-L-3137
굴참나무,Quercus,variabilis,36.0342712,126.7171683,12-L-3138
굴참나무,Quercus,variabilis,36.03426911,126.7171838,12-L-3139
소나무,Pinus,densiflora,36.03427812,126.7171939,12-L-3140
굴참나무,Quercus,variabilis,36.03428963,126.7172138,12-L-3141
소나무,Pinus,densiflora,36.0343044,126.7172082,12-L-3142
소나무,Pinus,densiflora,36.0344392,126.7171463,12-L-3143
굴참나무,Quercus,variabilis,36.0343002,126.7172798,12-L-3144
굴참나무,Quercus,variabilis,36.03430889,126.7172752,12-L-3145
소나무,Pinus,densiflora,36.03431376,126.717292,12-L-3146
소나무,Pinus,densiflora,36.03432181,126.7172782,12-L-3147
소나무,Pinus,densiflora,36.03434215,126.7173041,12-L-3148
굴참나무,Quercus,variabilis,36.03432843,126.71731,12-L-3149
굴참나무,Quercus,variabilis,36.03433277,126.7173235,12-L-3150
노린재나무,Symplocos,sawafutagi,36.03432987,126.7173381,12-L-3151
굴참나무,Quercus,variabilis,36.03433167,126.7173544,12-L-3152
느티나무,Zelkova,serrata,36.03434587,126.7173625,12-L-3153
소나무,Pinus,densiflora,36.03436154,126.7172925,12-L-3154
쇠물푸레,Fraxinus,sieboldiana,36.03435597,126.7172753,12-L-3155
쇠물푸레,Fraxinus,sieboldiana,36.03435901,126.7172687,12-L-3156
굴참나무,Quercus,variabilis,36.03435144,126.7172698,12-L-3157
굴참나무,Quercus,variabilis,36.03437643,126.7172602,12-L-3158
소나무,Pinus,densiflora,36.03437158,126.7172567,12-L-3159
쇠물푸레,Fraxinus,sieboldiana,36.03436033,126.7172464,12-L-3160
굴참나무,Quercus,variabilis,36.03434263,126.7172349,12-L-3161
소나무,Pinus,densiflora,36.03435566,126.7172088,12-L-3162
소나무,Pinus,densiflora,36.03433484,126.7171914,12-L-3163
굴참나무,Quercus,variabilis,36.03432183,126.7172145,12-L-3164
굴참나무,Quercus,variabilis,36.0343237,126.717199,12-L-3165
소나무,Pinus,densiflora,36.03430966,126.7171826,12-L-3166
쇠물푸레,Fraxinus,sieboldiana,36.03431237,126.717174,12-L-3167
소나무,Pinus,densiflora,36.03435042,126.7171325,12-L-3168
굴참나무,Quercus,variabilis,36.03437826,126.7171634,12-L-3169
소나무,Pinus,densiflora,36.03438397,126.7171773,12-L-3170
굴참나무,Quercus,variabilis,36.03437053,126.7172036,12-L-3171
소나무,Pinus,densiflora,36.03437961,126.7172237,12-L-3172
쇠물푸레,Fraxinus,sieboldiana,36.03438147,126.717235,12-L-3173
굴참나무,Quercus,variabilis,36.03439061,126.7172164,12-L-3174
소나무,Pinus,densiflora,36.03440685,126.7172364,12-L-3175
소나무,Pinus,densiflora,36.03441416,126.7172682,12-L-3176
소나무,Pinus,densiflora,36.03439526,126.717287,12-L-3177
떡갈나무,Quercus,dentata,36.03439014,126.7172856,12-L-3178
물푸레나무,Fraxinus,rhynchophylla,36.03439498,126.7172905,12-L-3179
굴참나무,Quercus,variabilis,36.03437967,126.7173122,12-L-3180
굴참나무,Quercus,variabilis,36.03441975,126.7172729,12-L-3181
굴참나무,Quercus,variabilis,36.03443094,126.7172417,12-L-3182
소나무,Pinus,densiflora,36.03444561,126.717195,12-L-3183
굴참나무,Quercus,variabilis,36.03444479,126.7171829,12-L-3184
굴참나무,Quercus,variabilis,36.03443339,126.7171911,12-L-3185
쇠물푸레,Fraxinus,sieboldiana,36.03442889,126.71718,12-L-3186
소나무,Pinus,densiflora,36.03442272,126.7171884,12-L-3187
소나무,Pinus,densiflora,36.03441861,126.7171417,12-L-3188
굴참나무,Quercus,variabilis,36.0344209,126.7171427,12-L-3189
졸참나무,Quercus,serrata,36.03291751,126.7174942,12-L-3190
감태나무,Lindera,glauca,36.03475442,126.7174408,12-L-3191
졸참나무,Quercus,serrata,36.03305767,126.7173378,12-L-3192
졸참나무,Quercus,serrata,36.03316044,126.7174136,12-L-3193
졸참나무,Quercus,serrata,36.03323811,126.717415,12-L-3194
굴참나무,Quercus,variabilis,36.03478698,126.7174264,12-L-3195
졸참나무,Quercus,serrata,36.03335747,126.7173778,12-L-3196
화살나무,Euonymus,alatus,36.03479948,126.7174698,12-L-3197
느릅나무,Ulmus,davidiana,36.03480549,126.7174675,12-L-3198
굴참나무,Quercus,variabilis,36.03481462,126.717458,12-L-3199
졸참나무,Quercus,serrata,36.03295779,126.7173728,12-L-3200
졸참나무,Quercus,serrata,36.03295834,126.7173537,12-L-3201
갈참나무,Quercus,aliena,36.0348,126.7174224,12-L-3202
졸참나무,Quercus,serrata,36.03298252,126.7174486,12-L-3203
굴참나무,Quercus,variabilis,36.03479024,126.717404,12-L-3204
굴참나무,Quercus,variabilis,36.03478979,126.7174004,12-L-3205
조록싸리,Lespedeza,maximowiczii,36.03479542,126.7173891,12-L-3206
졸참나무,Quercus,serrata,36.03302473,126.717401,12-L-3207
조록싸리,Lespedeza,maximowiczii,36.03481861,126.71739,12-L-3208
조록싸리,Lespedeza,maximowiczii,36.03483241,126.7173987,12-L-3209
조록싸리,Lespedeza,maximowiczii,36.03482489,126.7174094,12-L-3210
굴참나무,Quercus,variabilis,36.03483648,126.7174168,12-L-3211
졸참나무,Quercus,serrata,36.03306737,126.7174616,12-L-3212
졸참나무,Quercus,serrata,36.03304825,126.7173883,12-L-3213
졸참나무,Quercus,serrata,36.0330607,126.7173088,12-L-3214
굴참나무,Quercus,variabilis,36.03484205,126.717457,12-L-3215
굴참나무,Quercus,variabilis,36.03483088,126.7174718,12-L-3216
졸참나무,Quercus,serrata,36.03307608,126.7174214,12-L-3217
졸참나무,Quercus,serrata,36.033094,126.7174594,12-L-3218
졸참나무,Quercus,serrata,36.033113,126.7174469,12-L-3219
화살나무,Euonymus,alatus,36.0348379,126.7174852,12-L-3220
졸참나무,Quercus,serrata,36.03310093,126.7173943,12-L-3221
졸참나무,Quercus,serrata,36.03307815,126.717327,12-L-3222
참느릅나무,Ulmus,parvifolia,36.03487549,126.7174335,12-L-3223
화살나무,Euonymus,alatus,36.03485466,126.7174132,12-L-3224
굴참나무,Quercus,variabilis,36.03484899,126.7173872,12-L-3225
졸참나무,Quercus,serrata,36.03317834,126.7174115,12-L-3226
굴참나무,Quercus,variabilis,36.03482088,126.7173369,12-L-3227
졸참나무,Quercus,serrata,36.03315012,126.7173775,12-L-3228
굴참나무,Quercus,variabilis,36.03484921,126.71733,12-L-3229
굴피나무,Platycarya,strobilacea,36.0348478,126.7173501,12-L-3230
굴피나무,Platycarya,strobilacea,36.03486735,126.7173486,12-L-3231
굴참나무,Quercus,variabilis,36.03485847,126.7173586,12-L-3232
층층나무,Cornus,controversa,36.03486811,126.7173684,12-L-3233
층층나무,Cornus,controversa,36.03486303,126.7173798,12-L-3234
굴참나무,Quercus,variabilis,36.03485513,126.7173807,12-L-3235
굴피나무,Platycarya,strobilacea,36.03485544,126.7173962,12-L-3236
굴참나무,Quercus,variabilis,36.03486065,126.7174018,12-L-3237
굴참나무,Quercus,variabilis,36.03486527,126.7173936,12-L-3238
굴참나무,Quercus,variabilis,36.03488138,126.7173784,12-L-3239
굴참나무,Quercus,variabilis,36.03487785,126.7173778,12-L-3240
굴참나무,Quercus,variabilis,36.03488908,126.7173835,12-L-3241
느릅나무,Ulmus,davidiana,36.03489149,126.717392,12-L-3242
졸참나무,Quercus,serrata,36.03342162,126.7173497,12-L-3243
굴참나무,Quercus,variabilis,36.03488222,126.7174096,12-L-3244
굴참나무,Quercus,variabilis,36.03489772,126.7174307,12-L-3245
졸참나무,Quercus,serrata,36.03339957,126.7173918,12-L-3246
떡갈나무,Quercus,dentata,36.03490605,126.7174487,12-L-3247
굴참나무,Quercus,variabilis,36.03491093,126.7174587,12-L-3248
졸참나무,Quercus,serrata,36.03338708,126.7173716,12-L-3249
졸참나무,Quercus,serrata,36.03337648,126.7173607,12-L-3250
졸참나무,Quercus,serrata,36.03337117,126.71738,12-L-3251
굴참나무,Quercus,variabilis,36.03493679,126.7174697,12-L-3252
병꽃나무,Weigela,subsessilis,36.03492866,126.7174545,12-L-3253
굴참나무,Quercus,variabilis,36.03493587,126.7174456,12-L-3254
졸참나무,Quercus,serrata,36.03335621,126.7173538,12-L-3255
굴참나무,Quercus,variabilis,36.034931,126.7174258,12-L-3256
화살나무,Euonymus,alatus,36.03492722,126.7174234,12-L-3257
굴참나무,Quercus,variabilis,36.03493537,126.7174187,12-L-3258
감태나무,Lindera,glauca,36.03493356,126.7173899,12-L-3259
굴참나무,Quercus,variabilis,36.03492914,126.7173544,12-L-3260
쇠물푸레,Fraxinus,sieboldiana,36.03490726,126.7173777,12-L-3261
굴피나무,Platycarya,strobilacea,36.03488894,126.7173205,12-L-3262
감태나무,Lindera,glauca,36.03487231,126.7173182,12-L-3263
굴참나무,Quercus,variabilis,36.03487267,126.7172984,12-L-3264
감태나무,Lindera,glauca,36.03486261,126.7173014,12-L-3265
갈참나무,Quercus,aliena,36.03485923,126.7172835,12-L-3266
굴참나무,Quercus,variabilis,36.03486734,126.7172898,12-L-3267
굴참나무,Quercus,variabilis,36.03486521,126.7172709,12-L-3268
졸참나무,Quercus,serrata,36.03334572,126.7173832,12-L-3269
굴참나무,Quercus,variabilis,36.03488751,126.7172774,12-L-3270
떡갈나무,Quercus,dentata,36.03488644,126.7172877,12-L-3271
쪽동백나무,Styrax,obassia,36.03488116,126.7172921,12-L-3272
굴피나무,Platycarya,strobilacea,36.03489761,126.7172894,12-L-3273
쪽동백나무,Styrax,obassia,36.03490417,126.7173101,12-L-3274
굴참나무,Quercus,variabilis,36.03490466,126.7173254,12-L-3275
쪽동백나무,Styrax,obassia,36.03491738,126.717324,12-L-3276
굴참나무,Quercus,variabilis,36.03494334,126.7173701,12-L-3277
졸참나무,Quercus,serrata,36.03333141,126.7173759,12-L-3278
굴참나무,Quercus,variabilis,36.03496105,126.7173867,12-L-3279
졸참나무,Quercus,serrata,36.03333349,126.7173549,12-L-3280
졸참나무,Quercus,serrata,36.03331951,126.7173638,12-L-3281
굴참나무,Quercus,variabilis,36.03499598,126.7174597,12-L-3282
졸참나무,Quercus,serrata,36.03295003,126.7175026,12-L-3283
굴참나무,Quercus,variabilis,36.03498481,126.7174634,12-L-3284
졸참나무,Quercus,serrata,36.03295648,126.7174892,12-L-3285
감태나무,Lindera,glauca,36.03502932,126.7174522,12-L-3286
갈참나무,Quercus,aliena,36.03500372,126.717441,12-L-3287
졸참나무,Quercus,serrata,36.03297945,126.717487,12-L-3288
굴참나무,Quercus,variabilis,36.03502,126.7174367,12-L-3289
굴참나무,Quercus,variabilis,36.03501382,126.7173908,12-L-3290
갈참나무,Quercus,aliena,36.03500757,126.7174316,12-L-3291
굴참나무,Quercus,variabilis,36.03500025,126.7173953,12-L-3292
굴참나무,Quercus,variabilis,36.03500598,126.7173947,12-L-3293
신갈나무,Quercus,mongolica,36.03499617,126.7173676,12-L-3294
굴참나무,Quercus,variabilis,36.03499091,126.7173537,12-L-3295
굴참나무,Quercus,variabilis,36.03499068,126.7173295,12-L-3296
갈참나무,Quercus,aliena,36.03497862,126.7173001,12-L-3297
굴참나무,Quercus,variabilis,36.03496842,126.7172981,12-L-3298
졸참나무,Quercus,serrata,36.03293877,126.7174786,12-L-3299
산벚나무,Prunus,sargentii,36.0349612,126.717348,12-L-3300
굴참나무,Quercus,variabilis,36.03495982,126.7173269,12-L-3301
굴참나무,Quercus,variabilis,36.03494866,126.7172886,12-L-3302
굴참나무,Quercus,variabilis,36.03494475,126.7172673,12-L-3303
굴참나무,Quercus,variabilis,36.03491531,126.7172925,12-L-3304
감태나무,Lindera,glauca,36.03490387,126.7172918,12-L-3305
굴참나무,Quercus,variabilis,36.03489879,126.7172633,12-L-3306
굴참나무,Quercus,variabilis,36.03488764,126.7172506,12-L-3307
졸참나무,Quercus,serrata,36.03294367,126.7173849,12-L-3308
굴참나무,Quercus,variabilis,36.03490944,126.7172485,12-L-3309
굴참나무,Quercus,variabilis,36.03491937,126.717262,12-L-3310
굴참나무,Quercus,variabilis,36.03491622,126.7172357,12-L-3311
굴참나무,Quercus,variabilis,36.03492387,126.7172433,12-L-3312
굴참나무,Quercus,variabilis,36.03494122,126.717226,12-L-3313
쪽동백나무,Styrax,obassia,36.03494118,126.7172389,12-L-3314
떡갈나무,Quercus,dentata,36.03495693,126.7172446,12-L-3315
굴참나무,Quercus,variabilis,36.03496836,126.7172622,12-L-3316
떡갈나무,Quercus,dentata,36.03498651,126.7172668,12-L-3317
떡갈나무,Quercus,dentata,36.03499824,126.7172706,12-L-3318
굴참나무,Quercus,variabilis,36.03502558,126.7172863,12-L-3319
굴참나무,Quercus,variabilis,36.03501126,126.7172553,12-L-3320
굴참나무,Quercus,variabilis,36.03500104,126.7172503,12-L-3321
굴참나무,Quercus,variabilis,36.03498863,126.7172424,12-L-3322
개암나무,Corylus,heterophylla,36.0349649,126.7172248,12-L-3323
굴참나무,Quercus,variabilis,36.0349659,126.7172357,12-L-3324
굴참나무,Quercus,variabilis,36.03496104,126.7172112,12-L-3325
굴참나무,Quercus,variabilis,36.03498138,126.7172084,12-L-3326
굴참나무,Quercus,variabilis,36.03498843,126.7171924,12-L-3327
신갈나무,Quercus,mongolica,36.03499126,126.7172158,12-L-3328
굴참나무,Quercus,variabilis,36.03499897,126.7172283,12-L-3329
졸참나무,Quercus,serrata,36.03295652,126.7174628,12-L-3330
굴참나무,Quercus,variabilis,36.03585574,126.7170873,12-L-3331
굴참나무,Quercus,variabilis,36.03503449,126.7172577,12-L-3332
굴참나무,Quercus,variabilis,36.03505267,126.7172441,12-L-3333
굴참나무,Quercus,variabilis,36.03506269,126.7172407,12-L-3334
굴참나무,Quercus,variabilis,36.03504689,126.7172318,12-L-3335
굴참나무,Quercus,variabilis,36.03505393,126.7172116,12-L-3336
굴참나무,Quercus,variabilis,36.03504265,126.7172124,12-L-3337
굴참나무,Quercus,variabilis,36.03503775,126.717213,12-L-3338
굴참나무,Quercus,variabilis,36.03502745,126.717216,12-L-3339
굴참나무,Quercus,variabilis,36.03502427,126.7172051,12-L-3340
굴피나무,Platycarya,strobilacea,36.03502311,126.7171996,12-L-3341
졸참나무,Quercus,serrata,36.03298782,126.7174199,12-L-3342
굴참나무,Quercus,variabilis,36.03501225,126.7171744,12-L-3343
붉나무,Rhus,javanica,36.03503245,126.7171824,12-L-3344
굴참나무,Quercus,variabilis,36.03503496,126.7171951,12-L-3345
굴참나무,Quercus,variabilis,36.03503995,126.7171603,12-L-3346
졸참나무,Quercus,serrata,36.03301041,126.7173746,12-L-3347
졸참나무,Quercus,serrata,36.03299859,126.7173505,12-L-3348
굴참나무,Quercus,variabilis,36.03507354,126.7171491,12-L-3349
굴참나무,Quercus,variabilis,36.03506028,126.717163,12-L-3350
굴참나무,Quercus,variabilis,36.03508119,126.7171662,12-L-3351
굴참나무,Quercus,variabilis,36.03507888,126.717184,12-L-3352
굴참나무,Quercus,variabilis,36.0350806,126.7171965,12-L-3353
떡갈나무,Quercus,dentata,36.03508801,126.7171868,12-L-3354
졸참나무,Quercus,serrata,36.03299697,126.7173392,12-L-3355
쪽동백나무,Styrax,obassia,36.03506507,126.7172093,12-L-3356
떡갈나무,Quercus,dentata,36.03506384,126.7172203,12-L-3357
굴참나무,Quercus,variabilis,36.03507362,126.7172385,12-L-3358
졸참나무,Quercus,serrata,36.03299141,126.7173244,12-L-3359
졸참나무,Quercus,serrata,36.03301341,126.7173523,12-L-3360
굴참나무,Quercus,variabilis,36.03510782,126.7172132,12-L-3361
갈참나무,Quercus,aliena,36.03511444,126.7171976,12-L-3362
굴참나무,Quercus,variabilis,36.03511269,126.717185,12-L-3363
굴참나무,Quercus,variabilis,36.03510773,126.7171905,12-L-3364
굴참나무,Quercus,variabilis,36.03511134,126.7171721,12-L-3365
굴참나무,Quercus,variabilis,36.03509263,126.7171559,12-L-3366
졸참나무,Quercus,serrata,36.03302923,126.7173558,12-L-3367
갈참나무,Quercus,aliena,36.03509357,126.7171225,12-L-3368
굴참나무,Quercus,variabilis,36.03509974,126.7171141,12-L-3369
굴참나무,Quercus,variabilis,36.03510856,126.7171466,12-L-3370
굴참나무,Quercus,variabilis,36.03513302,126.7171635,12-L-3371
굴참나무,Quercus,variabilis,36.03512829,126.7171833,12-L-3372
졸참나무,Quercus,serrata,36.03300413,126.7173698,12-L-3373
떡갈나무,Quercus,dentata,36.03514867,126.7171826,12-L-3374
굴참나무,Quercus,variabilis,36.03515386,126.7171694,12-L-3375
팥배나무,Sorbus,alnifolia,36.03516253,126.7171694,12-L-3376
굴참나무,Quercus,variabilis,36.03517357,126.7171885,12-L-3377
팥배나무,Sorbus,alnifolia,36.03518403,126.7171709,12-L-3378
굴참나무,Quercus,variabilis,36.03517519,126.7171627,12-L-3379
굴참나무,Quercus,variabilis,36.03518237,126.7171508,12-L-3380
떡갈나무,Quercus,dentata,36.03516,126.7171255,12-L-3381
굴참나무,Quercus,variabilis,36.03515467,126.7171163,12-L-3382
굴참나무,Quercus,variabilis,36.03516632,126.7171109,12-L-3383
굴참나무,Quercus,variabilis,36.0351374,126.7171107,12-L-3384
굴참나무,Quercus,variabilis,36.03517685,126.7171126,12-L-3385
떡갈나무,Quercus,dentata,36.03517384,126.7171079,12-L-3386
굴참나무,Quercus,variabilis,36.0351839,126.7171192,12-L-3387
굴참나무,Quercus,variabilis,36.03517943,126.7171378,12-L-3388
떡갈나무,Quercus,dentata,36.03518416,126.7171498,12-L-3389
굴참나무,Quercus,variabilis,36.03519584,126.7171586,12-L-3390
팥배나무,Sorbus,alnifolia,36.03519487,126.7171535,12-L-3391
굴참나무,Quercus,variabilis,36.03518547,126.7171366,12-L-3392
팥배나무,Sorbus,alnifolia,36.03520167,126.7171155,12-L-3393
떡갈나무,Quercus,dentata,36.03519171,126.7170989,12-L-3394
팥배나무,Sorbus,alnifolia,36.03519507,126.717139,12-L-3395
팥배나무,Sorbus,alnifolia,36.03519964,126.7170945,12-L-3396
굴참나무,Quercus,variabilis,36.03519914,126.7170849,12-L-3397
졸참나무,Quercus,serrata,36.03302595,126.7174303,12-L-3398
굴참나무,Quercus,variabilis,36.03521839,126.7171061,12-L-3399
굴참나무,Quercus,variabilis,36.03519751,126.7171593,12-L-3400
굴참나무,Quercus,variabilis,36.03519589,126.7171289,12-L-3401
떡갈나무,Quercus,dentata,36.03521042,126.7171604,12-L-3402
떡갈나무,Quercus,dentata,36.03522507,126.7171606,12-L-3403
굴참나무,Quercus,variabilis,36.03521736,126.7171544,12-L-3404
굴참나무,Quercus,variabilis,36.03521097,126.7171465,12-L-3405
신나무,Acer,tataricum,36.03521928,126.7171483,12-L-3406
팥배나무,Sorbus,alnifolia,36.03523222,126.7171457,12-L-3407
굴참나무,Quercus,variabilis,36.03522593,126.7171382,12-L-3408
굴피나무,Platycarya,strobilacea,36.03524248,126.7171147,12-L-3409
졸참나무,Quercus,serrata,36.0330185,126.7174618,12-L-3410
굴참나무,Quercus,variabilis,36.0352395,126.717073,12-L-3411
굴참나무,Quercus,variabilis,36.03525451,126.7170753,12-L-3412
졸참나무,Quercus,serrata,36.03304796,126.7174635,12-L-3413
떡갈나무,Quercus,dentata,36.03524666,126.717158,12-L-3414
졸참나무,Quercus,serrata,36.03304324,126.7174345,12-L-3415
굴참나무,Quercus,variabilis,36.03527602,126.7171725,12-L-3416
굴참나무,Quercus,variabilis,36.03529165,126.7171686,12-L-3417
굴참나무,Quercus,variabilis,36.03528905,126.717156,12-L-3418
굴피나무,Platycarya,strobilacea,36.03529566,126.7171492,12-L-3419
굴참나무,Quercus,variabilis,36.035276,126.7171451,12-L-3420
쪽동백나무,Styrax,obassia,36.03528577,126.7171272,12-L-3421
굴참나무,Quercus,variabilis,36.03528045,126.7171118,12-L-3422
떡갈나무,Quercus,dentata,36.03529044,126.7170875,12-L-3423
굴참나무,Quercus,variabilis,36.03527733,126.7170709,12-L-3424
굴참나무,Quercus,variabilis,36.03530754,126.7171083,12-L-3425
졸참나무,Quercus,serrata,36.03305048,126.717446,12-L-3426
굴참나무,Quercus,variabilis,36.03532481,126.7170848,12-L-3427
굴참나무,Quercus,variabilis,36.03532846,126.717075,12-L-3428
굴참나무,Quercus,variabilis,36.03533174,126.7170842,12-L-3429
굴참나무,Quercus,variabilis,36.03534026,126.7170837,12-L-3430
졸참나무,Quercus,serrata,36.03305068,126.7174224,12-L-3431
굴참나무,Quercus,variabilis,36.0353567,126.7170824,12-L-3432
졸참나무,Quercus,serrata,36.03305868,126.7174206,12-L-3433
굴참나무,Quercus,variabilis,36.03532591,126.7171045,12-L-3434
졸참나무,Quercus,serrata,36.03304416,126.7174067,12-L-3435
떡갈나무,Quercus,dentata,36.03533163,126.7171436,12-L-3436
떡갈나무,Quercus,dentata,36.03532555,126.7171453,12-L-3437
쪽동백나무,Styrax,obassia,36.03531895,126.7171621,12-L-3438
떡갈나무,Quercus,dentata,36.0353133,126.7171792,12-L-3439
졸참나무,Quercus,serrata,36.03304075,126.7173647,12-L-3440
졸참나무,Quercus,serrata,36.03305596,126.7173142,12-L-3441
굴참나무,Quercus,variabilis,36.03532564,126.7171609,12-L-3442
떡갈나무,Quercus,dentata,36.03534217,126.7171687,12-L-3443
굴참나무,Quercus,variabilis,36.03536116,126.7171548,12-L-3444
굴피나무,Platycarya,strobilacea,36.03535405,126.7171359,12-L-3445
굴피나무,Platycarya,strobilacea,36.03537102,126.7171118,12-L-3446
굴참나무,Quercus,variabilis,36.03537061,126.7170989,12-L-3447
굴참나무,Quercus,variabilis,36.03537754,126.7170876,12-L-3448
졸참나무,Quercus,serrata,36.03305275,126.7173252,12-L-3449
굴참나무,Quercus,variabilis,36.03540041,126.7170898,12-L-3450
굴참나무,Quercus,variabilis,36.03541903,126.7170921,12-L-3451
굴참나무,Quercus,variabilis,36.03543063,126.7171004,12-L-3452
굴참나무,Quercus,variabilis,36.03541741,126.7171192,12-L-3453
졸참나무,Quercus,serrata,36.03305969,126.7173363,12-L-3454
굴참나무,Quercus,variabilis,36.03540663,126.7171366,12-L-3455
굴참나무,Quercus,variabilis,36.03540292,126.7171511,12-L-3456
굴참나무,Quercus,variabilis,36.03538644,126.7171076,12-L-3457
굴참나무,Quercus,variabilis,36.03537673,126.7171303,12-L-3458
굴참나무,Quercus,variabilis,36.03536131,126.7171332,12-L-3459
굴참나무,Quercus,variabilis,36.03537427,126.7171525,12-L-3460
굴참나무,Quercus,variabilis,36.03537772,126.7171795,12-L-3461
굴참나무,Quercus,variabilis,36.03535422,126.717191,12-L-3462
굴참나무,Quercus,variabilis,36.03534624,126.7171987,12-L-3463
졸참나무,Quercus,serrata,36.03305814,126.7173406,12-L-3464
굴참나무,Quercus,variabilis,36.03536371,126.7172142,12-L-3465
굴참나무,Quercus,variabilis,36.03537541,126.7172028,12-L-3466
굴참나무,Quercus,variabilis,36.03538859,126.7172056,12-L-3467
굴참나무,Quercus,variabilis,36.0353959,126.7171891,12-L-3468
졸참나무,Quercus,serrata,36.03307216,126.7173586,12-L-3469
굴참나무,Quercus,variabilis,36.03540811,126.717166,12-L-3470
굴참나무,Quercus,variabilis,36.03543306,126.7171636,12-L-3471
굴참나무,Quercus,variabilis,36.03542365,126.7171514,12-L-3472
졸참나무,Quercus,serrata,36.03306086,126.7173621,12-L-3473
굴참나무,Quercus,variabilis,36.0354327,126.7171492,12-L-3474
떡갈나무,Quercus,dentata,36.03543419,126.7171264,12-L-3475
졸참나무,Quercus,serrata,36.03307652,126.7173975,12-L-3476
졸참나무,Quercus,serrata,36.03306784,126.7174077,12-L-3477
굴참나무,Quercus,variabilis,36.03544988,126.7170929,12-L-3478
굴참나무,Quercus,variabilis,36.03545893,126.7171028,12-L-3479
굴참나무,Quercus,variabilis,36.03546549,126.7171127,12-L-3480
졸참나무,Quercus,serrata,36.0330783,126.7174501,12-L-3481
굴참나무,Quercus,variabilis,36.03548273,126.7170978,12-L-3482
굴참나무,Quercus,variabilis,36.03547923,126.7171223,12-L-3483
굴참나무,Quercus,variabilis,36.03546807,126.7171283,12-L-3484
졸참나무,Quercus,serrata,36.03309446,126.7174407,12-L-3485
굴참나무,Quercus,variabilis,36.03547194,126.7171401,12-L-3486
굴참나무,Quercus,variabilis,36.03546616,126.7171382,12-L-3487
쪽동백나무,Styrax,obassia,36.03545872,126.7171411,12-L-3488
쪽동백나무,Styrax,obassia,36.03545416,126.717148,12-L-3489
굴참나무,Quercus,variabilis,36.03544816,126.717156,12-L-3490
쪽동백나무,Styrax,obassia,36.035449,126.7171699,12-L-3491
쪽동백나무,Styrax,obassia,36.03544449,126.7171867,12-L-3492
굴참나무,Quercus,variabilis,36.03543433,126.7171848,12-L-3493
신갈나무,Quercus,mongolica,36.03542525,126.7172037,12-L-3494
굴참나무,Quercus,variabilis,36.03535891,126.717244,12-L-3495
신갈나무,Quercus,mongolica,36.03533552,126.7172597,12-L-3496
굴참나무,Quercus,variabilis,36.03535654,126.7172809,12-L-3497
신갈나무,Quercus,mongolica,36.035398,126.7172567,12-L-3498
떡갈나무,Quercus,dentata,36.03540785,126.7172411,12-L-3499
졸참나무,Quercus,serrata,36.03312868,126.7174322,12-L-3500
졸참나무,Quercus,serrata,36.03311223,126.71743,12-L-3501
굴참나무,Quercus,variabilis,36.03546827,126.7172094,12-L-3502
졸참나무,Quercus,serrata,36.03309848,126.7174134,12-L-3503
떡갈나무,Quercus,dentata,36.03547346,126.7171736,12-L-3504
떡갈나무,Quercus,dentata,36.03548539,126.7171727,12-L-3505
굴참나무,Quercus,variabilis,36.03549634,126.7171544,12-L-3506
굴참나무,Quercus,variabilis,36.03549284,126.7171309,12-L-3507
굴참나무,Quercus,variabilis,36.03549744,126.7171242,12-L-3508
굴참나무,Quercus,variabilis,36.0355143,126.7171231,12-L-3509
떡갈나무,Quercus,dentata,36.03549775,126.7171084,12-L-3510
굴참나무,Quercus,variabilis,36.03552021,126.717153,12-L-3511
떡갈나무,Quercus,dentata,36.03550817,126.7171706,12-L-3512
굴참나무,Quercus,variabilis,36.03550112,126.7171857,12-L-3513
굴참나무,Quercus,variabilis,36.0354869,126.7171969,12-L-3514
졸참나무,Quercus,serrata,36.03309089,126.7174083,12-L-3515
굴참나무,Quercus,variabilis,36.03550632,126.7172051,12-L-3516
굴참나무,Quercus,variabilis,36.03552189,126.7171787,12-L-3517
굴참나무,Quercus,variabilis,36.03552993,126.7171724,12-L-3518
졸참나무,Quercus,serrata,36.03309003,126.7173906,12-L-3519
굴참나무,Quercus,variabilis,36.03553831,126.7171451,12-L-3520
굴참나무,Quercus,variabilis,36.03553596,126.7171853,12-L-3521
굴참나무,Quercus,variabilis,36.03559404,126.7171817,12-L-3522
굴참나무,Quercus,variabilis,36.03559352,126.7171686,12-L-3523
졸참나무,Quercus,serrata,36.03310632,126.7173647,12-L-3524
떡갈나무,Quercus,dentata,36.03560655,126.7171435,12-L-3525
졸참나무,Quercus,serrata,36.03306982,126.7173748,12-L-3526
졸참나무,Quercus,serrata,36.03308448,126.7173557,12-L-3527
떡갈나무,Quercus,dentata,36.03562248,126.7171679,12-L-3528
굴참나무,Quercus,variabilis,36.03562619,126.7171814,12-L-3529
굴참나무,Quercus,variabilis,36.03560617,126.7171887,12-L-3530
굴참나무,Quercus,variabilis,36.03562695,126.717202,12-L-3531
굴참나무,Quercus,variabilis,36.0356053,126.7172261,12-L-3532
졸참나무,Quercus,serrata,36.03307932,126.7173012,12-L-3533
굴참나무,Quercus,variabilis,36.03557872,126.7172158,12-L-3534
졸참나무,Quercus,serrata,36.03309051,126.7173194,12-L-3535
굴참나무,Quercus,variabilis,36.03558222,126.7172395,12-L-3536
졸참나무,Quercus,serrata,36.03312529,126.7173006,12-L-3537
졸참나무,Quercus,serrata,36.0331074,126.7173663,12-L-3538
졸참나무,Quercus,serrata,36.03313365,126.7174053,12-L-3539
굴참나무,Quercus,variabilis,36.03556067,126.7172169,12-L-3540
굴참나무,Quercus,variabilis,36.03554665,126.7172499,12-L-3541
떡갈나무,Quercus,dentata,36.03553865,126.7172551,12-L-3542
갈참나무,Quercus,aliena,36.03552753,126.717263,12-L-3543
굴참나무,Quercus,variabilis,36.03552595,126.7172503,12-L-3544
굴참나무,Quercus,variabilis,36.03551261,126.7172563,12-L-3545
굴참나무,Quercus,variabilis,36.03551789,126.71727,12-L-3546
굴참나무,Quercus,variabilis,36.03550588,126.7172707,12-L-3547
굴참나무,Quercus,variabilis,36.03549755,126.7172591,12-L-3548
졸참나무,Quercus,serrata,36.03312507,126.7173964,12-L-3549
굴참나무,Quercus,variabilis,36.03546275,126.717238,12-L-3550
굴참나무,Quercus,variabilis,36.03548365,126.7172573,12-L-3551
굴참나무,Quercus,variabilis,36.03548418,126.7172684,12-L-3552
졸참나무,Quercus,serrata,36.03313,126.7174013,12-L-3553
졸참나무,Quercus,serrata,36.03312512,126.7174027,12-L-3554
감태나무,Lindera,glauca,36.03546023,126.7172971,12-L-3555
갈참나무,Quercus,aliena,36.03545008,126.7172956,12-L-3556
졸참나무,Quercus,serrata,36.03313607,126.7174088,12-L-3557
졸참나무,Quercus,serrata,36.03314003,126.7174074,12-L-3558
졸참나무,Quercus,serrata,36.03315714,126.7174002,12-L-3559
굴참나무,Quercus,variabilis,36.03547436,126.7172977,12-L-3560
졸참나무,Quercus,serrata,36.03315147,126.7174188,12-L-3561
감태나무,Lindera,glauca,36.03546877,126.7173245,12-L-3562
졸참나무,Quercus,serrata,36.03315833,126.7174117,12-L-3563
굴참나무,Quercus,variabilis,36.03546408,126.7173349,12-L-3564
졸참나무,Quercus,serrata,36.03316369,126.7174043,12-L-3565
신갈나무,Quercus,mongolica,36.03545933,126.7173444,12-L-3566
졸참나무,Quercus,serrata,36.03316721,126.7174141,12-L-3567
졸참나무,Quercus,serrata,36.03316516,126.7174202,12-L-3568
졸참나무,Quercus,serrata,36.03317928,126.7174201,12-L-3569
굴참나무,Quercus,variabilis,36.0354411,126.7173361,12-L-3570
굴참나무,Quercus,variabilis,36.03543836,126.7173022,12-L-3571
굴참나무,Quercus,variabilis,36.03542772,126.7173055,12-L-3572
졸참나무,Quercus,serrata,36.0331793,126.7174022,12-L-3573
팥배나무,Sorbus,alnifolia,36.03541144,126.7172941,12-L-3574
쇠물푸레,Fraxinus,sieboldiana,36.0353971,126.7172901,12-L-3575
굴참나무,Quercus,variabilis,36.03539675,126.7173088,12-L-3576
팥배나무,Sorbus,alnifolia,36.03538893,126.7173004,12-L-3577
팥배나무,Sorbus,alnifolia,36.03538253,126.7173018,12-L-3578
굴참나무,Quercus,variabilis,36.03536874,126.7173005,12-L-3579
굴참나무,Quercus,variabilis,36.03537528,126.7173149,12-L-3580
졸참나무,Quercus,serrata,36.03316811,126.7173919,12-L-3581
졸참나무,Quercus,serrata,36.0331657,126.7173745,12-L-3582
굴참나무,Quercus,variabilis,36.0353515,126.7173262,12-L-3583
굴참나무,Quercus,variabilis,36.03533843,126.7173081,12-L-3584
굴참나무,Quercus,variabilis,36.03533212,126.7173068,12-L-3585
물푸레나무,Fraxinus,rhynchophylla,36.03531639,126.7173101,12-L-3586
굴참나무,Quercus,variabilis,36.035323,126.7173191,12-L-3587
굴참나무,Quercus,variabilis,36.03530822,126.7173248,12-L-3588
굴피나무,Platycarya,strobilacea,36.03532258,126.7173365,12-L-3589
굴피나무,Platycarya,strobilacea,36.03533926,126.717349,12-L-3590
졸참나무,Quercus,serrata,36.03314724,126.7173967,12-L-3591
졸참나무,Quercus,serrata,36.0331327,126.7173841,12-L-3592
굴참나무,Quercus,variabilis,36.03539067,126.7173458,12-L-3593
굴참나무,Quercus,variabilis,36.03540329,126.7173529,12-L-3594
굴참나무,Quercus,variabilis,36.03541852,126.7173589,12-L-3595
굴피나무,Platycarya,strobilacea,36.03542742,126.7173389,12-L-3596
졸참나무,Quercus,serrata,36.03313481,126.7173704,12-L-3597
굴피나무,Platycarya,strobilacea,36.03544299,126.7173644,12-L-3598
굴참나무,Quercus,variabilis,36.03544065,126.7173696,12-L-3599
굴참나무,Quercus,variabilis,36.03543828,126.7173818,12-L-3600
굴참나무,Quercus,variabilis,36.03541521,126.7173853,12-L-3601
굴참나무,Quercus,variabilis,36.03540963,126.7173928,12-L-3602
굴참나무,Quercus,variabilis,36.03540045,126.7173829,12-L-3603
졸참나무,Quercus,serrata,36.03313833,126.7173535,12-L-3604
졸참나무,Quercus,serrata,36.03313342,126.7173409,12-L-3605
굴참나무,Quercus,variabilis,36.03538324,126.7173384,12-L-3606
굴참나무,Quercus,variabilis,36.03532308,126.7173595,12-L-3607
굴참나무,Quercus,variabilis,36.03531006,126.7173514,12-L-3608
졸참나무,Quercus,serrata,36.03313287,126.7173262,12-L-3609
졸참나무,Quercus,serrata,36.03314696,126.7173426,12-L-3610
팥배나무,Sorbus,alnifolia,36.03531013,126.7173696,12-L-3611
굴피나무,Platycarya,strobilacea,36.03530362,126.7173887,12-L-3612
졸참나무,Quercus,serrata,36.03314795,126.7173204,12-L-3613
굴참나무,Quercus,variabilis,36.03531968,126.7174151,12-L-3614
졸참나무,Quercus,serrata,36.03315372,126.7173053,12-L-3615
굴참나무,Quercus,variabilis,36.03536218,126.7173936,12-L-3616
굴참나무,Quercus,variabilis,36.03539176,126.7174125,12-L-3617
물푸레나무,Fraxinus,rhynchophylla,36.03537377,126.7174342,12-L-3618
굴참나무,Quercus,variabilis,36.0354016,126.7174339,12-L-3619
굴참나무,Quercus,variabilis,36.03538858,126.7174515,12-L-3620
굴참나무,Quercus,variabilis,36.03537702,126.7174582,12-L-3621
굴참나무,Quercus,variabilis,36.03536968,126.7174547,12-L-3622
졸참나무,Quercus,serrata,36.03315874,126.7173314,12-L-3623
졸참나무,Quercus,serrata,36.03314083,126.7173538,12-L-3624
졸참나무,Quercus,serrata,36.03313225,126.7173555,12-L-3625
졸참나무,Quercus,serrata,36.03316254,126.7173528,12-L-3626
졸참나무,Quercus,serrata,36.03316865,126.7173417,12-L-3627
졸참나무,Quercus,serrata,36.03317196,126.717327,12-L-3628
졸참나무,Quercus,serrata,36.03317382,126.717315,12-L-3629
졸참나무,Quercus,serrata,36.03318877,126.7173244,12-L-3630
굴참나무,Quercus,variabilis,36.03531532,126.7174516,12-L-3631
졸참나무,Quercus,serrata,36.03318446,126.7173368,12-L-3632
졸참나무,Quercus,serrata,36.03320005,126.7173345,12-L-3633
졸참나무,Quercus,serrata,36.03319776,126.7173471,12-L-3634
졸참나무,Quercus,serrata,36.03317735,126.7173585,12-L-3635
졸참나무,Quercus,serrata,36.03318919,126.7173882,12-L-3636
졸참나무,Quercus,serrata,36.03319017,126.7174175,12-L-3637
쪽동백나무,Styrax,obassia,36.03526617,126.717393,12-L-3638
굴참나무,Quercus,variabilis,36.03527598,126.7174141,12-L-3639
졸참나무,Quercus,serrata,36.03319503,126.7174136,12-L-3640
졸참나무,Quercus,serrata,36.0332003,126.7174156,12-L-3641
졸참나무,Quercus,serrata,36.03320592,126.7174138,12-L-3642
굴참나무,Quercus,variabilis,36.03528545,126.7174876,12-L-3643
굴참나무,Quercus,variabilis,36.03529292,126.7174955,12-L-3644
굴참나무,Quercus,variabilis,36.03529724,126.7174849,12-L-3645
굴참나무,Quercus,variabilis,36.03530641,126.7174687,12-L-3646
굴참나무,Quercus,variabilis,36.03532726,126.7174779,12-L-3647
졸참나무,Quercus,serrata,36.03321599,126.7174056,12-L-3648
굴참나무,Quercus,variabilis,36.03530163,126.7175072,12-L-3649
졸참나무,Quercus,serrata,36.033222,126.7174154,12-L-3650
굴참나무,Quercus,variabilis,36.0352654,126.717442,12-L-3651
굴참나무,Quercus,variabilis,36.03525418,126.7174458,12-L-3652
졸참나무,Quercus,serrata,36.03323273,126.7174114,12-L-3653
굴피나무,Platycarya,strobilacea,36.03521642,126.7174431,12-L-3654
굴참나무,Quercus,variabilis,36.03522607,126.7174331,12-L-3655
굴참나무,Quercus,variabilis,36.03521373,126.7174222,12-L-3656
졸참나무,Quercus,serrata,36.03324607,126.7174063,12-L-3657
졸참나무,Quercus,serrata,36.03324804,126.7174183,12-L-3658
졸참나무,Quercus,serrata,36.03326048,126.7174059,12-L-3659
굴참나무,Quercus,variabilis,36.03520308,126.7174486,12-L-3660
굴참나무,Quercus,variabilis,36.0352063,126.7174654,12-L-3661
굴참나무,Quercus,variabilis,36.0351885,126.7174712,12-L-3662
굴참나무,Quercus,variabilis,36.03517767,126.7174706,12-L-3663
쇠물푸레,Fraxinus,sieboldiana,36.03517308,126.717459,12-L-3664
감태나무,Lindera,glauca,36.03518351,126.7174578,12-L-3665
굴참나무,Quercus,variabilis,36.03518232,126.7174404,12-L-3666
갈참나무,Quercus,aliena,36.035192,126.7174296,12-L-3667
굴참나무,Quercus,variabilis,36.03519057,126.7174201,12-L-3668
신갈나무,Quercus,mongolica,36.03518267,126.7174133,12-L-3669
굴참나무,Quercus,variabilis,36.03518138,126.7173929,12-L-3670
졸참나무,Quercus,serrata,36.03326323,126.7174165,12-L-3671
졸참나무,Quercus,serrata,36.03326798,126.7174108,12-L-3672
갈참나무,Quercus,aliena,36.03517365,126.7173933,12-L-3673
졸참나무,Quercus,serrata,36.03327656,126.7174155,12-L-3674
굴참나무,Quercus,variabilis,36.03516629,126.717404,12-L-3675
졸참나무,Quercus,serrata,36.0332818,126.7174099,12-L-3676
졸참나무,Quercus,serrata,36.03328796,126.717415,12-L-3677
굴참나무,Quercus,variabilis,36.03513129,126.7174197,12-L-3678
졸참나무,Quercus,serrata,36.03329712,126.7174067,12-L-3679
졸참나무,Quercus,serrata,36.03330307,126.7174055,12-L-3680
히어리,Corylopsis,glabrescens,36.03513672,126.7174658,12-L-3681
졸참나무,Quercus,serrata,36.03331072,126.7174129,12-L-3682
쇠물푸레,Fraxinus,sieboldiana,36.03511952,126.7174514,12-L-3683
졸참나무,Quercus,serrata,36.03331819,126.7174081,12-L-3684
쇠물푸레,Fraxinus,sieboldiana,36.03510991,126.7174419,12-L-3685
쇠물푸레,Fraxinus,sieboldiana,36.03511586,126.7174277,12-L-3686
물푸레나무,Fraxinus,rhynchophylla,36.0351258,126.7174192,12-L-3687
졸참나무,Quercus,serrata,36.03332477,126.7174142,12-L-3688
졸참나무,Quercus,serrata,36.0333341,126.7174059,12-L-3689
갈참나무,Quercus,aliena,36.03509188,126.7174385,12-L-3690
졸참나무,Quercus,serrata,36.03334338,126.7174127,12-L-3691
굴참나무,Quercus,variabilis,36.03508064,126.7174511,12-L-3692
졸참나무,Quercus,serrata,36.03337049,126.7174133,12-L-3693
층층나무,Cornus,controversa,36.03507924,126.7174155,12-L-3694
물푸레나무,Fraxinus,rhynchophylla,36.03508404,126.7174006,12-L-3695
굴참나무,Quercus,variabilis,36.03505456,126.7174162,12-L-3696
굴참나무,Quercus,variabilis,36.03504996,126.7174304,12-L-3697
졸참나무,Quercus,serrata,36.03340366,126.7174051,12-L-3698
갈참나무,Quercus,aliena,36.03501238,126.7174403,12-L-3699
개암나무,Corylus,heterophylla,36.03501051,126.7173649,12-L-3700
굴피나무,Platycarya,strobilacea,36.03501434,126.7173833,12-L-3701
굴참나무,Quercus,variabilis,36.03502077,126.7173861,12-L-3702
졸참나무,Quercus,serrata,36.03341214,126.7174051,12-L-3703
졸참나무,Quercus,serrata,36.03342036,126.7174071,12-L-3704
굴참나무,Quercus,variabilis,36.0350342,126.7173933,12-L-3705
졸참나무,Quercus,serrata,36.03342368,126.7174028,12-L-3706
굴참나무,Quercus,variabilis,36.03502755,126.7173286,12-L-3707
굴참나무,Quercus,variabilis,36.03503155,126.7173151,12-L-3708
갈참나무,Quercus,aliena,36.03502844,126.717316,12-L-3709
굴참나무,Quercus,variabilis,36.03503144,126.7173383,12-L-3710
굴참나무,Quercus,variabilis,36.03502333,126.7173445,12-L-3711
상수리나무,Quercus,acutissima,36.03502173,126.7173474,12-L-3712
굴피나무,Platycarya,strobilacea,36.03501961,126.7173516,12-L-3713
갈참나무,Quercus,aliena,36.03505306,126.7173701,12-L-3714
굴참나무,Quercus,variabilis,36.03507311,126.7173415,12-L-3715
느릅나무,Ulmus,davidiana,36.03505491,126.7173535,12-L-3716
졸참나무,Quercus,serrata,36.03343343,126.7174065,12-L-3717
느릅나무,Ulmus,davidiana,36.0350554,126.717308,12-L-3718
졸참나무,Quercus,serrata,36.03343182,126.7173886,12-L-3719
소나무,Pinus,densiflora,36.03505917,126.7173041,12-L-3720
쇠물푸레,Fraxinus,sieboldiana,36.03506391,126.7173087,12-L-3721
느티나무,Zelkova,serrata,36.03506401,126.7173074,12-L-3722
쇠물푸레,Fraxinus,sieboldiana,36.0350673,126.7172998,12-L-3723
소나무,Pinus,densiflora,36.03507934,126.7172939,12-L-3724
쪽동백나무,Styrax,obassia,36.03507432,126.7172781,12-L-3725
쇠물푸레,Fraxinus,sieboldiana,36.0350688,126.7172581,12-L-3726
쇠물푸레,Fraxinus,sieboldiana,36.03506435,126.7172616,12-L-3727
소나무,Pinus,densiflora,36.03508225,126.7172656,12-L-3728
감태나무,Lindera,glauca,36.035106,126.7172449,12-L-3729
소나무,Pinus,densiflora,36.03510354,126.7172475,12-L-3730
소나무,Pinus,densiflora,36.0351009,126.7172687,12-L-3731
소나무,Pinus,densiflora,36.03510022,126.717275,12-L-3732
소나무,Pinus,densiflora,36.03510352,126.7172828,12-L-3733
느티나무,Zelkova,serrata,36.03510014,126.7172955,12-L-3734
느티나무,Zelkova,serrata,36.0351,126.7172953,12-L-3735
느티나무,Zelkova,serrata,36.03509911,126.7173174,12-L-3736
느티나무,Zelkova,serrata,36.03507745,126.7173176,12-L-3737
느티나무,Zelkova,serrata,36.03507631,126.717377,12-L-3738
소나무,Pinus,densiflora,36.03509399,126.7173966,12-L-3739
신갈나무,Quercus,mongolica,36.03510534,126.7173961,12-L-3740
소나무,Pinus,densiflora,36.03513283,126.7174136,12-L-3741
쇠물푸레,Fraxinus,sieboldiana,36.03514137,126.7173881,12-L-3742
느티나무,Zelkova,serrata,36.0351097,126.7173514,12-L-3743
느티나무,Zelkova,serrata,36.03512238,126.7173491,12-L-3744
때죽나무,Styrax,japonicus,36.03513118,126.717355,12-L-3745
소나무,Pinus,densiflora,36.03512189,126.7173279,12-L-3746
굴참나무,Quercus,variabilis,36.03511505,126.7172881,12-L-3747
느티나무,Zelkova,serrata,36.03514061,126.7172295,12-L-3748
느티나무,Zelkova,serrata,36.03514404,126.7172291,12-L-3749
소나무,Pinus,densiflora,36.03515578,126.7172234,12-L-3750
물푸레나무,Fraxinus,rhynchophylla,36.03515767,126.7172283,12-L-3751
소나무,Pinus,densiflora,36.03515096,126.7172396,12-L-3752
졸참나무,Quercus,serrata,36.03341982,126.7173829,12-L-3752
소나무,Pinus,densiflora,36.03514408,126.7172741,12-L-3754
소나무,Pinus,densiflora,36.03514417,126.7172843,12-L-3755
소나무,Pinus,densiflora,36.03515272,126.7172736,12-L-3756
소나무,Pinus,densiflora,36.03515629,126.7172726,12-L-3757
굴참나무,Quercus,variabilis,36.03515432,126.7172663,12-L-3758
굴참나무,Quercus,variabilis,36.03515503,126.7172742,12-L-3759
소나무,Pinus,densiflora,36.03514872,126.7172989,12-L-3760
소나무,Pinus,densiflora,36.03514352,126.7173205,12-L-3761
쇠물푸레,Fraxinus,sieboldiana,36.03513513,126.7173309,12-L-3762
쇠물푸레,Fraxinus,sieboldiana,36.03513892,126.7173272,12-L-3763
소나무,Pinus,densiflora,36.03515411,126.7173331,12-L-3764
쇠물푸레,Fraxinus,sieboldiana,36.03518211,126.7173319,12-L-3765
쇠물푸레,Fraxinus,sieboldiana,36.03519097,126.7173341,12-L-3766
쇠물푸레,Fraxinus,sieboldiana,36.03517689,126.7173216,12-L-3767
쇠물푸레,Fraxinus,sieboldiana,36.03517173,126.7173045,12-L-3768
소나무,Pinus,densiflora,36.03517444,126.7173029,12-L-3769
쇠물푸레,Fraxinus,sieboldiana,36.03518537,126.7172895,12-L-3770
물푸레나무,Fraxinus,rhynchophylla,36.03518296,126.7172808,12-L-3771
물푸레나무,Fraxinus,rhynchophylla,36.03516931,126.7172797,12-L-3772
소나무,Pinus,densiflora,36.03515478,126.7172774,12-L-3773
쇠물푸레,Fraxinus,sieboldiana,36.03518491,126.7172687,12-L-3774
소나무,Pinus,densiflora,36.0351854,126.717268,12-L-3775
쇠물푸레,Fraxinus,sieboldiana,36.03518648,126.7172416,12-L-3776
산벚나무,Prunus,sargentii,36.03517451,126.7172416,12-L-3777
산딸나무,Cornus,kousa,36.03518803,126.7172268,12-L-3778
쇠물푸레,Fraxinus,sieboldiana,36.03516003,126.7172267,12-L-3779
쇠물푸레,Fraxinus,sieboldiana,36.03517368,126.7172047,12-L-3780
소나무,Pinus,densiflora,36.03516876,126.7172037,12-L-3781
소나무,Pinus,densiflora,36.03516281,126.7171992,12-L-3782
쇠물푸레,Fraxinus,sieboldiana,36.03516059,126.7172028,12-L-3783
소나무,Pinus,densiflora,36.03517881,126.7172013,12-L-3784
쇠물푸레,Fraxinus,sieboldiana,36.03519401,126.7171756,12-L-3785
쇠물푸레,Fraxinus,sieboldiana,36.03521241,126.7172163,12-L-3786
산벚나무,Prunus,sargentii,36.03523081,126.7171942,12-L-3787
쇠물푸레,Fraxinus,sieboldiana,36.03523034,126.7172239,12-L-3788
굴참나무,Quercus,variabilis,36.03523815,126.7172227,12-L-3789
쇠물푸레,Fraxinus,sieboldiana,36.03524131,126.7172479,12-L-3790
소나무,Pinus,densiflora,36.03526017,126.7172329,12-L-3791
소나무,Pinus,densiflora,36.03526998,126.7172234,12-L-3792
쇠물푸레,Fraxinus,sieboldiana,36.03525988,126.7172043,12-L-3793
떡갈나무,Quercus,dentata,36.03526695,126.717189,12-L-3794
쇠물푸레,Fraxinus,sieboldiana,36.03528321,126.7172007,12-L-3795
졸참나무,Quercus,serrata,36.03338903,126.7173505,12-L-3796
소나무,Pinus,densiflora,36.03528326,126.7172276,12-L-3797
떡갈나무,Quercus,dentata,36.03526689,126.7172349,12-L-3798
때죽나무,Styrax,japonicus,36.03527893,126.717238,12-L-3799
소나무,Pinus,densiflora,36.0352946,126.7172389,12-L-3800
소나무,Pinus,densiflora,36.03531242,126.7172304,12-L-3801
굴피나무,Platycarya,strobilacea,36.03532306,126.7172284,12-L-3802
소나무,Pinus,densiflora,36.03531254,126.7172489,12-L-3803
소나무,Pinus,densiflora,36.03530967,126.7172734,12-L-3804
굴참나무,Quercus,variabilis,36.03530255,126.7172695,12-L-3805
소나무,Pinus,densiflora,36.03530155,126.7172826,12-L-3806
쇠물푸레,Fraxinus,sieboldiana,36.03529538,126.71727,12-L-3807
소나무,Pinus,densiflora,36.03528316,126.7172663,12-L-3808
소나무,Pinus,densiflora,36.03527921,126.7172707,12-L-3809
소나무,Pinus,densiflora,36.03527539,126.7172779,12-L-3810
소나무,Pinus,densiflora,36.03527471,126.7172832,12-L-3811
쇠물푸레,Fraxinus,sieboldiana,36.03526551,126.7172728,12-L-3812
소나무,Pinus,densiflora,36.03525795,126.7172461,12-L-3813
졸참나무,Quercus,serrata,36.03336729,126.7173926,12-L-3814
쇠물푸레,Fraxinus,sieboldiana,36.03521528,126.7172516,12-L-3815
소나무,Pinus,densiflora,36.03520892,126.7172646,12-L-3816
굴참나무,Quercus,variabilis,36.03520679,126.7172715,12-L-3817
소나무,Pinus,densiflora,36.03521408,126.7172752,12-L-3818
쇠물푸레,Fraxinus,sieboldiana,36.03523517,126.7172889,12-L-3819
소나무,Pinus,densiflora,36.0352627,126.7173014,12-L-3820
쪽동백나무,Styrax,obassia,36.0352676,126.7172943,12-L-3821
쇠물푸레,Fraxinus,sieboldiana,36.03527081,126.717303,12-L-3822
쪽동백나무,Styrax,obassia,36.03527184,126.7173069,12-L-3823
소나무,Pinus,densiflora,36.03527687,126.7173002,12-L-3824
쇠물푸레,Fraxinus,sieboldiana,36.0352783,126.7172916,12-L-3825
쇠물푸레,Fraxinus,sieboldiana,36.03528573,126.7172745,12-L-3826
쇠물푸레,Fraxinus,sieboldiana,36.03529031,126.7172843,12-L-3827
소나무,Pinus,densiflora,36.03529256,126.7172816,12-L-3828
쇠물푸레,Fraxinus,sieboldiana,36.03516021,126.7172153,12-L-3829
쪽동백나무,Styrax,obassia,36.0352744,126.7173086,12-L-3830
쇠물푸레,Fraxinus,sieboldiana,36.03527494,126.7173197,12-L-3831
소나무,Pinus,densiflora,36.0352706,126.7173452,12-L-3832
쇠물푸레,Fraxinus,sieboldiana,36.0352532,126.7173131,12-L-3833
소나무,Pinus,densiflora,36.03526336,126.7173303,12-L-3834
소나무,Pinus,densiflora,36.03526085,126.717322,12-L-3835
소나무,Pinus,densiflora,36.03524625,126.7173092,12-L-3836
쇠물푸레,Fraxinus,sieboldiana,36.03523467,126.7172638,12-L-3837
느티나무,Zelkova,serrata,36.03521399,126.7173176,12-L-3838
느티나무,Zelkova,serrata,36.03520516,126.7173028,12-L-3839
쇠물푸레,Fraxinus,sieboldiana,36.03521927,126.7173017,12-L-3840
쇠물푸레,Fraxinus,sieboldiana,36.03520727,126.7173197,12-L-3841
굴참나무,Quercus,variabilis,36.03519334,126.7173063,12-L-3842
쇠물푸레,Fraxinus,sieboldiana,36.03518688,126.7172901,12-L-3843
졸참나무,Quercus,serrata,36.03335625,126.7173966,12-L-3844
소나무,Pinus,densiflora,36.03525867,126.717363,12-L-3845
느티나무,Zelkova,serrata,36.0352536,126.7173707,12-L-3846
소나무,Pinus,densiflora,36.03524475,126.7173637,12-L-3847
쇠물푸레,Fraxinus,sieboldiana,36.03524342,126.7173806,12-L-3848
신갈나무,Quercus,mongolica,36.03522908,126.7173784,12-L-3849
소나무,Pinus,densiflora,36.03521919,126.7173859,12-L-3850
소나무,Pinus,densiflora,36.03520957,126.7173867,12-L-3851
소나무,Pinus,densiflora,36.03520338,126.7173889,12-L-3852
소나무,Pinus,densiflora,36.03543112,126.7173797,12-L-3853
소나무,Pinus,densiflora,36.03542525,126.7174305,12-L-3854
굴참나무,Quercus,variabilis,36.03544117,126.7174462,12-L-3855
굴참나무,Quercus,variabilis,36.03543556,126.7174612,12-L-3856
쇠물푸레,Fraxinus,sieboldiana,36.03541689,126.7174409,12-L-3857
졸참나무,Quercus,serrata,36.03334652,126.7173427,12-L-3858
쪽동백나무,Styrax,obassia,36.03541841,126.7174647,12-L-3859
소나무,Pinus,densiflora,36.035407,126.7174701,12-L-3860
굴참나무,Quercus,variabilis,36.03540366,126.7174643,12-L-3861
쇠물푸레,Fraxinus,sieboldiana,36.03539247,126.7174721,12-L-3862
쇠물푸레,Fraxinus,sieboldiana,36.03538364,126.7174771,12-L-3863
쪽동백나무,Styrax,obassia,36.03522654,126.7174814,12-L-3864
소나무,Pinus,densiflora,36.03521615,126.7174731,12-L-3865
팥배나무,Sorbus,alnifolia,36.03515667,126.7169075,12-L-3868
가막살나무,Viburnum,dilatatum,36.03516954,126.7169145,12-L-3869
가막살나무,Viburnum,dilatatum,36.03517301,126.7169051,12-L-3870
가막살나무,Viburnum,dilatatum,36.0351866,126.7169092,12-L-3871
팥배나무,Sorbus,alnifolia,36.03520121,126.7168962,12-L-3872
가막살나무,Viburnum,dilatatum,36.0352178,126.7168916,12-L-3873
가막살나무,Viburnum,dilatatum,36.03522251,126.7168878,12-L-3874
가막살나무,Viburnum,dilatatum,36.03522207,126.7168997,12-L-3875
가막살나무,Viburnum,dilatatum,36.03523354,126.7168963,12-L-3876
팥배나무,Sorbus,alnifolia,36.03524174,126.7168977,12-L-3877
가막살나무,Viburnum,dilatatum,36.03525203,126.7168976,12-L-3878
가막살나무,Viburnum,dilatatum,36.03525289,126.7168895,12-L-3879
가막살나무,Viburnum,dilatatum,36.0352721,126.7168806,12-L-3880
가막살나무,Viburnum,dilatatum,36.0352867,126.7168782,12-L-3881
가막살나무,Viburnum,dilatatum,36.03528805,126.7168838,12-L-3882
가막살나무,Viburnum,dilatatum,36.03528921,126.7168923,12-L-3883
가막살나무,Viburnum,dilatatum,36.03529571,126.7168874,12-L-3884
가막살나무,Viburnum,dilatatum,36.03530536,126.7168827,12-L-3885
가막살나무,Viburnum,dilatatum,36.03531112,126.7168854,12-L-3886
가막살나무,Viburnum,dilatatum,36.03531455,126.7168859,12-L-3887
가막살나무,Viburnum,dilatatum,36.03531782,126.7168913,12-L-3888
팥배나무,Sorbus,alnifolia,36.03532267,126.7168883,12-L-3889
가막살나무,Viburnum,dilatatum,36.03533601,126.7168888,12-L-3890
가막살나무,Viburnum,dilatatum,36.03534028,126.716883,12-L-3891
가막살나무,Viburnum,dilatatum,36.03534985,126.7168807,12-L-3892
가막살나무,Viburnum,dilatatum,36.03535253,126.7168862,12-L-3893
가막살나무,Viburnum,dilatatum,36.03534735,126.7168933,12-L-3894
팽나무,Celtis,sinensis,36.03536226,126.7168903,12-L-3895
팥배나무,Sorbus,alnifolia,36.03536311,126.7168792,12-L-3896
가막살나무,Viburnum,dilatatum,36.03538958,126.7168669,12-L-3897
가막살나무,Viburnum,dilatatum,36.03539148,126.71687,12-L-3898
팥배나무,Sorbus,alnifolia,36.03540469,126.7168974,12-L-3899
굴참나무,Quercus,variabilis,36.03541859,126.7168707,12-L-3900
굴참나무,Quercus,variabilis,36.03543548,126.7168432,12-L-3901
신갈나무,Quercus,mongolica,36.03544358,126.7168356,12-L-3902
갈참나무,Quercus,aliena,36.03544406,126.7168246,12-L-3903
굴참나무,Quercus,variabilis,36.03546597,126.7168631,12-L-3904
쪽동백나무,Styrax,obassia,36.03543492,126.7169103,12-L-3905
쪽동백나무,Styrax,obassia,36.03545074,126.7168891,12-L-3906
굴참나무,Quercus,variabilis,36.03548439,126.7169127,12-L-3907
쪽동백나무,Styrax,obassia,36.03549309,126.7169029,12-L-3908
쪽동백나무,Styrax,obassia,36.03551417,126.7169046,12-L-3909
굴참나무,Quercus,variabilis,36.03550186,126.7168652,12-L-3910
신갈나무,Quercus,mongolica,36.03550187,126.7168382,12-L-3911
신갈나무,Quercus,mongolica,36.03549824,126.7168198,12-L-3912
갈참나무,Quercus,aliena,36.03553838,126.7168319,12-L-3913
감태나무,Lindera,glauca,36.03553607,126.7168428,12-L-3914
굴참나무,Quercus,variabilis,36.03553201,126.7168728,12-L-3915
쪽동백나무,Styrax,obassia,36.03553134,126.7168959,12-L-3916
굴참나무,Quercus,variabilis,36.03553414,126.7169096,12-L-3917
쪽동백나무,Styrax,obassia,36.03554414,126.7169124,12-L-3918
쪽동백나무,Styrax,obassia,36.03555528,126.7169016,12-L-3919
쪽동백나무,Styrax,obassia,36.03556644,126.7169205,12-L-3920
쪽동백나무,Styrax,obassia,36.03558414,126.7169227,12-L-3921
굴참나무,Quercus,variabilis,36.03558867,126.7168607,12-L-3922
굴참나무,Quercus,variabilis,36.03559391,126.7168666,12-L-3923
졸참나무,Quercus,serrata,36.0334247,126.7173313,12-L-3924
굴참나무,Quercus,variabilis,36.0355602,126.7168421,12-L-3925
굴참나무,Quercus,variabilis,36.03555825,126.716829,12-L-3926
굴참나무,Quercus,variabilis,36.03556156,126.7168022,12-L-3927
산벚나무,Prunus,sargentii,36.03559349,126.7167903,12-L-3928
굴참나무,Quercus,variabilis,36.03560995,126.7168029,12-L-3929
굴참나무,Quercus,variabilis,36.03561145,126.7168092,12-L-3930
굴참나무,Quercus,variabilis,36.03561602,126.7168349,12-L-3931
굴참나무,Quercus,variabilis,36.0356041,126.7168438,12-L-3932
굴참나무,Quercus,variabilis,36.0355866,126.7168247,12-L-3933
신갈나무,Quercus,mongolica,36.03561644,126.7168794,12-L-3934
굴참나무,Quercus,variabilis,36.03562059,126.7168741,12-L-3935
굴참나무,Quercus,variabilis,36.03564411,126.7168532,12-L-3936
신갈나무,Quercus,mongolica,36.03563581,126.7168384,12-L-3937
굴피나무,Platycarya,strobilacea,36.03562856,126.7168273,12-L-3938
쇠물푸레,Fraxinus,sieboldiana,36.03564509,126.7167949,12-L-3939
굴참나무,Quercus,variabilis,36.03565301,126.7168048,12-L-3940
굴참나무,Quercus,variabilis,36.03565925,126.7168234,12-L-3941
산돌배나무,Pyrus,ussuriensis,36.03565962,126.7168372,12-L-3942
굴참나무,Quercus,variabilis,36.03565445,126.7168755,12-L-3943
굴피나무,Platycarya,strobilacea,36.03567285,126.7168694,12-L-3944
굴참나무,Quercus,variabilis,36.0356793,126.7168985,12-L-3945
졸참나무,Quercus,serrata,36.03335158,126.7173671,12-L-3946
굴참나무,Quercus,variabilis,36.0356814,126.7169602,12-L-3947
굴참나무,Quercus,variabilis,36.03570942,126.716961,12-L-3948
굴참나무,Quercus,variabilis,36.03571654,126.7169403,12-L-3949
굴참나무,Quercus,variabilis,36.03571254,126.7169246,12-L-3950
갈참나무,Quercus,aliena,36.03571873,126.716914,12-L-3951
굴참나무,Quercus,variabilis,36.03573572,126.7168744,12-L-3952
굴참나무,Quercus,variabilis,36.03571419,126.7168579,12-L-3953
굴참나무,Quercus,variabilis,36.03568727,126.716845,12-L-3954
굴참나무,Quercus,variabilis,36.0356796,126.7168262,12-L-3955
갈참나무,Quercus,aliena,36.03568171,126.716807,12-L-3956
산돌배나무,Pyrus,ussuriensis,36.03567546,126.7167773,12-L-3957
굴참나무,Quercus,variabilis,36.0356907,126.7167883,12-L-3958
굴참나무,Quercus,variabilis,36.03569866,126.7168046,12-L-3959
굴참나무,Quercus,variabilis,36.03570727,126.7168277,12-L-3960
굴참나무,Quercus,variabilis,36.035731,126.7168303,12-L-3961
굴참나무,Quercus,variabilis,36.03574867,126.7168193,12-L-3962
신갈나무,Quercus,mongolica,36.03573064,126.716793,12-L-3963
신갈나무,Quercus,mongolica,36.03575382,126.7167994,12-L-3964
굴피나무,Platycarya,strobilacea,36.03578033,126.7168028,12-L-3965
굴피나무,Platycarya,strobilacea,36.03579005,126.7167838,12-L-3966
갈참나무,Quercus,aliena,36.03580931,126.71675,12-L-3967
떡갈나무,Quercus,dentata,36.03585087,126.7167712,12-L-3968
굴참나무,Quercus,variabilis,36.03586261,126.7167877,12-L-3969
굴피나무,Platycarya,strobilacea,36.03585995,126.716808,12-L-3970
굴참나무,Quercus,variabilis,36.03583809,126.7168012,12-L-3971
굴참나무,Quercus,variabilis,36.03581719,126.7168148,12-L-3972
물푸레나무,Fraxinus,rhynchophylla,36.0358285,126.7168286,12-L-3973
굴피나무,Platycarya,strobilacea,36.03584643,126.7168399,12-L-3974
신갈나무,Quercus,mongolica,36.0358588,126.7168306,12-L-3975
굴참나무,Quercus,variabilis,36.03584336,126.7168679,12-L-3976
굴참나무,Quercus,variabilis,36.03581448,126.7168689,12-L-3977
굴참나무,Quercus,variabilis,36.03580404,126.7168199,12-L-3978
굴참나무,Quercus,variabilis,36.03578914,126.7168326,12-L-3979
굴피나무,Platycarya,strobilacea,36.03577405,126.7168522,12-L-3980
굴피나무,Platycarya,strobilacea,36.03579085,126.7168668,12-L-3981
굴참나무,Quercus,variabilis,36.03575417,126.7168705,12-L-3982
갈참나무,Quercus,aliena,36.03576564,126.7168907,12-L-3983
굴참나무,Quercus,variabilis,36.03576879,126.7169146,12-L-3984
굴참나무,Quercus,variabilis,36.03575861,126.7169484,12-L-3985
신갈나무,Quercus,mongolica,36.03574779,126.7169649,12-L-3986
굴참나무,Quercus,variabilis,36.03573938,126.7169576,12-L-3987
졸참나무,Quercus,serrata,36.0329518,126.7174667,12-L-3988
상수리나무,Quercus,acutissima,36.03572868,126.7169293,12-L-3989
졸참나무,Quercus,serrata,36.03293811,126.7174554,12-L-3990
굴참나무,Quercus,variabilis,36.03572381,126.7169859,12-L-3991
신갈나무,Quercus,mongolica,36.03574047,126.7169988,12-L-3992
굴참나무,Quercus,variabilis,36.0357449,126.7169905,12-L-3993
졸참나무,Quercus,serrata,36.03294283,126.7173653,12-L-3994
갈참나무,Quercus,aliena,36.03576083,126.7169779,12-L-3995
굴참나무,Quercus,variabilis,36.03577239,126.7169781,12-L-3996
갈참나무,Quercus,aliena,36.03578238,126.7169629,12-L-3997
굴참나무,Quercus,variabilis,36.03579922,126.7169632,12-L-3998
갈참나무,Quercus,aliena,36.0357826,126.716986,12-L-3999
굴참나무,Quercus,variabilis,36.03578237,126.717029,12-L-4000
갈참나무,Quercus,aliena,36.03579815,126.7170225,12-L-4001
졸참나무,Quercus,serrata,36.03293965,126.7173617,12-L-4002
굴참나무,Quercus,variabilis,36.03582027,126.7170171,12-L-4003
졸참나무,Quercus,serrata,36.03296008,126.7173362,12-L-4004
굴참나무,Quercus,variabilis,36.03584701,126.7169985,12-L-4005
신갈나무,Quercus,mongolica,36.03583614,126.7170132,12-L-4006
졸참나무,Quercus,serrata,36.03296399,126.7173743,12-L-4007
졸참나무,Quercus,serrata,36.03297487,126.7173809,12-L-4008
굴참나무,Quercus,variabilis,36.03584325,126.7170464,12-L-4009
졸참나무,Quercus,serrata,36.03296891,126.7174069,12-L-4010
굴참나무,Quercus,variabilis,36.03586741,126.7170189,12-L-4011
굴참나무,Quercus,variabilis,36.03589779,126.7170315,12-L-4012
감태나무,Lindera,glauca,36.03588977,126.7170546,12-L-4013
굴참나무,Quercus,variabilis,36.03587724,126.7170506,12-L-4014
졸참나무,Quercus,serrata,36.03297816,126.7174586,12-L-4015
졸참나무,Quercus,serrata,36.03298002,126.7174737,12-L-4016
굴참나무,Quercus,variabilis,36.03503185,126.7172435,12-L-4017
졸참나무,Quercus,serrata,36.03300011,126.7174832,12-L-4018
졸참나무,Quercus,serrata,36.03300525,126.7174632,12-L-4019
굴참나무,Quercus,variabilis,36.03589117,126.7170766,12-L-4020
졸참나무,Quercus,serrata,36.03299513,126.7174633,12-L-4021
굴참나무,Quercus,variabilis,36.03592127,126.7170561,12-L-4022
가막살나무,Viburnum,dilatatum,36.0359221,126.7170737,12-L-4023
굴참나무,Quercus,variabilis,36.03591837,126.717093,12-L-4024
굴참나무,Quercus,variabilis,36.03588814,126.7171226,12-L-4025
신갈나무,Quercus,mongolica,36.03591429,126.7171231,12-L-4026
굴참나무,Quercus,variabilis,36.03592869,126.7171364,12-L-4027
참느릅나무,Ulmus,parvifolia,36.0359178,126.7171542,12-L-4028
굴참나무,Quercus,variabilis,36.0359428,126.7171096,12-L-4029
쇠물푸레,Fraxinus,sieboldiana,36.03596455,126.7171258,12-L-4030
쇠물푸레,Fraxinus,sieboldiana,36.03595358,126.7171225,12-L-4031
쇠물푸레,Fraxinus,sieboldiana,36.03595875,126.7171412,12-L-4032
쇠물푸레,Fraxinus,sieboldiana,36.03596018,126.7171379,12-L-4033
쇠물푸레,Fraxinus,sieboldiana,36.03595306,126.7171422,12-L-4034
쇠물푸레,Fraxinus,sieboldiana,36.03595637,126.7171388,12-L-4035
굴피나무,Platycarya,strobilacea,36.03595477,126.7171419,12-L-4036
떡갈나무,Quercus,dentata,36.03594745,126.7171456,12-L-4037
감태나무,Lindera,glauca,36.03593772,126.7171925,12-L-4038
굴참나무,Quercus,variabilis,36.03594989,126.7172043,12-L-4039
층층나무,Cornus,controversa,36.03594826,126.7172255,12-L-4040
굴참나무,Quercus,variabilis,36.03596788,126.7171852,12-L-4041
쇠물푸레,Fraxinus,sieboldiana,36.03597501,126.7171729,12-L-4042
쇠물푸레,Fraxinus,sieboldiana,36.03597906,126.7171338,12-L-4043
쇠물푸레,Fraxinus,sieboldiana,36.03598056,126.71713,12-L-4044
쇠물푸레,Fraxinus,sieboldiana,36.03598036,126.7171313,12-L-4045
쇠물푸레,Fraxinus,sieboldiana,36.03597295,126.7171286,12-L-4046
쇠물푸레,Fraxinus,sieboldiana,36.03597644,126.7171231,12-L-4047
감태나무,Lindera,glauca,36.03597999,126.7171274,12-L-4048
굴참나무,Quercus,variabilis,36.03599666,126.717164,12-L-4049
굴참나무,Quercus,variabilis,36.03599805,126.7171746,12-L-4050
졸참나무,Quercus,serrata,36.03303923,126.7173377,12-L-4051
쇠물푸레,Fraxinus,sieboldiana,36.03601826,126.7171769,12-L-4052
쇠물푸레,Fraxinus,sieboldiana,36.03603658,126.7171575,12-L-4053
쇠물푸레,Fraxinus,sieboldiana,36.03604227,126.7171674,12-L-4054
생강나무,Lindera,obtusiloba,36.03604072,126.7171739,12-L-4055
팽나무,Celtis,sinensis,36.03605164,126.71716,12-L-4056
굴참나무,Quercus,variabilis,36.0360679,126.7171665,12-L-4057
쇠물푸레,Fraxinus,sieboldiana,36.03607786,126.7171627,12-L-4058
쇠물푸레,Fraxinus,sieboldiana,36.03608814,126.7171591,12-L-4059
생강나무,Lindera,obtusiloba,36.03609293,126.7171631,12-L-4060
산돌배나무,Pyrus,ussuriensis,36.03610778,126.7171704,12-L-4061
때죽나무,Styrax,japonicus,36.0361185,126.7171697,12-L-4062
굴참나무,Quercus,variabilis,36.03613187,126.7171738,12-L-4063
생강나무,Lindera,obtusiloba,36.0361378,126.7171429,12-L-4064
굴참나무,Quercus,variabilis,36.03611352,126.7172035,12-L-4066
생강나무,Lindera,obtusiloba,36.03611246,126.7172191,12-L-4067
감태나무,Lindera,glauca,36.03609886,126.7172073,12-L-4068
느티나무,Zelkova,serrata,36.03607768,126.7172095,12-L-4069
생강나무,Lindera,obtusiloba,36.03607442,126.717205,12-L-4070
생강나무,Lindera,obtusiloba,36.03607499,126.7171895,12-L-4071
졸참나무,Quercus,serrata,36.03301521,126.7173833,12-L-4072
신갈나무,Quercus,mongolica,36.03604921,126.7172008,12-L-4073
떡갈나무,Quercus,dentata,36.03603392,126.7172043,12-L-4074
굴참나무,Quercus,variabilis,36.03603688,126.717204,12-L-4075
굴참나무,Quercus,variabilis,36.0360404,126.7172271,12-L-4076
감태나무,Lindera,glauca,36.03605615,126.717228,12-L-4077
굴참나무,Quercus,variabilis,36.03607301,126.717223,12-L-4078
쇠물푸레,Fraxinus,sieboldiana,36.03608902,126.7172319,12-L-4079
굴참나무,Quercus,variabilis,36.0360798,126.7172442,12-L-4080
굴참나무,Quercus,variabilis,36.036064,126.7172468,12-L-4081
감태나무,Lindera,glauca,36.0360876,126.7172595,12-L-4082
굴참나무,Quercus,variabilis,36.03608092,126.717286,12-L-4083
굴참나무,Quercus,variabilis,36.03609695,126.7172799,12-L-4084
신갈나무,Quercus,mongolica,36.03608748,126.7172971,12-L-4085
굴참나무,Quercus,variabilis,36.03607741,126.7173104,12-L-4086
신갈나무,Quercus,mongolica,36.03606684,126.7173123,12-L-4088
굴참나무,Quercus,variabilis,36.036024,126.7172259,12-L-4089
갈참나무,Quercus,aliena,36.03600563,126.7172256,12-L-4090
갈참나무,Quercus,aliena,36.03599693,126.717238,12-L-4091
다릅나무,Maackia,amurensis,36.0360104,126.7172521,12-L-4092
다릅나무,Maackia,amurensis,36.03599673,126.7172678,12-L-4093
까마귀밥나무,Ribes,fasciculatum,36.03597114,126.7172587,12-L-4094
다릅나무,Maackia,amurensis,36.0359787,126.71724,12-L-4095
까마귀밥나무,Ribes,fasciculatum,36.03598001,126.7172388,12-L-4096
갈참나무,Quercus,aliena,36.03598609,126.7172416,12-L-4097
굴참나무,Quercus,variabilis,36.03586713,126.7168777,12-L-4098
산돌배나무,Pyrus,ussuriensis,36.03589667,126.7168922,12-L-4099
굴참나무,Quercus,variabilis,36.03590311,126.7168803,12-L-4100
굴피나무,Platycarya,strobilacea,36.03586945,126.7168563,12-L-4101
굴참나무,Quercus,variabilis,36.03586704,126.716834,12-L-4102
굴참나무,Quercus,variabilis,36.03586898,126.7168049,12-L-4103
굴피나무,Platycarya,strobilacea,36.03588612,126.7168082,12-L-4104
갈참나무,Quercus,aliena,36.03587118,126.7167883,12-L-4105
갈참나무,Quercus,aliena,36.03585913,126.7167411,12-L-4106
떡갈나무,Quercus,dentata,36.03589694,126.7167411,12-L-4107
굴피나무,Platycarya,strobilacea,36.0359234,126.716753,12-L-4108
굴참나무,Quercus,variabilis,36.03593079,126.7167873,12-L-4109
굴참나무,Quercus,variabilis,36.03591574,126.7167887,12-L-4110
신갈나무,Quercus,mongolica,36.03592937,126.7168235,12-L-4111
신갈나무,Quercus,mongolica,36.03595666,126.7168402,12-L-4112
굴참나무,Quercus,variabilis,36.03597567,126.7168101,12-L-4113
떡갈나무,Quercus,dentata,36.03596427,126.7167803,12-L-4114
굴참나무,Quercus,variabilis,36.03598128,126.7167456,12-L-4115
갈참나무,Quercus,aliena,36.0359945,126.7168044,12-L-4116
굴피나무,Platycarya,strobilacea,36.03598074,126.7168275,12-L-4117
굴참나무,Quercus,variabilis,36.03601722,126.7168251,12-L-4118
물푸레나무,Fraxinus,rhynchophylla,36.03600045,126.7168394,12-L-4119
팥배나무,Sorbus,alnifolia,36.0359255,126.7168903,12-L-4120
굴참나무,Quercus,variabilis,36.03593592,126.7169065,12-L-4121
굴참나무,Quercus,variabilis,36.03596078,126.7168917,12-L-4122
굴참나무,Quercus,variabilis,36.03601183,126.7168705,12-L-4123
굴참나무,Quercus,variabilis,36.03606219,126.7168667,12-L-4124
굴참나무,Quercus,variabilis,36.0360848,126.7168563,12-L-4125
감태나무,Lindera,glauca,36.03608545,126.716822,12-L-4126
신갈나무,Quercus,mongolica,36.03607889,126.7168179,12-L-4127
굴참나무,Quercus,variabilis,36.0360772,126.7168102,12-L-4128
산벚나무,Prunus,sargentii,36.03606549,126.716797,12-L-4129
굴참나무,Quercus,variabilis,36.03604543,126.7167765,12-L-4130
감태나무,Lindera,glauca,36.03604196,126.7167809,12-L-4131
굴참나무,Quercus,variabilis,36.03603903,126.7167724,12-L-4132
감태나무,Lindera,glauca,36.03601581,126.7167663,12-L-4133
떡갈나무,Quercus,dentata,36.03600774,126.7167604,12-L-4134
굴참나무,Quercus,variabilis,36.03601517,126.7167368,12-L-4135
굴참나무,Quercus,variabilis,36.03607669,126.7167689,12-L-4136
굴피나무,Platycarya,strobilacea,36.03607406,126.7167858,12-L-4137
때죽나무,Styrax,japonicus,36.03608134,126.7168,12-L-4138
굴참나무,Quercus,variabilis,36.03610216,126.7168324,12-L-4139
신갈나무,Quercus,mongolica,36.03610932,126.716856,12-L-4140
굴참나무,Quercus,variabilis,36.03612959,126.7168774,12-L-4141
굴참나무,Quercus,variabilis,36.03613751,126.7168464,12-L-4142
개암나무,Corylus,heterophylla,36.0361327,126.7168264,12-L-4143
굴참나무,Quercus,variabilis,36.03615255,126.7168248,12-L-4144
굴참나무,Quercus,variabilis,36.03614321,126.7168103,12-L-4145
굴참나무,Quercus,variabilis,36.03612532,126.7168042,12-L-4146
굴참나무,Quercus,variabilis,36.0361112,126.7168158,12-L-4147
굴피나무,Platycarya,strobilacea,36.03611943,126.716782,12-L-4148
굴참나무,Quercus,variabilis,36.03610534,126.7167581,12-L-4149
굴참나무,Quercus,variabilis,36.03610242,126.7167589,12-L-4150
굴피나무,Platycarya,strobilacea,36.03608337,126.7167494,12-L-4151
팽나무,Celtis,sinensis,36.03609183,126.7167439,12-L-4152
쇠물푸레,Fraxinus,sieboldiana,36.03609657,126.7167333,12-L-4153
물푸레나무,Fraxinus,rhynchophylla,36.03608865,126.716732,12-L-4154
굴참나무,Quercus,variabilis,36.03609794,126.7167025,12-L-4155
굴참나무,Quercus,variabilis,36.03613049,126.7167303,12-L-4156
굴참나무,Quercus,variabilis,36.03612925,126.7167783,12-L-4157
굴참나무,Quercus,variabilis,36.036136,126.7168047,12-L-4158
오동나무,Paulownia,coreana,36.03613881,126.7167654,12-L-4159
굴참나무,Quercus,variabilis,36.03614838,126.7167393,12-L-4160
굴피나무,Platycarya,strobilacea,36.03615989,126.7167549,12-L-4161
굴참나무,Quercus,variabilis,36.03615967,126.7167484,12-L-4162
굴참나무,Quercus,variabilis,36.03617272,126.7167565,12-L-4163
굴피나무,Platycarya,strobilacea,36.0361584,126.7167841,12-L-4164
갈참나무,Quercus,aliena,36.03617147,126.7167881,12-L-4165
당단풍나무,Acer,pseudosieboldianum,36.03615919,126.7168971,12-L-4166
신갈나무,Quercus,mongolica,36.03617414,126.7168615,12-L-4167
당단풍나무,Acer,pseudosieboldianum,36.03614004,126.7168944,12-L-4168
당단풍나무,Acer,pseudosieboldianum,36.03612315,126.7168885,12-L-4169
당단풍나무,Acer,pseudosieboldianum,36.03610601,126.7168991,12-L-4170
당단풍나무,Acer,pseudosieboldianum,36.03612019,126.7169171,12-L-4171
갈참나무,Quercus,aliena,36.03613469,126.7169199,12-L-4172
갈참나무,Quercus,aliena,36.03614982,126.7169444,12-L-4173
신갈나무,Quercus,mongolica,36.03615575,126.7169466,12-L-4174
쪽동백나무,Styrax,obassia,36.03617269,126.7169492,12-L-4175
당단풍나무,Acer,pseudosieboldianum,36.03617909,126.7169651,12-L-4176
당단풍나무,Acer,pseudosieboldianum,36.03619985,126.7170019,12-L-4177
감태나무,Lindera,glauca,36.03618885,126.71701,12-L-4178
산딸나무,Cornus,kousa,36.03624926,126.7169661,12-L-4179
굴참나무,Quercus,variabilis,36.03621611,126.7169432,12-L-4180
감태나무,Lindera,glauca,36.03623796,126.7169077,12-L-4181
쪽동백나무,Styrax,obassia,36.03625469,126.7169212,12-L-4182
굴참나무,Quercus,variabilis,36.03625202,126.7169133,12-L-4183
굴참나무,Quercus,variabilis,36.0361991,126.7168549,12-L-4184
갈참나무,Quercus,aliena,36.03617994,126.716856,12-L-4185
신갈나무,Quercus,mongolica,36.03618921,126.7168113,12-L-4186
굴참나무,Quercus,variabilis,36.03621077,126.7167908,12-L-4187
쪽동백나무,Styrax,obassia,36.03620247,126.7167984,12-L-4188
굴피나무,Platycarya,strobilacea,36.03621161,126.716797,12-L-4189
물푸레나무,Fraxinus,rhynchophylla,36.03621553,126.7168244,12-L-4190
산돌배나무,Pyrus,ussuriensis,36.03622017,126.7168353,12-L-4191
물푸레나무,Fraxinus,rhynchophylla,36.03624219,126.7168194,12-L-4192
굴피나무,Platycarya,strobilacea,36.03625825,126.7168003,12-L-4193
굴피나무,Platycarya,strobilacea,36.03626334,126.7167849,12-L-4194
굴피나무,Platycarya,strobilacea,36.03624728,126.7167799,12-L-4195
신갈나무,Quercus,mongolica,36.03625894,126.7167624,12-L-4196
감태나무,Lindera,glauca,36.03625504,126.716734,12-L-4197
굴피나무,Platycarya,strobilacea,36.03623418,126.7166974,12-L-4198
졸참나무,Quercus,serrata,36.03313322,126.7174323,12-L-4199
굴참나무,Quercus,variabilis,36.03623007,126.7167366,12-L-4200
굴피나무,Platycarya,strobilacea,36.03619351,126.7167306,12-L-4201
산돌배나무,Pyrus,ussuriensis,36.03619049,126.7167392,12-L-4202
신갈나무,Quercus,mongolica,36.03620443,126.7167468,12-L-4203
굴피나무,Platycarya,strobilacea,36.03620244,126.7167689,12-L-4204
소나무,Pinus,densiflora,36.03579032,126.716903,12-L-4241
소나무,Pinus,densiflora,36.03581619,126.7169237,12-L-4242
소나무,Pinus,densiflora,36.03583566,126.7169251,12-L-4243
굴참나무,Quercus,variabilis,36.03582968,126.7169509,12-L-4244
졸참나무,Quercus,serrata,36.03288429,126.7173628,12-L-4245
졸참나무,Quercus,serrata,36.03287805,126.7173413,12-L-4246
굴참나무,Quercus,variabilis,36.0358756,126.7169448,12-L-4247
산돌배나무,Pyrus,ussuriensis,36.0359001,126.7169424,12-L-4248
소나무,Pinus,densiflora,36.03588153,126.7169849,12-L-4249
소나무,Pinus,densiflora,36.03589163,126.7169752,12-L-4250
소나무,Pinus,densiflora,36.03590882,126.717,12-L-4251
소나무,Pinus,densiflora,36.03592961,126.7170182,12-L-4252
굴참나무,Quercus,variabilis,36.03595535,126.7170091,12-L-4253
소나무,Pinus,densiflora,36.03596207,126.7170352,12-L-4254
소나무,Pinus,densiflora,36.03596603,126.7170778,12-L-4255
소나무,Pinus,densiflora,36.0359965,126.717113,12-L-4256
산벚나무,Prunus,sargentii,36.03599553,126.7170861,12-L-4257
굴참나무,Quercus,variabilis,36.03600507,126.7170721,12-L-4258
쇠물푸레,Fraxinus,sieboldiana,36.03600569,126.7170575,12-L-4259
쇠물푸레,Fraxinus,sieboldiana,36.03600738,126.7170595,12-L-4260
쇠물푸레,Fraxinus,sieboldiana,36.03600465,126.7170572,12-L-4261
쇠물푸레,Fraxinus,sieboldiana,36.03599982,126.7170556,12-L-4262
개옻나무,Toxicodendron,trichocarpum,36.0359919,126.7170528,12-L-4263
쇠물푸레,Fraxinus,sieboldiana,36.03598826,126.7170591,12-L-4264
쇠물푸레,Fraxinus,sieboldiana,36.03598059,126.7170614,12-L-4265
쇠물푸레,Fraxinus,sieboldiana,36.03599527,126.7170494,12-L-4266
쇠물푸레,Fraxinus,sieboldiana,36.03598952,126.7170472,12-L-4267
쇠물푸레,Fraxinus,sieboldiana,36.03600557,126.7170369,12-L-4268
쇠물푸레,Fraxinus,sieboldiana,36.03600441,126.7170361,12-L-4269
소나무,Pinus,densiflora,36.03600801,126.7170342,12-L-4270
굴참나무,Quercus,variabilis,36.03599792,126.7170159,12-L-4271
소나무,Pinus,densiflora,36.03596607,126.7170544,12-L-4272
굴참나무,Quercus,variabilis,36.03596139,126.7170401,12-L-4273
소나무,Pinus,densiflora,36.03598296,126.7170127,12-L-4274
쇠물푸레,Fraxinus,sieboldiana,36.03596722,126.7170039,12-L-4275
느티나무,Zelkova,serrata,36.03597405,126.7169888,12-L-4276
소나무,Pinus,densiflora,36.03597483,126.7169666,12-L-4277
신갈나무,Quercus,mongolica,36.03600992,126.7169927,12-L-4278
소나무,Pinus,densiflora,36.03600945,126.7170079,12-L-4279
굴참나무,Quercus,variabilis,36.03601139,126.7170298,12-L-4280
쇠물푸레,Fraxinus,sieboldiana,36.03603374,126.7170141,12-L-4281
쇠물푸레,Fraxinus,sieboldiana,36.03603629,126.7170044,12-L-4282
굴참나무,Quercus,variabilis,36.03603561,126.7169982,12-L-4283
쇠물푸레,Fraxinus,sieboldiana,36.03605969,126.7169874,12-L-4284
소나무,Pinus,densiflora,36.0360355,126.7169931,12-L-4285
갈참나무,Quercus,aliena,36.03600702,126.7169728,12-L-4286
당단풍나무,Acer,pseudosieboldianum,36.0360152,126.71697,12-L-4287
소나무,Pinus,densiflora,36.03600135,126.7169544,12-L-4288
당단풍나무,Acer,pseudosieboldianum,36.03597829,126.7169476,12-L-4289
쇠물푸레,Fraxinus,sieboldiana,36.03597887,126.7169485,12-L-4290
굴참나무,Quercus,variabilis,36.03598684,126.71694,12-L-4291
당단풍나무,Acer,pseudosieboldianum,36.03601265,126.716955,12-L-4292
소나무,Pinus,densiflora,36.03600322,126.7169118,12-L-4293
당단풍나무,Acer,pseudosieboldianum,36.03605137,126.71692,12-L-4294
소나무,Pinus,densiflora,36.03608409,126.7169188,12-L-4295
당단풍나무,Acer,pseudosieboldianum,36.03609913,126.7169377,12-L-4296
소나무,Pinus,densiflora,36.03607305,126.7169214,12-L-4297
당단풍나무,Acer,pseudosieboldianum,36.03606924,126.7169518,12-L-4298
소나무,Pinus,densiflora,36.03605004,126.7169692,12-L-4299
굴참나무,Quercus,variabilis,36.03607094,126.7169916,12-L-4300
굴참나무,Quercus,variabilis,36.03608032,126.7169804,12-L-4301
소나무,Pinus,densiflora,36.03608232,126.7169738,12-L-4302
느티나무,Zelkova,serrata,36.03609313,126.7169693,12-L-4303
당단풍나무,Acer,pseudosieboldianum,36.03611754,126.7169494,12-L-4304
소나무,Pinus,densiflora,36.03611323,126.7169692,12-L-4305
소나무,Pinus,densiflora,36.03609471,126.7169924,12-L-4306
쇠물푸레,Fraxinus,sieboldiana,36.0360683,126.716997,12-L-4307
소나무,Pinus,densiflora,36.03607136,126.7170011,12-L-4308
당단풍나무,Acer,pseudosieboldianum,36.03607108,126.717031,12-L-4309
소나무,Pinus,densiflora,36.03606926,126.7170303,12-L-4310
소나무,Pinus,densiflora,36.03605545,126.7170569,12-L-4311
굴참나무,Quercus,variabilis,36.03603829,126.7170532,12-L-4312
소나무,Pinus,densiflora,36.03604723,126.7170335,12-L-4313
쇠물푸레,Fraxinus,sieboldiana,36.03604566,126.7170381,12-L-4314
쇠물푸레,Fraxinus,sieboldiana,36.03603986,126.7170384,12-L-4315
쇠물푸레,Fraxinus,sieboldiana,36.0360414,126.7170481,12-L-4316
쇠물푸레,Fraxinus,sieboldiana,36.03603215,126.717044,12-L-4317
굴참나무,Quercus,variabilis,36.03602221,126.7170626,12-L-4318
소나무,Pinus,densiflora,36.0359953,126.7170742,12-L-4319
쇠물푸레,Fraxinus,sieboldiana,36.03599606,126.7170789,12-L-4320
소나무,Pinus,densiflora,36.03600381,126.7171085,12-L-4321
굴참나무,Quercus,variabilis,36.03600624,126.7171241,12-L-4322
쇠물푸레,Fraxinus,sieboldiana,36.0360093,126.7171441,12-L-4323
소나무,Pinus,densiflora,36.03604927,126.7171284,12-L-4324
쪽동백나무,Styrax,obassia,36.03604356,126.7171131,12-L-4325
굴참나무,Quercus,variabilis,36.03604868,126.7171057,12-L-4326
소나무,Pinus,densiflora,36.03604338,126.7170863,12-L-4327
졸참나무,Quercus,serrata,36.03289442,126.7173315,12-L-4328
소나무,Pinus,densiflora,36.03605623,126.7171011,12-L-4329
산벚나무,Prunus,sargentii,36.03606298,126.7171082,12-L-4330
굴참나무,Quercus,variabilis,36.03606778,126.717111,12-L-4331
굴참나무,Quercus,variabilis,36.0360787,126.7170976,12-L-4332
소나무,Pinus,densiflora,36.0360948,126.7170929,12-L-4333
굴참나무,Quercus,variabilis,36.03607053,126.7170853,12-L-4334
소나무,Pinus,densiflora,36.03609914,126.7170696,12-L-4335
때죽나무,Styrax,japonicus,36.0361137,126.7170563,12-L-4336
소나무,Pinus,densiflora,36.03610784,126.7170385,12-L-4337
쇠물푸레,Fraxinus,sieboldiana,36.03610241,126.7170149,12-L-4338
쇠물푸레,Fraxinus,sieboldiana,36.03609918,126.7170076,12-L-4339
쇠물푸레,Fraxinus,sieboldiana,36.0360981,126.7170043,12-L-4340
쇠물푸레,Fraxinus,sieboldiana,36.03609765,126.7170085,12-L-4341
쇠물푸레,Fraxinus,sieboldiana,36.03610009,126.7170124,12-L-4342
쇠물푸레,Fraxinus,sieboldiana,36.03610663,126.7170029,12-L-4343
쇠물푸레,Fraxinus,sieboldiana,36.03611108,126.7170039,12-L-4344
쇠물푸레,Fraxinus,sieboldiana,36.03610814,126.7170054,12-L-4345
쇠물푸레,Fraxinus,sieboldiana,36.03611872,126.7169972,12-L-4346
물푸레나무,Fraxinus,rhynchophylla,36.03611955,126.7170081,12-L-4347
물푸레나무,Fraxinus,rhynchophylla,36.03612006,126.7170155,12-L-4348
쇠물푸레,Fraxinus,sieboldiana,36.03613619,126.7170077,12-L-4349
쇠물푸레,Fraxinus,sieboldiana,36.03612744,126.7169938,12-L-4350
쇠물푸레,Fraxinus,sieboldiana,36.03613364,126.7169979,12-L-4351
소나무,Pinus,densiflora,36.03612838,126.7170006,12-L-4352
느티나무,Zelkova,serrata,36.03614707,126.7169627,12-L-4353
당단풍나무,Acer,pseudosieboldianum,36.0361638,126.7170001,12-L-4354
개옻나무,Toxicodendron,trichocarpum,36.0361586,126.7170035,12-L-4355
쇠물푸레,Fraxinus,sieboldiana,36.03617846,126.7170029,12-L-4356
쇠물푸레,Fraxinus,sieboldiana,36.03617599,126.7170148,12-L-4357
소나무,Pinus,densiflora,36.03618062,126.7170409,12-L-4358
소나무,Pinus,densiflora,36.03617239,126.7170331,12-L-4359
가중나무,Ailanthus,altissima,36.03618413,126.7170575,12-L-4360
당단풍나무,Acer,pseudosieboldianum,36.03618068,126.717069,12-L-4361
쇠물푸레,Fraxinus,sieboldiana,36.03615614,126.7170597,12-L-4362
쇠물푸레,Fraxinus,sieboldiana,36.0361554,126.7170577,12-L-4363
소나무,Pinus,densiflora,36.03614074,126.7170239,12-L-4364
굴참나무,Quercus,variabilis,36.03613868,126.7170595,12-L-4365
굴참나무,Quercus,variabilis,36.036129,126.7170601,12-L-4366
팽나무,Celtis,sinensis,36.03615129,126.7170774,12-L-4367
쇠물푸레,Fraxinus,sieboldiana,36.03615242,126.717097,12-L-4368
팽나무,Celtis,sinensis,36.03617015,126.7171084,12-L-4369
소나무,Pinus,densiflora,36.0361439,126.7170986,12-L-4370
쇠물푸레,Fraxinus,sieboldiana,36.03614205,126.7171103,12-L-4371
굴참나무,Quercus,variabilis,36.0361263,126.7171047,12-L-4372
소나무,Pinus,densiflora,36.03611811,126.7170866,12-L-4373
쇠물푸레,Fraxinus,sieboldiana,36.03610533,126.7171115,12-L-4374
졸참나무,Quercus,serrata,36.03289837,126.7173396,12-L-4375
굴참나무,Quercus,variabilis,36.03611733,126.7171286,12-L-4376
소나무,Pinus,densiflora,36.03612332,126.7171282,12-L-4377
소나무,Pinus,densiflora,36.03609521,126.7171335,12-L-4378
팥배나무,Sorbus,alnifolia,36.03608999,126.717378,12-L-4379
닥나무,Broussonetia,0,36.03611767,126.717311,12-L-4380
물푸레나무,Fraxinus,rhynchophylla,36.03610581,126.7173156,12-L-4381
물푸레나무,Fraxinus,rhynchophylla,36.036119,126.7172995,12-L-4382
당단풍나무,Acer,pseudosieboldianum,36.03614666,126.7173107,12-L-4383
당단풍나무,Acer,pseudosieboldianum,36.03615827,126.7172959,12-L-4384
당단풍나무,Acer,pseudosieboldianum,36.03614921,126.7172803,12-L-4385
느릅나무,Ulmus,davidiana,36.03615016,126.7172821,12-L-4386
당단풍나무,Acer,pseudosieboldianum,36.03617156,126.7172702,12-L-4387
당단풍나무,Acer,pseudosieboldianum,36.03617857,126.7172473,12-L-4388
물푸레나무,Fraxinus,rhynchophylla,36.03614953,126.7172398,12-L-4389
서어나무,Carpinus,laxiflora,36.03615526,126.7172398,12-L-4390
물푸레나무,Fraxinus,rhynchophylla,36.03613887,126.717226,12-L-4391
물푸레나무,Fraxinus,rhynchophylla,36.03615975,126.7172186,12-L-4392
생강나무,Lindera,obtusiloba,36.03615491,126.7172134,12-L-4393
서어나무,Carpinus,laxiflora,36.03614467,126.7172051,12-L-4394
서어나무,Carpinus,laxiflora,36.0361326,126.7172021,12-L-4395
생강나무,Lindera,obtusiloba,36.0361738,126.7171532,12-L-4396
졸참나무,Quercus,serrata,36.03288573,126.7174652,12-L-4397
산딸나무,Cornus,kousa,36.0362049,126.7171064,12-L-4398
당단풍나무,Acer,pseudosieboldianum,36.03620964,126.7171026,12-L-4399
참느릅나무,Ulmus,parvifolia,36.03621769,126.7171016,12-L-4400
서어나무,Carpinus,laxiflora,36.03621409,126.7170345,12-L-4401
서어나무,Carpinus,laxiflora,36.03622849,126.717027,12-L-4402
느티나무,Zelkova,serrata,36.03623599,126.7170247,12-L-4403
당단풍나무,Acer,pseudosieboldianum,36.03628108,126.7169583,12-L-4404
당단풍나무,Acer,pseudosieboldianum,36.03629711,126.7169744,12-L-4405
당단풍나무,Acer,pseudosieboldianum,36.03629141,126.7170061,12-L-4406
당단풍나무,Acer,pseudosieboldianum,36.03630244,126.7170124,12-L-4407
당단풍나무,Acer,pseudosieboldianum,36.03630885,126.7170028,12-L-4408
당단풍나무,Acer,pseudosieboldianum,36.03632712,126.7170006,12-L-4409
생강나무,Lindera,obtusiloba,36.03633082,126.7170047,12-L-4410
오동나무,Paulownia,coreana,36.03632012,126.7170254,12-L-4411
서어나무,Carpinus,laxiflora,36.03625731,126.7170774,12-L-4412
팽나무,Celtis,sinensis,36.03624246,126.7170711,12-L-4413
팽나무,Celtis,sinensis,36.03625121,126.7170732,12-L-4414
당단풍나무,Acer,pseudosieboldianum,36.03624544,126.7170722,12-L-4415
팽나무,Celtis,sinensis,36.03627414,126.7170773,12-L-4416
서어나무,Carpinus,laxiflora,36.03627814,126.7170782,12-L-4417
서어나무,Carpinus,laxiflora,36.036268,126.717096,12-L-4418
고추나무,Staphylea,bumalda,36.03624966,126.7171174,12-L-4419
졸참나무,Quercus,serrata,36.03289126,126.7174823,12-L-4420
졸참나무,Quercus,serrata,36.03288007,126.7174855,12-L-4421
서어나무,Carpinus,laxiflora,36.03620684,126.7171661,12-L-4422
서어나무,Carpinus,laxiflora,36.03621905,126.717191,12-L-4423
서어나무,Carpinus,laxiflora,36.03622483,126.7171614,12-L-4424
서어나무,Carpinus,laxiflora,36.03623747,126.7171712,12-L-4425
산딸나무,Cornus,kousa,36.03623847,126.7171704,12-L-4426
산딸나무,Cornus,kousa,36.03625981,126.7171789,12-L-4427
쪽동백나무,Styrax,obassia,36.03624364,126.7171817,12-L-4428
쪽동백나무,Styrax,obassia,36.03624343,126.7171925,12-L-4429
졸참나무,Quercus,serrata,36.03291532,126.7174286,12-L-4430
쇠물푸레,Fraxinus,sieboldiana,36.03625092,126.7172146,12-L-4431
쇠물푸레,Fraxinus,sieboldiana,36.03623304,126.7172204,12-L-4432
졸참나무,Quercus,serrata,36.03291812,126.717408,12-L-4433
당단풍나무,Acer,pseudosieboldianum,36.0362074,126.717209,12-L-4434
산딸나무,Cornus,kousa,36.0362022,126.717215,12-L-4435
산딸나무,Cornus,kousa,36.03620003,126.7172196,12-L-4436
산딸나무,Cornus,kousa,36.03619271,126.7172301,12-L-4437
서어나무,Carpinus,laxiflora,36.03620014,126.7172398,12-L-4438
서어나무,Carpinus,laxiflora,36.03619187,126.71724,12-L-4439
서어나무,Carpinus,laxiflora,36.0361992,126.7172471,12-L-4440
고로쇠나무,Acer,pictum,36.03620763,126.7172655,12-L-4441
서어나무,Carpinus,laxiflora,36.03617396,126.7173024,12-L-4442
서어나무,Carpinus,laxiflora,36.03616066,126.7173084,12-L-4443
닥나무,Broussonetia,0,36.03616158,126.7173231,12-L-4444
서어나무,Carpinus,laxiflora,36.0361708,126.7173182,12-L-4445
당단풍나무,Acer,pseudosieboldianum,36.03617978,126.7173183,12-L-4446
서어나무,Carpinus,laxiflora,36.03618085,126.7173384,12-L-4447
팽나무,Celtis,sinensis,36.03617849,126.7173395,12-L-4448
당단풍나무,Acer,pseudosieboldianum,36.03615958,126.7173634,12-L-4449
당단풍나무,Acer,pseudosieboldianum,36.03617083,126.7173791,12-L-4450
당단풍나무,Acer,pseudosieboldianum,36.03618402,126.7173726,12-L-4451
당단풍나무,Acer,pseudosieboldianum,36.03619818,126.7174086,12-L-4452
팥배나무,Sorbus,alnifolia,36.0362309,126.7174198,12-L-4453
팥배나무,Sorbus,alnifolia,36.03622948,126.7173873,12-L-4454
서어나무,Carpinus,laxiflora,36.0362058,126.7173733,12-L-4455
서어나무,Carpinus,laxiflora,36.03620178,126.7173518,12-L-4456
당단풍나무,Acer,pseudosieboldianum,36.03620426,126.7173282,12-L-4457
당단풍나무,Acer,pseudosieboldianum,36.03620697,126.7173291,12-L-4458
당단풍나무,Acer,pseudosieboldianum,36.03621225,126.7173409,12-L-4459
당단풍나무,Acer,pseudosieboldianum,36.03622259,126.7173449,12-L-4460
서어나무,Carpinus,laxiflora,36.03622952,126.7173385,12-L-4461
서어나무,Carpinus,laxiflora,36.03622965,126.7173181,12-L-4462
산딸나무,Cornus,kousa,36.03621626,126.7173215,12-L-4463
당단풍나무,Acer,pseudosieboldianum,36.03621862,126.7173044,12-L-4464
산딸나무,Cornus,kousa,36.03621775,126.7173009,12-L-4465
서어나무,Carpinus,laxiflora,36.03621814,126.7172951,12-L-4466
산딸나무,Cornus,kousa,36.03622858,126.7172465,12-L-4467
서어나무,Carpinus,laxiflora,36.03624378,126.7172898,12-L-4468
산딸나무,Cornus,kousa,36.03625755,126.7172719,12-L-4469
졸참나무,Quercus,serrata,36.03290306,126.7174552,12-L-4470
서어나무,Carpinus,laxiflora,36.0362646,126.7172511,12-L-4471
서어나무,Carpinus,laxiflora,36.03625212,126.7172116,12-L-4472
서어나무,Carpinus,laxiflora,36.03625884,126.7172136,12-L-4473
서어나무,Carpinus,laxiflora,36.03626683,126.7172108,12-L-4474
서어나무,Carpinus,laxiflora,36.0362842,126.7172214,12-L-4475
당단풍나무,Acer,pseudosieboldianum,36.03628033,126.7172469,12-L-4476
서어나무,Carpinus,laxiflora,36.03626431,126.7171413,12-L-4477
서어나무,Carpinus,laxiflora,36.03628225,126.7171745,12-L-4478
당단풍나무,Acer,pseudosieboldianum,36.03628083,126.7171585,12-L-4479
당단풍나무,Acer,pseudosieboldianum,36.03629384,126.7171304,12-L-4480
서어나무,Carpinus,laxiflora,36.03629829,126.7171087,12-L-4481
졸참나무,Quercus,serrata,36.03290688,126.7174591,12-L-4482
서어나무,Carpinus,laxiflora,36.0363494,126.7171235,12-L-4483
서어나무,Carpinus,laxiflora,36.03635771,126.7171483,12-L-4484
당단풍나무,Acer,pseudosieboldianum,36.03637861,126.7171309,12-L-4485
서어나무,Carpinus,laxiflora,36.03640146,126.717139,12-L-4486
산딸나무,Cornus,kousa,36.0363988,126.7171557,12-L-4487
당단풍나무,Acer,pseudosieboldianum,36.03642164,126.7171681,12-L-4488
당단풍나무,Acer,pseudosieboldianum,36.03642332,126.7171973,12-L-4489
산딸나무,Cornus,kousa,36.03638081,126.7171948,12-L-4490
느릅나무,Ulmus,davidiana,36.03637159,126.7171941,12-L-4491
서어나무,Carpinus,laxiflora,36.03635838,126.7172047,12-L-4492
피나무,Tilia,amurensis,36.03630235,126.7171905,12-L-4493
졸참나무,Quercus,serrata,36.03290323,126.7174518,12-L-4494
갈참나무,Quercus,aliena,36.03636237,126.7170539,12-L-4495
당단풍나무,Acer,pseudosieboldianum,36.03638858,126.7169976,12-L-4496
서어나무,Carpinus,laxiflora,36.03631054,126.7172353,12-L-4497
산벚나무,Prunus,sargentii,36.03631126,126.7172569,12-L-4498
서어나무,Carpinus,laxiflora,36.03630762,126.7172853,12-L-4499
당단풍나무,Acer,pseudosieboldianum,36.03632517,126.7172823,12-L-4500
당단풍나무,Acer,pseudosieboldianum,36.03633556,126.7173,12-L-4501
서어나무,Carpinus,laxiflora,36.03632208,126.7172954,12-L-4502
서어나무,Carpinus,laxiflora,36.03631062,126.7173007,12-L-4503
느릅나무,Ulmus,davidiana,36.03629254,126.7172927,12-L-4504
당단풍나무,Acer,pseudosieboldianum,36.03628908,126.7173035,12-L-4505
서어나무,Carpinus,laxiflora,36.03627661,126.7172845,12-L-4506
고로쇠나무,Acer,pictum,36.03626568,126.7173061,12-L-4507
당단풍나무,Acer,pseudosieboldianum,36.03627354,126.7173385,12-L-4508
당단풍나무,Acer,pseudosieboldianum,36.03628616,126.7173375,12-L-4509
산딸나무,Cornus,kousa,36.03629628,126.7173348,12-L-4510
당단풍나무,Acer,pseudosieboldianum,36.03631262,126.7173285,12-L-4511
당단풍나무,Acer,pseudosieboldianum,36.03632201,126.7173254,12-L-4512
용버들,Salix,babylonica,36.03632328,126.7173452,12-L-4513
당단풍나무,Acer,pseudosieboldianum,36.03630087,126.7173554,12-L-4514
당단풍나무,Acer,pseudosieboldianum,36.036287,126.717358,12-L-4515
당단풍나무,Acer,pseudosieboldianum,36.03628311,126.7173634,12-L-4516
당단풍나무,Acer,pseudosieboldianum,36.03626749,126.7173679,12-L-4517
당단풍나무,Acer,pseudosieboldianum,36.03627077,126.7173807,12-L-4518
당단풍나무,Acer,pseudosieboldianum,36.03626012,126.7173952,12-L-4519
물푸레나무,Fraxinus,rhynchophylla,36.0362597,126.7174252,12-L-4520
생강나무,Lindera,obtusiloba,36.03628385,126.7174573,12-L-4521
팥배나무,Sorbus,alnifolia,36.03629521,126.7174684,12-L-4522
쪽동백나무,Styrax,obassia,36.03630638,126.7174223,12-L-4523
팥배나무,Sorbus,alnifolia,36.03628909,126.7174029,12-L-4524
팥배나무,Sorbus,alnifolia,36.03630907,126.7173843,12-L-4525
서어나무,Carpinus,laxiflora,36.03635908,126.7173607,12-L-4526
서어나무,Carpinus,laxiflora,36.03636109,126.7172656,12-L-4527
서어나무,Carpinus,laxiflora,36.03638262,126.7172981,12-L-4528
서어나무,Carpinus,laxiflora,36.03639521,126.7172864,12-L-4529
산딸나무,Cornus,kousa,36.03639668,126.7173136,12-L-4530
서어나무,Carpinus,laxiflora,36.03641192,126.7173148,12-L-4531
쪽동백나무,Styrax,obassia,36.03643057,126.7172624,12-L-4532
당단풍나무,Acer,pseudosieboldianum,36.03641336,126.7172425,12-L-4533
당단풍나무,Acer,pseudosieboldianum,36.03643596,126.7172413,12-L-4534
서어나무,Carpinus,laxiflora,36.03645063,126.7172332,12-L-4535
물푸레나무,Fraxinus,rhynchophylla,36.03645549,126.7172486,12-L-4536
당단풍나무,Acer,pseudosieboldianum,36.03644602,126.7172575,12-L-4537
산딸나무,Cornus,kousa,36.03647746,126.7172852,12-L-4538
서어나무,Carpinus,laxiflora,36.03646224,126.7173281,12-L-4539
서어나무,Carpinus,laxiflora,36.03647969,126.7173218,12-L-4540
당단풍나무,Acer,pseudosieboldianum,36.03651929,126.7172859,12-L-4541
서어나무,Carpinus,laxiflora,36.03652928,126.7172728,12-L-4542
서어나무,Carpinus,laxiflora,36.03649753,126.717267,12-L-4543
쇠물푸레,Fraxinus,sieboldiana,36.03650252,126.7172608,12-L-4544
당단풍나무,Acer,pseudosieboldianum,36.03649804,126.7172536,12-L-4545
산딸나무,Cornus,kousa,36.03650136,126.7172404,12-L-4546
산딸나무,Cornus,kousa,36.0364761,126.7172413,12-L-4547
서어나무,Carpinus,laxiflora,36.03647189,126.7172312,12-L-4548
산딸나무,Cornus,kousa,36.0364525,126.7172326,12-L-4549
산딸나무,Cornus,kousa,36.03646328,126.717217,12-L-4550
쪽동백나무,Styrax,obassia,36.03648447,126.717229,12-L-4551
오갈피나무,Eleutherococcus,sessiliflorus,36.03648634,126.7172296,12-L-4552
서어나무,Carpinus,laxiflora,36.03650417,126.7172333,12-L-4553
서어나무,Carpinus,laxiflora,36.03651413,126.7172269,12-L-4554
서어나무,Carpinus,laxiflora,36.0365265,126.7172372,12-L-4555
쪽동백나무,Styrax,obassia,36.03655236,126.7172394,12-L-4556
쇠물푸레,Fraxinus,sieboldiana,36.03653905,126.7173034,12-L-4557
당단풍나무,Acer,pseudosieboldianum,36.0365543,126.7173323,12-L-4558
당단풍나무,Acer,pseudosieboldianum,36.03657656,126.7173429,12-L-4559
서어나무,Carpinus,laxiflora,36.03656986,126.7173101,12-L-4560
당단풍나무,Acer,pseudosieboldianum,36.03655856,126.7172551,12-L-4561
당단풍나무,Acer,pseudosieboldianum,36.03657452,126.7172557,12-L-4562
당단풍나무,Acer,pseudosieboldianum,36.0365719,126.7172394,12-L-4563
당단풍나무,Acer,pseudosieboldianum,36.03656227,126.7172199,12-L-4564
산벚나무,Prunus,sargentii,36.03657818,126.7172255,12-L-4565
서어나무,Carpinus,laxiflora,36.03659653,126.7172273,12-L-4566
노린재나무,Symplocos,sawafutagi,36.03658966,126.7172507,12-L-4567
당단풍나무,Acer,pseudosieboldianum,36.03659634,126.7172675,12-L-4568
당단풍나무,Acer,pseudosieboldianum,36.03659942,126.7172789,12-L-4569
산딸나무,Cornus,kousa,36.03659712,126.7172853,12-L-4570
당단풍나무,Acer,pseudosieboldianum,36.03660469,126.7173185,12-L-4571
팥배나무,Sorbus,alnifolia,36.03662286,126.7173135,12-L-4572
가막살나무,Viburnum,dilatatum,36.03663292,126.7173006,12-L-4573
가막살나무,Viburnum,dilatatum,36.03666531,126.7173244,12-L-4574
팥배나무,Sorbus,alnifolia,36.0366763,126.7173485,12-L-4575
팥배나무,Sorbus,alnifolia,36.03668842,126.7173114,12-L-4576
팥배나무,Sorbus,alnifolia,36.03664913,126.7172969,12-L-4577
팥배나무,Sorbus,alnifolia,36.03665215,126.7172857,12-L-4578
참빗살나무,Euonymus,hamiltonianus,36.03663524,126.7172349,12-L-4579
가막살나무,Viburnum,dilatatum,36.03661411,126.7172338,12-L-4580
참빗살나무,Euonymus,hamiltonianus,36.03660891,126.7172171,12-L-4581
가막살나무,Viburnum,dilatatum,36.03644898,126.7171321,12-L-4582
철쭉,Rhododendron,schlippenbachii,36.03644412,126.7171122,12-L-4583
쇠물푸레,Fraxinus,sieboldiana,36.03642217,126.7170785,12-L-4584
서어나무,Carpinus,laxiflora,36.03643491,126.7170514,12-L-4585
팽나무,Celtis,sinensis,36.03643069,126.7170054,12-L-4586
신갈나무,Quercus,mongolica,36.03628023,126.7169327,12-L-4590
졸참나무,Quercus,serrata,36.03289495,126.7173502,12-L-4591
신갈나무,Quercus,mongolica,36.03635313,126.7169122,12-L-4592
물푸레나무,Fraxinus,rhynchophylla,36.03631378,126.7168837,12-L-4593
신갈나무,Quercus,mongolica,36.0363022,126.7168748,12-L-4594
졸참나무,Quercus,serrata,36.03289949,126.7174786,12-L-4595
신갈나무,Quercus,mongolica,36.03624923,126.7168739,12-L-4596
신갈나무,Quercus,mongolica,36.03627537,126.716836,12-L-4597
굴참나무,Quercus,variabilis,36.03628747,126.7168486,12-L-4598
신갈나무,Quercus,mongolica,36.03630855,126.7168385,12-L-4599
생강나무,Lindera,obtusiloba,36.03632157,126.7168322,12-L-4600
신갈나무,Quercus,mongolica,36.03632458,126.7168008,12-L-4601
물푸레나무,Fraxinus,rhynchophylla,36.03628491,126.7167284,12-L-4602
신갈나무,Quercus,mongolica,36.03629347,126.7167164,12-L-4603
신갈나무,Quercus,mongolica,36.03633788,126.7167098,12-L-4604
물푸레나무,Fraxinus,rhynchophylla,36.03636967,126.7167187,12-L-4605
신갈나무,Quercus,mongolica,36.03639482,126.7166577,12-L-4606
물푸레나무,Fraxinus,rhynchophylla,36.0364012,126.7166323,12-L-4607
신갈나무,Quercus,mongolica,36.0364308,126.7166281,12-L-4608
신갈나무,Quercus,mongolica,36.03641119,126.716748,12-L-4609
신갈나무,Quercus,mongolica,36.03643292,126.7167835,12-L-4610
신갈나무,Quercus,mongolica,36.03639779,126.7167872,12-L-4611
신갈나무,Quercus,mongolica,36.03641942,126.7168099,12-L-4612
신갈나무,Quercus,mongolica,36.03640173,126.7168433,12-L-4613
느릅나무,Ulmus,davidiana,36.03639838,126.7168355,12-L-4614
두메오리나무,Alnus,maximowiczii,36.03636007,126.7168802,12-L-4615
두메오리나무,Alnus,maximowiczii,36.03638257,126.7168734,12-L-4616
두메오리나무,Alnus,maximowiczii,36.03639121,126.7168787,12-L-4617
두메오리나무,Alnus,maximowiczii,36.03640884,126.7169166,12-L-4618
두메오리나무,Alnus,maximowiczii,36.03642095,126.7169164,12-L-4619
두메오리나무,Alnus,maximowiczii,36.03642279,126.7169308,12-L-4620
당단풍나무,Acer,pseudosieboldianum,36.03641616,126.7169471,12-L-4621
신갈나무,Quercus,mongolica,36.03647151,126.7169217,12-L-4622
굴참나무,Quercus,variabilis,36.03648392,126.7168961,12-L-4623
신갈나무,Quercus,mongolica,36.03641895,126.7168775,12-L-4624
물푸레나무,Fraxinus,rhynchophylla,36.03642831,126.7168614,12-L-4625
신갈나무,Quercus,mongolica,36.03645471,126.7168082,12-L-4626
상수리나무,Quercus,acutissima,36.03648822,126.716845,12-L-4627
신갈나무,Quercus,mongolica,36.03652161,126.7168449,12-L-4628
느릅나무,Ulmus,davidiana,36.03652106,126.7168205,12-L-4629
생강나무,Lindera,obtusiloba,36.03652897,126.7167707,12-L-4630
졸참나무,Quercus,serrata,36.03291732,126.717392,12-L-4631
신갈나무,Quercus,mongolica,36.03647689,126.7167606,12-L-4632
물푸레나무,Fraxinus,rhynchophylla,36.03647307,126.7167451,12-L-4633
산돌배나무,Pyrus,ussuriensis,36.03649608,126.7167261,12-L-4634
신갈나무,Quercus,mongolica,36.03653969,126.7167596,12-L-4635
신갈나무,Quercus,mongolica,36.03653765,126.7167409,12-L-4636
물푸레나무,Fraxinus,rhynchophylla,36.03655136,126.7166903,12-L-4637
신갈나무,Quercus,mongolica,36.03652558,126.7166745,12-L-4638
느릅나무,Ulmus,davidiana,36.0365129,126.7166898,12-L-4639
느릅나무,Ulmus,davidiana,36.03650472,126.7166911,12-L-4640
신갈나무,Quercus,mongolica,36.03647439,126.7166307,12-L-4641
물푸레나무,Fraxinus,rhynchophylla,36.03657835,126.7166025,12-L-4642
졸참나무,Quercus,serrata,36.03293123,126.7174419,12-L-4643
신갈나무,Quercus,mongolica,36.03663973,126.7165787,12-L-4644
물푸레나무,Fraxinus,rhynchophylla,36.03663037,126.7166305,12-L-4645
피나무,Tilia,amurensis,36.03663547,126.7166373,12-L-4646
졸참나무,Quercus,serrata,36.03290583,126.7174563,12-L-4647
신갈나무,Quercus,mongolica,36.03661569,126.7166665,12-L-4648
신갈나무,Quercus,mongolica,36.03663039,126.7166855,12-L-4649
생강나무,Lindera,obtusiloba,36.03661828,126.7167103,12-L-4650
신갈나무,Quercus,mongolica,36.03662854,126.7167352,12-L-4651
신갈나무,Quercus,mongolica,36.0366227,126.7167565,12-L-4652
쇠물푸레,Fraxinus,sieboldiana,36.0366068,126.716758,12-L-4653
신갈나무,Quercus,mongolica,36.03657788,126.7167802,12-L-4654
신갈나무,Quercus,mongolica,36.0365891,126.7168237,12-L-4655
쪽동백나무,Styrax,obassia,36.03658686,126.7168337,12-L-4656
쪽동백나무,Styrax,obassia,36.03662388,126.7168341,12-L-4657
생강나무,Lindera,obtusiloba,36.03663915,126.7167706,12-L-4658
신갈나무,Quercus,mongolica,36.03665522,126.7167586,12-L-4659
신갈나무,Quercus,mongolica,36.03664913,126.716699,12-L-4660
신갈나무,Quercus,mongolica,36.03665676,126.7166668,12-L-4661
느릅나무,Ulmus,davidiana,36.03666729,126.7166575,12-L-4662
느릅나무,Ulmus,davidiana,36.03667709,126.7166362,12-L-4663
느릅나무,Ulmus,davidiana,36.03668848,126.7166332,12-L-4664
신갈나무,Quercus,mongolica,36.036689,126.7165816,12-L-4665
물푸레나무,Fraxinus,rhynchophylla,36.03671135,126.7165523,12-L-4666
물푸레나무,Fraxinus,rhynchophylla,36.03673029,126.7166374,12-L-4667
신갈나무,Quercus,mongolica,36.03673655,126.7166573,12-L-4668
느릅나무,Ulmus,davidiana,36.03670196,126.7166986,12-L-4669
신갈나무,Quercus,mongolica,36.03668605,126.7167065,12-L-4670
생강나무,Lindera,obtusiloba,36.03668167,126.7167204,12-L-4671
층층나무,Cornus,controversa,36.03670025,126.7167394,12-L-4672
신갈나무,Quercus,mongolica,36.03668887,126.716753,12-L-4673
쪽동백나무,Styrax,obassia,36.03668118,126.7167685,12-L-4674
층층나무,Cornus,controversa,36.03669398,126.7167775,12-L-4675
쪽동백나무,Styrax,obassia,36.03669852,126.7167994,12-L-4676
신갈나무,Quercus,mongolica,36.03672472,126.7167997,12-L-4677
신갈나무,Quercus,mongolica,36.03674817,126.7167648,12-L-4678
갈참나무,Quercus,aliena,36.03674701,126.7167585,12-L-4679
물푸레나무,Fraxinus,rhynchophylla,36.03674287,126.7167577,12-L-4680
층층나무,Cornus,controversa,36.03673711,126.7167442,12-L-4681
신갈나무,Quercus,mongolica,36.03671444,126.7167299,12-L-4682
피나무,Tilia,amurensis,36.03671765,126.716686,12-L-4683
생강나무,Lindera,obtusiloba,36.0367418,126.7166913,12-L-4684
신갈나무,Quercus,mongolica,36.03675891,126.7167051,12-L-4685
느릅나무,Ulmus,davidiana,36.03679379,126.7167295,12-L-4686
느릅나무,Ulmus,davidiana,36.03680297,126.7167026,12-L-4687
물푸레나무,Fraxinus,rhynchophylla,36.03680127,126.7166711,12-L-4688
신갈나무,Quercus,mongolica,36.03678468,126.7166605,12-L-4689
신갈나무,Quercus,mongolica,36.03676758,126.7166135,12-L-4690
신갈나무,Quercus,mongolica,36.03680215,126.7165485,12-L-4691
신갈나무,Quercus,mongolica,36.03683019,126.716528,12-L-4692
신갈나무,Quercus,mongolica,36.0368523,126.7165493,12-L-4693
느릅나무,Ulmus,davidiana,36.03687175,126.7165504,12-L-4694
신갈나무,Quercus,mongolica,36.03687647,126.7165135,12-L-4695
신갈나무,Quercus,mongolica,36.03690096,126.7165525,12-L-4696
물푸레나무,Fraxinus,rhynchophylla,36.03689753,126.7165893,12-L-4697
신갈나무,Quercus,mongolica,36.03686453,126.7165986,12-L-4698
신갈나무,Quercus,mongolica,36.03679109,126.7166294,12-L-4699
신갈나무,Quercus,mongolica,36.03681447,126.7166752,12-L-4700
가막살나무,Viburnum,dilatatum,36.0368193,126.7167184,12-L-4701
가막살나무,Viburnum,dilatatum,36.03682917,126.716719,12-L-4702
가막살나무,Viburnum,dilatatum,36.03682478,126.7167096,12-L-4703
가막살나무,Viburnum,dilatatum,36.0368326,126.716709,12-L-4704
가막살나무,Viburnum,dilatatum,36.03682918,126.7167,12-L-4705
가막살나무,Viburnum,dilatatum,36.03683592,126.7166967,12-L-4706
가막살나무,Viburnum,dilatatum,36.03683646,126.7167088,12-L-4707
가막살나무,Viburnum,dilatatum,36.03683822,126.7167025,12-L-4708
가막살나무,Viburnum,dilatatum,36.03684471,126.7167032,12-L-4709
생강나무,Lindera,obtusiloba,36.03686357,126.7167116,12-L-4710
가막살나무,Viburnum,dilatatum,36.03686135,126.716697,12-L-4711
가막살나무,Viburnum,dilatatum,36.0368545,126.7166891,12-L-4712
가막살나무,Viburnum,dilatatum,36.03684493,126.7166835,12-L-4713
신갈나무,Quercus,mongolica,36.03685942,126.7166761,12-L-4714
가막살나무,Viburnum,dilatatum,36.03686686,126.7166925,12-L-4715
가막살나무,Viburnum,dilatatum,36.03685395,126.7166953,12-L-4716
가막살나무,Viburnum,dilatatum,36.03685933,126.7166962,12-L-4717
가막살나무,Viburnum,dilatatum,36.03685598,126.716684,12-L-4718
가막살나무,Viburnum,dilatatum,36.03686208,126.7166926,12-L-4719
가막살나무,Viburnum,dilatatum,36.03685687,126.7166836,12-L-4720
가막살나무,Viburnum,dilatatum,36.03686068,126.7166885,12-L-4721
신갈나무,Quercus,mongolica,36.03688191,126.7166775,12-L-4722
가막살나무,Viburnum,dilatatum,36.03687606,126.7166682,12-L-4723
가막살나무,Viburnum,dilatatum,36.03688352,126.7166569,12-L-4724
가막살나무,Viburnum,dilatatum,36.03688121,126.7166534,12-L-4725
가막살나무,Viburnum,dilatatum,36.03688481,126.7166559,12-L-4726
가막살나무,Viburnum,dilatatum,36.03687568,126.7166599,12-L-4727
가막살나무,Viburnum,dilatatum,36.03687504,126.7166559,12-L-4728
가막살나무,Viburnum,dilatatum,36.03686118,126.7166614,12-L-4729
신갈나무,Quercus,mongolica,36.03683801,126.7166493,12-L-4730
덜꿩나무,Viburnum,erosum,36.03688056,126.716643,12-L-4731
꾸지나무,Broussonetia,papyrifera,36.03688347,126.7166471,12-L-4732
덜꿩나무,Viburnum,erosum,36.036882,126.7166495,12-L-4733
덜꿩나무,Viburnum,erosum,36.03688929,126.7166497,12-L-4734
가막살나무,Viburnum,dilatatum,36.03688905,126.7166596,12-L-4735
가막살나무,Viburnum,dilatatum,36.03689005,126.7166559,12-L-4736
가막살나무,Viburnum,dilatatum,36.03688519,126.7166448,12-L-4737
가막살나무,Viburnum,dilatatum,36.0368944,126.7166394,12-L-4738
가막살나무,Viburnum,dilatatum,36.03690197,126.7166374,12-L-4739
가막살나무,Viburnum,dilatatum,36.03690254,126.7166424,12-L-4740
가막살나무,Viburnum,dilatatum,36.03691027,126.7166453,12-L-4741
가막살나무,Viburnum,dilatatum,36.03691973,126.7166281,12-L-4742
가막살나무,Viburnum,dilatatum,36.03691284,126.7166329,12-L-4743
가막살나무,Viburnum,dilatatum,36.03689302,126.7166331,12-L-4744
가막살나무,Viburnum,dilatatum,36.03691788,126.7166253,12-L-4745
꾸지나무,Broussonetia,papyrifera,36.03688432,126.7166374,12-L-4746
신갈나무,Quercus,mongolica,36.03690354,126.7166063,12-L-4747
신갈나무,Quercus,mongolica,36.03691514,126.7166044,12-L-4748
신갈나무,Quercus,mongolica,36.03693713,126.7165516,12-L-4749
신갈나무,Quercus,mongolica,36.03694293,126.7165784,12-L-4750
쪽동백나무,Styrax,obassia,36.03694105,126.7165905,12-L-4751
신갈나무,Quercus,mongolica,36.03693137,126.7166011,12-L-4752
가막살나무,Viburnum,dilatatum,36.03693086,126.7166136,12-L-4753
신갈나무,Quercus,mongolica,36.03693016,126.7166384,12-L-4754
가막살나무,Viburnum,dilatatum,36.03694004,126.7166072,12-L-4756
신갈나무,Quercus,mongolica,36.03696037,126.7166245,12-L-4757
가막살나무,Viburnum,dilatatum,36.03696299,126.7166071,12-L-4758
신갈나무,Quercus,mongolica,36.03696727,126.7165689,12-L-4759
물푸레나무,Fraxinus,rhynchophylla,36.03696062,126.7165367,12-L-4760
신갈나무,Quercus,mongolica,36.03696854,126.7165069,12-L-4761
가막살나무,Viburnum,dilatatum,36.03710445,126.7165138,12-L-4762
가막살나무,Viburnum,dilatatum,36.03710567,126.7164927,12-L-4763
가막살나무,Viburnum,dilatatum,36.03715654,126.7164728,12-L-4764
가막살나무,Viburnum,dilatatum,36.0371556,126.7165087,12-L-4765
가막살나무,Viburnum,dilatatum,36.03718714,126.7164696,12-L-4766
가막살나무,Viburnum,dilatatum,36.0371914,126.7164914,12-L-4767
가막살나무,Viburnum,dilatatum,36.03725214,126.7164938,12-L-4768
가막살나무,Viburnum,dilatatum,36.03726247,126.7164535,12-L-4769
가막살나무,Viburnum,dilatatum,36.0372898,126.7164447,12-L-4770
가막살나무,Viburnum,dilatatum,36.03730569,126.7164668,12-L-4771
가막살나무,Viburnum,dilatatum,36.03732535,126.716435,12-L-4772
가막살나무,Viburnum,dilatatum,36.03736651,126.7164506,12-L-4773
가막살나무,Viburnum,dilatatum,36.03739122,126.7164238,12-L-4774
가막살나무,Viburnum,dilatatum,36.03741822,126.7164128,12-L-4775
가막살나무,Viburnum,dilatatum,36.03742781,126.7164224,12-L-4776
가막살나무,Viburnum,dilatatum,36.03744581,126.7164421,12-L-4777
가막살나무,Viburnum,dilatatum,36.03744542,126.7164532,12-L-4778
가막살나무,Viburnum,dilatatum,36.03743274,126.71645,12-L-4779
가막살나무,Viburnum,dilatatum,36.03743998,126.7164615,12-L-4780
가막살나무,Viburnum,dilatatum,36.03744279,126.7164758,12-L-4781
가막살나무,Viburnum,dilatatum,36.03737951,126.7164831,12-L-4782
가막살나무,Viburnum,dilatatum,36.03734567,126.7164745,12-L-4783
가막살나무,Viburnum,dilatatum,36.03732659,126.7164896,12-L-4784
가막살나무,Viburnum,dilatatum,36.03731899,126.7165188,12-L-4785
가막살나무,Viburnum,dilatatum,36.03727126,126.716495,12-L-4786
신갈나무,Quercus,mongolica,36.03727206,126.7165314,12-L-4787
물푸레나무,Fraxinus,rhynchophylla,36.03724596,126.7165167,12-L-4788
신갈나무,Quercus,mongolica,36.03719503,126.7165307,12-L-4789
신갈나무,Quercus,mongolica,36.03716318,126.7165464,12-L-4790
느릅나무,Ulmus,davidiana,36.03713068,126.7165635,12-L-4791
갈참나무,Quercus,aliena,36.03708725,126.7165953,12-L-4792
때죽나무,Styrax,japonicus,36.03705286,126.7166727,12-L-4793
신갈나무,Quercus,mongolica,36.03695297,126.7166443,12-L-4794
물푸레나무,Fraxinus,rhynchophylla,36.03694053,126.7166548,12-L-4795
신갈나무,Quercus,mongolica,36.03692208,126.716689,12-L-4796
신갈나무,Quercus,mongolica,36.03690179,126.7166848,12-L-4797
졸참나무,Quercus,serrata,36.03291896,126.7173261,12-L-4798
신갈나무,Quercus,mongolica,36.03693056,126.7167445,12-L-4799
고로쇠나무,Acer,pictum,36.0369118,126.7167292,12-L-4800
물푸레나무,Fraxinus,rhynchophylla,36.03687695,126.7167348,12-L-4801
쪽동백나무,Styrax,obassia,36.03688307,126.7167542,12-L-4802
쪽동백나무,Styrax,obassia,36.03689476,126.7168237,12-L-4803
쪽동백나무,Styrax,obassia,36.03687349,126.7168171,12-L-4804
쪽동백나무,Styrax,obassia,36.0368493,126.7167751,12-L-4805
붉나무,Rhus,javanica,36.03676922,126.7167548,12-L-4807
산딸나무,Cornus,kousa,36.03675546,126.7167919,12-L-4808
산딸나무,Cornus,kousa,36.03677499,126.7167827,12-L-4809
팥배나무,Sorbus,alnifolia,36.03678442,126.7167915,12-L-4810
팥배나무,Sorbus,alnifolia,36.0367883,126.7168102,12-L-4811
신갈나무,Quercus,mongolica,36.03679377,126.7168236,12-L-4812
팥배나무,Sorbus,alnifolia,36.0368241,126.7168483,12-L-4813
팥배나무,Sorbus,alnifolia,36.03681657,126.7168496,12-L-4814
팥배나무,Sorbus,alnifolia,36.03681801,126.7168673,12-L-4815
졸참나무,Quercus,serrata,36.03292806,126.7173294,12-L-4816
신갈나무,Quercus,mongolica,36.03683925,126.7168955,12-L-4817
신갈나무,Quercus,mongolica,36.03687773,126.7169163,12-L-4818
다릅나무,Maackia,amurensis,36.0368357,126.7169309,12-L-4819
물푸레나무,Fraxinus,rhynchophylla,36.03685462,126.7170439,12-L-4820
신갈나무,Quercus,mongolica,36.0367979,126.7169883,12-L-4821
느릅나무,Ulmus,davidiana,36.03679846,126.716937,12-L-4822
갈참나무,Quercus,aliena,36.03674595,126.7170248,12-L-4823
피나무,Tilia,amurensis,36.03672523,126.7170352,12-L-4824
생강나무,Lindera,obtusiloba,36.03671452,126.7170328,12-L-4825
신갈나무,Quercus,mongolica,36.03671405,126.7170502,12-L-4826
느릅나무,Ulmus,davidiana,36.03671604,126.7170511,12-L-4827
느릅나무,Ulmus,davidiana,36.03670241,126.7170428,12-L-4828
신갈나무,Quercus,mongolica,36.03669257,126.7170431,12-L-4829
물푸레나무,Fraxinus,rhynchophylla,36.03669539,126.7170611,12-L-4830
졸참나무,Quercus,serrata,36.03291795,126.7173517,12-L-4831
느티나무,Zelkova,serrata,36.03668346,126.717081,12-L-4832
쪽동백나무,Styrax,obassia,36.03667262,126.7171321,12-L-4833
때죽나무,Styrax,japonicus,36.03666404,126.7171483,12-L-4834
졸참나무,Quercus,serrata,36.03291535,126.7173712,12-L-4835
물푸레나무,Fraxinus,rhynchophylla,36.03667481,126.7171813,12-L-4836
다릅나무,Maackia,amurensis,36.03664656,126.7171807,12-L-4837
다릅나무,Maackia,amurensis,36.03664482,126.7171999,12-L-4838
신갈나무,Quercus,mongolica,36.03662492,126.717203,12-L-4839
신갈나무,Quercus,mongolica,36.03664472,126.7172401,12-L-4840
피나무,Tilia,amurensis,36.0366936,126.7172068,12-L-4841
느릅나무,Ulmus,davidiana,36.03669058,126.717258,12-L-4842
신갈나무,Quercus,mongolica,36.03670248,126.7172809,12-L-4843
층층나무,Cornus,controversa,36.03670929,126.7172662,12-L-4844
신갈나무,Quercus,mongolica,36.03672429,126.7172724,12-L-4845
신갈나무,Quercus,mongolica,36.03675862,126.7172493,12-L-4846
쪽동백나무,Styrax,obassia,36.03675644,126.7172471,12-L-4847
신갈나무,Quercus,mongolica,36.03677409,126.7171952,12-L-4848
느릅나무,Ulmus,davidiana,36.03676327,126.7171842,12-L-4849
피나무,Tilia,amurensis,36.03678545,126.7171808,12-L-4850
신갈나무,Quercus,mongolica,36.03681414,126.7171547,12-L-4851
신갈나무,Quercus,mongolica,36.03672187,126.7171427,12-L-4852
쇠물푸레,Fraxinus,sieboldiana,36.03669793,126.7171391,12-L-4853
가막살나무,Viburnum,dilatatum,36.03670636,126.7171157,12-L-4854
복자기,Acer,triflorum,36.03673687,126.7170767,12-L-4855
쪽동백나무,Styrax,obassia,36.03676387,126.7170868,12-L-4856
물푸레나무,Fraxinus,rhynchophylla,36.03678522,126.7170481,12-L-4857
쇠물푸레,Fraxinus,sieboldiana,36.03677828,126.7170441,12-L-4858
다릅나무,Maackia,amurensis,36.03677807,126.717033,12-L-4859
신갈나무,Quercus,mongolica,36.03680749,126.7170953,12-L-4860
물푸레나무,Fraxinus,rhynchophylla,36.03681115,126.7170717,12-L-4861
신갈나무,Quercus,mongolica,36.03681252,126.7170648,12-L-4862
신갈나무,Quercus,mongolica,36.03682075,126.7170782,12-L-4863
서어나무,Carpinus,laxiflora,36.03681125,126.7170427,12-L-4864
소나무,Pinus,densiflora,36.03650698,126.716922,12-L-4892
소나무,Pinus,densiflora,36.03648118,126.7169473,12-L-4893
쇠물푸레,Fraxinus,sieboldiana,36.0364906,126.7169584,12-L-4894
쇠물푸레,Fraxinus,sieboldiana,36.03649379,126.7169566,12-L-4895
쇠물푸레,Fraxinus,sieboldiana,36.03649754,126.7169571,12-L-4896
쇠물푸레,Fraxinus,sieboldiana,36.03648195,126.7169663,12-L-4897
물푸레나무,Fraxinus,rhynchophylla,36.03648813,126.7169667,12-L-4898
물푸레나무,Fraxinus,rhynchophylla,36.03648947,126.7169695,12-L-4899
소나무,Pinus,densiflora,36.03648524,126.7169728,12-L-4900
물푸레나무,Fraxinus,rhynchophylla,36.03647944,126.7169714,12-L-4901
소나무,Pinus,densiflora,36.03648425,126.7169761,12-L-4902
물푸레나무,Fraxinus,rhynchophylla,36.0364814,126.7169811,12-L-4903
쇠물푸레,Fraxinus,sieboldiana,36.03647214,126.7169923,12-L-4904
물푸레나무,Fraxinus,rhynchophylla,36.03647751,126.716987,12-L-4905
물푸레나무,Fraxinus,rhynchophylla,36.03648044,126.7169932,12-L-4906
졸참나무,Quercus,serrata,36.03290654,126.7173829,12-L-4907
팽나무,Celtis,sinensis,36.03648532,126.7170052,12-L-4908
소나무,Pinus,densiflora,36.03647669,126.7170006,12-L-4909
쇠물푸레,Fraxinus,sieboldiana,36.03645125,126.7170112,12-L-4910
쇠물푸레,Fraxinus,sieboldiana,36.03645024,126.7170052,12-L-4911
쇠물푸레,Fraxinus,sieboldiana,36.03645452,126.7170046,12-L-4912
쇠물푸레,Fraxinus,sieboldiana,36.03645188,126.7170111,12-L-4913
쇠물푸레,Fraxinus,sieboldiana,36.03646709,126.7169953,12-L-4914
쇠물푸레,Fraxinus,sieboldiana,36.03647295,126.7170296,12-L-4915
쇠물푸레,Fraxinus,sieboldiana,36.03646316,126.7170595,12-L-4916
소나무,Pinus,densiflora,36.03644938,126.7170574,12-L-4917
쇠물푸레,Fraxinus,sieboldiana,36.03644714,126.717061,12-L-4918
쇠물푸레,Fraxinus,sieboldiana,36.03647313,126.7170685,12-L-4919
쇠물푸레,Fraxinus,sieboldiana,36.03647296,126.7170748,12-L-4920
쇠물푸레,Fraxinus,sieboldiana,36.03643989,126.7170889,12-L-4921
소나무,Pinus,densiflora,36.0364664,126.7170768,12-L-4922
느티나무,Zelkova,serrata,36.03647716,126.7170844,12-L-4923
느티나무,Zelkova,serrata,36.03648447,126.7170774,12-L-4924
쪽동백나무,Styrax,obassia,36.03648048,126.7170865,12-L-4925
느티나무,Zelkova,serrata,36.03647823,126.7171052,12-L-4926
굴참나무,Quercus,variabilis,36.03647935,126.7170974,12-L-4927
쇠물푸레,Fraxinus,sieboldiana,36.03647219,126.7171034,12-L-4928
소나무,Pinus,densiflora,36.03649546,126.7171324,12-L-4929
신갈나무,Quercus,mongolica,36.03649344,126.717153,12-L-4930
소나무,Pinus,densiflora,36.03650493,126.7171544,12-L-4931
쇠물푸레,Fraxinus,sieboldiana,36.03651088,126.7171534,12-L-4932
굴참나무,Quercus,variabilis,36.03650514,126.717149,12-L-4933
쇠물푸레,Fraxinus,sieboldiana,36.03651184,126.7171562,12-L-4934
쇠물푸레,Fraxinus,sieboldiana,36.03651975,126.7171472,12-L-4935
쇠물푸레,Fraxinus,sieboldiana,36.03651967,126.7171484,12-L-4936
쇠물푸레,Fraxinus,sieboldiana,36.0365182,126.7171425,12-L-4937
쇠물푸레,Fraxinus,sieboldiana,36.03651753,126.7171398,12-L-4938
쇠물푸레,Fraxinus,sieboldiana,36.0365047,126.71713,12-L-4939
굴참나무,Quercus,variabilis,36.03652265,126.7171248,12-L-4940
소나무,Pinus,densiflora,36.03654492,126.7171026,12-L-4941
굴참나무,Quercus,variabilis,36.03654621,126.717091,12-L-4942
쇠물푸레,Fraxinus,sieboldiana,36.03652532,126.7170835,12-L-4943
쇠물푸레,Fraxinus,sieboldiana,36.0365229,126.7170882,12-L-4944
쇠물푸레,Fraxinus,sieboldiana,36.03652374,126.7170912,12-L-4945
쇠물푸레,Fraxinus,sieboldiana,36.03651996,126.7170872,12-L-4946
쇠물푸레,Fraxinus,sieboldiana,36.03651816,126.7170964,12-L-4947
쇠물푸레,Fraxinus,sieboldiana,36.03652046,126.7170765,12-L-4948
소나무,Pinus,densiflora,36.03650817,126.7170642,12-L-4949
쇠물푸레,Fraxinus,sieboldiana,36.03651778,126.7170624,12-L-4950
쇠물푸레,Fraxinus,sieboldiana,36.03651152,126.7170471,12-L-4951
쇠물푸레,Fraxinus,sieboldiana,36.0365143,126.7170289,12-L-4952
소나무,Pinus,densiflora,36.03649507,126.7170333,12-L-4953
신갈나무,Quercus,mongolica,36.03650799,126.7170042,12-L-4954
소나무,Pinus,densiflora,36.03653122,126.7170269,12-L-4955
굴참나무,Quercus,variabilis,36.03651916,126.7170164,12-L-4956
쇠물푸레,Fraxinus,sieboldiana,36.03651622,126.7170074,12-L-4957
쇠물푸레,Fraxinus,sieboldiana,36.03650955,126.7170059,12-L-4958
물푸레나무,Fraxinus,rhynchophylla,36.03651378,126.7169959,12-L-4959
쇠물푸레,Fraxinus,sieboldiana,36.0365283,126.7169867,12-L-4960
쇠물푸레,Fraxinus,sieboldiana,36.03652573,126.7169908,12-L-4961
쇠물푸레,Fraxinus,sieboldiana,36.03653228,126.7169932,12-L-4962
쇠물푸레,Fraxinus,sieboldiana,36.03652432,126.7169992,12-L-4963
쇠물푸레,Fraxinus,sieboldiana,36.03652329,126.7170032,12-L-4964
쇠물푸레,Fraxinus,sieboldiana,36.03652144,126.7170036,12-L-4965
산벚나무,Prunus,sargentii,36.03652486,126.7169847,12-L-4966
소나무,Pinus,densiflora,36.03653874,126.7169411,12-L-4967
소나무,Pinus,densiflora,36.03652147,126.7169109,12-L-4968
소나무,Pinus,densiflora,36.03656164,126.716937,12-L-4969
느티나무,Zelkova,serrata,36.03656653,126.7169328,12-L-4970
굴참나무,Quercus,variabilis,36.03657241,126.7169128,12-L-4971
소나무,Pinus,densiflora,36.03655298,126.7168979,12-L-4972
느티나무,Zelkova,serrata,36.03653611,126.7168783,12-L-4973
소나무,Pinus,densiflora,36.03655575,126.7168619,12-L-4974
쇠물푸레,Fraxinus,sieboldiana,36.03655703,126.7168731,12-L-4975
소나무,Pinus,densiflora,36.03658316,126.7168371,12-L-4976
소나무,Pinus,densiflora,36.03659328,126.7168598,12-L-4977
굴참나무,Quercus,variabilis,36.03659326,126.7168547,12-L-4978
소나무,Pinus,densiflora,36.03661645,126.716883,12-L-4979
소나무,Pinus,densiflora,36.03662564,126.7168954,12-L-4980
쇠물푸레,Fraxinus,sieboldiana,36.03662369,126.7169121,12-L-4981
쪽동백나무,Styrax,obassia,36.03660252,126.7169256,12-L-4982
소나무,Pinus,densiflora,36.03661348,126.7169371,12-L-4983
쇠물푸레,Fraxinus,sieboldiana,36.03660805,126.7169439,12-L-4984
느티나무,Zelkova,serrata,36.03662574,126.7169319,12-L-4985
느티나무,Zelkova,serrata,36.03660969,126.7169493,12-L-4986
느티나무,Zelkova,serrata,36.03661276,126.7169591,12-L-4987
느티나무,Zelkova,serrata,36.03661812,126.7169501,12-L-4988
느티나무,Zelkova,serrata,36.03659759,126.7169575,12-L-4989
쪽동백나무,Styrax,obassia,36.03660701,126.7169474,12-L-4990
굴참나무,Quercus,variabilis,36.03660923,126.7169679,12-L-4991
쇠물푸레,Fraxinus,sieboldiana,36.0366118,126.7169749,12-L-4992
쇠물푸레,Fraxinus,sieboldiana,36.03661249,126.716982,12-L-4993
쇠물푸레,Fraxinus,sieboldiana,36.03660772,126.7169844,12-L-4994
쪽동백나무,Styrax,obassia,36.03660624,126.7169933,12-L-4995
소나무,Pinus,densiflora,36.0365897,126.716993,12-L-4996
쇠물푸레,Fraxinus,sieboldiana,36.03658398,126.7169918,12-L-4997
쪽동백나무,Styrax,obassia,36.03657779,126.7169644,12-L-4998
소나무,Pinus,densiflora,36.03657226,126.7169729,12-L-4999
쪽동백나무,Styrax,obassia,36.03656289,126.7169904,12-L-5000
소나무,Pinus,densiflora,36.03656803,126.7170067,12-L-5001
쇠물푸레,Fraxinus,sieboldiana,36.03656834,126.717009,12-L-5002
쇠물푸레,Fraxinus,sieboldiana,36.03657046,126.7170076,12-L-5003
쇠물푸레,Fraxinus,sieboldiana,36.03657078,126.7170123,12-L-5004
쇠물푸레,Fraxinus,sieboldiana,36.03657261,126.7170058,12-L-5005
쇠물푸레,Fraxinus,sieboldiana,36.03655331,126.7170244,12-L-5006
쇠물푸레,Fraxinus,sieboldiana,36.03655376,126.7170125,12-L-5007
쇠물푸레,Fraxinus,sieboldiana,36.03654518,126.7170097,12-L-5008
소나무,Pinus,densiflora,36.03655652,126.717054,12-L-5009
굴참나무,Quercus,variabilis,36.03657408,126.7170746,12-L-5010
쇠물푸레,Fraxinus,sieboldiana,36.03657954,126.7170731,12-L-5011
쇠물푸레,Fraxinus,sieboldiana,36.03657106,126.7170775,12-L-5012
쇠물푸레,Fraxinus,sieboldiana,36.03656997,126.717077,12-L-5013
쇠물푸레,Fraxinus,sieboldiana,36.03656107,126.7170755,12-L-5014
쇠물푸레,Fraxinus,sieboldiana,36.0365562,126.7170748,12-L-5015
물푸레나무,Fraxinus,rhynchophylla,36.03656131,126.7170862,12-L-5016
쇠물푸레,Fraxinus,sieboldiana,36.03656679,126.7170831,12-L-5017
쇠물푸레,Fraxinus,sieboldiana,36.03656912,126.7170847,12-L-5018
쇠물푸레,Fraxinus,sieboldiana,36.03659904,126.7170679,12-L-5019
쇠물푸레,Fraxinus,sieboldiana,36.03659917,126.7170816,12-L-5020
쇠물푸레,Fraxinus,sieboldiana,36.03659471,126.7170871,12-L-5021
쇠물푸레,Fraxinus,sieboldiana,36.03658285,126.7170937,12-L-5022
쇠물푸레,Fraxinus,sieboldiana,36.03658364,126.7171002,12-L-5023
쇠물푸레,Fraxinus,sieboldiana,36.03657255,126.7171087,12-L-5024
쇠물푸레,Fraxinus,sieboldiana,36.03657559,126.717098,12-L-5025
쇠물푸레,Fraxinus,sieboldiana,36.03656467,126.7170949,12-L-5026
소나무,Pinus,densiflora,36.03654688,126.7171166,12-L-5027
쪽동백나무,Styrax,obassia,36.03654142,126.7171483,12-L-5028
굴참나무,Quercus,variabilis,36.03655439,126.7171375,12-L-5029
소나무,Pinus,densiflora,36.03655901,126.717148,12-L-5030
쇠물푸레,Fraxinus,sieboldiana,36.03654786,126.7171628,12-L-5031
소나무,Pinus,densiflora,36.03657142,126.7171576,12-L-5032
소나무,Pinus,densiflora,36.03659681,126.7171558,12-L-5033
굴참나무,Quercus,variabilis,36.03660411,126.7171595,12-L-5034
굴참나무,Quercus,variabilis,36.03658676,126.7171395,12-L-5036
소나무,Pinus,densiflora,36.03659213,126.717122,12-L-5037
붉나무,Rhus,javanica,36.03661659,126.7171218,12-L-5038
굴참나무,Quercus,variabilis,36.03661103,126.7171133,12-L-5039
소나무,Pinus,densiflora,36.03659928,126.7171112,12-L-5040
굴참나무,Quercus,variabilis,36.03660247,126.7170923,12-L-5041
소나무,Pinus,densiflora,36.03659236,126.7170569,12-L-5042
쇠물푸레,Fraxinus,sieboldiana,36.03659592,126.7170574,12-L-5043
쇠물푸레,Fraxinus,sieboldiana,36.03659434,126.7170674,12-L-5044
쇠물푸레,Fraxinus,sieboldiana,36.03659841,126.7170722,12-L-5045
쇠물푸레,Fraxinus,sieboldiana,36.03660095,126.7170591,12-L-5046
생강나무,Lindera,obtusiloba,36.0366066,126.7170609,12-L-5047
쇠물푸레,Fraxinus,sieboldiana,36.03661414,126.7170396,12-L-5048
생강나무,Lindera,obtusiloba,36.03661116,126.7170365,12-L-5049
쇠물푸레,Fraxinus,sieboldiana,36.03660402,126.7170387,12-L-5050
쇠물푸레,Fraxinus,sieboldiana,36.03660687,126.7170277,12-L-5051
쇠물푸레,Fraxinus,sieboldiana,36.03660124,126.717032,12-L-5052
쇠물푸레,Fraxinus,sieboldiana,36.03660702,126.7170264,12-L-5053
쇠물푸레,Fraxinus,sieboldiana,36.03660279,126.7170254,12-L-5054
쇠물푸레,Fraxinus,sieboldiana,36.03660704,126.717037,12-L-5055
쇠물푸레,Fraxinus,sieboldiana,36.03659557,126.7170357,12-L-5056
쇠물푸레,Fraxinus,sieboldiana,36.03659416,126.7170386,12-L-5057
쇠물푸레,Fraxinus,sieboldiana,36.03659639,126.717019,12-L-5058
소나무,Pinus,densiflora,36.03660895,126.7170242,12-L-5059
소나무,Pinus,densiflora,36.03663475,126.7170007,12-L-5060
쇠물푸레,Fraxinus,sieboldiana,36.03663462,126.7169767,12-L-5061
소나무,Pinus,densiflora,36.03663432,126.7169739,12-L-5062
쇠물푸레,Fraxinus,sieboldiana,36.03663896,126.7169495,12-L-5063
소나무,Pinus,densiflora,36.03663969,126.7169585,12-L-5064
굴참나무,Quercus,variabilis,36.03665342,126.7169919,12-L-5065
소나무,Pinus,densiflora,36.03666231,126.7169966,12-L-5066
쇠물푸레,Fraxinus,sieboldiana,36.03664648,126.7170215,12-L-5067
굴참나무,Quercus,variabilis,36.03665807,126.7170462,12-L-5068
소나무,Pinus,densiflora,36.03663661,126.7170815,12-L-5069
굴참나무,Quercus,variabilis,36.03662442,126.7170971,12-L-5070
굴참나무,Quercus,variabilis,36.036624,126.7171286,12-L-5071
소나무,Pinus,densiflora,36.03663736,126.7171133,12-L-5072
신갈나무,Quercus,mongolica,36.03665164,126.7171088,12-L-5073
쇠물푸레,Fraxinus,sieboldiana,36.03665955,126.7170965,12-L-5074
쇠물푸레,Fraxinus,sieboldiana,36.03664885,126.7170853,12-L-5075
소나무,Pinus,densiflora,36.03666902,126.7170448,12-L-5076
소나무,Pinus,densiflora,36.03666282,126.7170552,12-L-5077
졸참나무,Quercus,serrata,36.03289601,126.7173603,12-L-5078
팽나무,Celtis,sinensis,36.03666018,126.7170533,12-L-5079
졸참나무,Quercus,serrata,36.03290295,126.7173627,12-L-5080
소나무,Pinus,densiflora,36.03667406,126.7170232,12-L-5081
산초나무,Zanthoxylum,schinifolium,36.0366744,126.7170137,12-L-5082
산벚나무,Prunus,sargentii,36.03670943,126.7170344,12-L-5083
소나무,Pinus,densiflora,36.03673089,126.7170089,12-L-5084
소나무,Pinus,densiflora,36.03672111,126.7170019,12-L-5085
쇠물푸레,Fraxinus,sieboldiana,36.03671634,126.7169937,12-L-5086
소나무,Pinus,densiflora,36.03672032,126.7170111,12-L-5087
소나무,Pinus,densiflora,36.03670469,126.7169947,12-L-5088
굴참나무,Quercus,variabilis,36.03669387,126.7169726,12-L-5089
소나무,Pinus,densiflora,36.0366832,126.7169463,12-L-5090
산벚나무,Prunus,sargentii,36.03667567,126.7169439,12-L-5091
소나무,Pinus,densiflora,36.03668074,126.7169396,12-L-5092
소나무,Pinus,densiflora,36.03666237,126.71693,12-L-5093
쇠물푸레,Fraxinus,sieboldiana,36.03665663,126.7169227,12-L-5094
물푸레나무,Fraxinus,rhynchophylla,36.03665646,126.7169236,12-L-5095
굴참나무,Quercus,variabilis,36.03665442,126.7168992,12-L-5096
소나무,Pinus,densiflora,36.0366818,126.7169083,12-L-5097
굴참나무,Quercus,variabilis,36.03667787,126.716902,12-L-5098
산벚나무,Prunus,sargentii,36.03665148,126.7168617,12-L-5099
굴참나무,Quercus,variabilis,36.03664364,126.7168535,12-L-5100
소나무,Pinus,densiflora,36.03667538,126.7168388,12-L-5101
신갈나무,Quercus,mongolica,36.03668421,126.7168524,12-L-5102
소나무,Pinus,densiflora,36.03669023,126.7168316,12-L-5103
소나무,Pinus,densiflora,36.03671454,126.7168273,12-L-5104
굴참나무,Quercus,variabilis,36.03672595,126.7168566,12-L-5105
소나무,Pinus,densiflora,36.03673552,126.7168868,12-L-5106
때죽나무,Styrax,japonicus,36.03672562,126.7169087,12-L-5107
소나무,Pinus,densiflora,36.03670577,126.7169497,12-L-5108
고로쇠나무,Acer,pictum,36.03699853,126.7171319,12-L-5109
고로쇠나무,Acer,pictum,36.03702084,126.7171091,12-L-5110
신갈나무,Quercus,mongolica,36.03704325,126.7172096,12-L-5111
신갈나무,Quercus,mongolica,36.03706593,126.7172059,12-L-5112
신갈나무,Quercus,mongolica,36.03710609,126.7171403,12-L-5113
신갈나무,Quercus,mongolica,36.03709012,126.7171332,12-L-5114
당단풍나무,Acer,pseudosieboldianum,36.0370713,126.7171164,12-L-5115
신갈나무,Quercus,mongolica,36.03706348,126.7171088,12-L-5116
당단풍나무,Acer,pseudosieboldianum,36.03705408,126.7170974,12-L-5117
신갈나무,Quercus,mongolica,36.03706298,126.7170739,12-L-5118
고로쇠나무,Acer,pictum,36.0370632,126.7170267,12-L-5119
신갈나무,Quercus,mongolica,36.03708015,126.7170303,12-L-5120
신나무,Acer,tataricum,36.03707611,126.7170377,12-L-5121
고로쇠나무,Acer,pictum,36.03708531,126.7170532,12-L-5122
신갈나무,Quercus,mongolica,36.03708726,126.7170757,12-L-5123
당단풍나무,Acer,pseudosieboldianum,36.03709554,126.7170876,12-L-5124
신갈나무,Quercus,mongolica,36.03711578,126.7170727,12-L-5125
신갈나무,Quercus,mongolica,36.03710957,126.7170286,12-L-5126
당단풍나무,Acer,pseudosieboldianum,36.03711335,126.717005,12-L-5127
피나무,Tilia,amurensis,36.0371185,126.716984,12-L-5128
물푸레나무,Fraxinus,rhynchophylla,36.0371079,126.7169895,12-L-5129
복자기,Acer,triflorum,36.03710457,126.7169774,12-L-5130
복자기,Acer,triflorum,36.03712182,126.7169576,12-L-5131
신갈나무,Quercus,mongolica,36.03712808,126.7169311,12-L-5132
신갈나무,Quercus,mongolica,36.03714772,126.7169396,12-L-5133
신갈나무,Quercus,mongolica,36.03715343,126.716964,12-L-5134
가막살나무,Viburnum,dilatatum,36.0371647,126.716944,12-L-5135
가막살나무,Viburnum,dilatatum,36.03718752,126.7169453,12-L-5136
당단풍나무,Acer,pseudosieboldianum,36.03720367,126.7169586,12-L-5137
신갈나무,Quercus,mongolica,36.03720852,126.7169032,12-L-5138
참느릅나무,Ulmus,parvifolia,36.03721041,126.7168859,12-L-5139
피나무,Tilia,amurensis,36.03719886,126.7168866,12-L-5140
피나무,Tilia,amurensis,36.03719714,126.7168835,12-L-5141
피나무,Tilia,amurensis,36.03719547,126.7168895,12-L-5142
신갈나무,Quercus,mongolica,36.0371555,126.7168849,12-L-5143
당단풍나무,Acer,pseudosieboldianum,36.03715915,126.7168693,12-L-5144
당단풍나무,Acer,pseudosieboldianum,36.03717773,126.7168463,12-L-5145
신갈나무,Quercus,mongolica,36.03720044,126.7168635,12-L-5146
당단풍나무,Acer,pseudosieboldianum,36.03719338,126.7168251,12-L-5147
단풍나무,Acer,palmatum,36.03721694,126.7168422,12-L-5148
당단풍나무,Acer,pseudosieboldianum,36.03725638,126.7169152,12-L-5149
신갈나무,Quercus,mongolica,36.0372491,126.7168936,12-L-5150
신갈나무,Quercus,mongolica,36.03722281,126.7168325,12-L-5151
까치박달,Carpinus,cordata,36.03723536,126.7168265,12-L-5152
신갈나무,Quercus,mongolica,36.03723365,126.7168119,12-L-5153
까치박달,Carpinus,cordata,36.03725124,126.7167752,12-L-5154
까치박달,Carpinus,cordata,36.03725996,126.7168094,12-L-5155
가막살나무,Viburnum,dilatatum,36.03725756,126.7168274,12-L-5156
가막살나무,Viburnum,dilatatum,36.03725644,126.7168334,12-L-5157
당단풍나무,Acer,pseudosieboldianum,36.03725544,126.7168568,12-L-5158
까치박달,Carpinus,cordata,36.03727159,126.7168304,12-L-5159
까치박달,Carpinus,cordata,36.03728264,126.7168187,12-L-5160
당단풍나무,Acer,pseudosieboldianum,36.03728309,126.7167643,12-L-5161
신갈나무,Quercus,mongolica,36.03731337,126.7167846,12-L-5162
은사시나무,Populus,0,36.03730752,126.71675,12-L-5163
신갈나무,Quercus,mongolica,36.03731357,126.7167466,12-L-5164
당단풍나무,Acer,pseudosieboldianum,36.03731366,126.7167296,12-L-5165
당단풍나무,Acer,pseudosieboldianum,36.03733966,126.716762,12-L-5166
피나무,Tilia,amurensis,36.03732654,126.7168054,12-L-5167
당단풍나무,Acer,pseudosieboldianum,36.03732803,126.7168058,12-L-5168
피나무,Tilia,amurensis,36.03735501,126.7167909,12-L-5169
신갈나무,Quercus,mongolica,36.0373489,126.7167929,12-L-5170
신갈나무,Quercus,mongolica,36.03736913,126.7167464,12-L-5171
신갈나무,Quercus,mongolica,36.037396,126.7167828,12-L-5172
신갈나무,Quercus,mongolica,36.03740213,126.716719,12-L-5173
고로쇠나무,Acer,pictum,36.03740083,126.7167626,12-L-5174
신갈나무,Quercus,mongolica,36.03741227,126.7167523,12-L-5175
고로쇠나무,Acer,pictum,36.0374224,126.716709,12-L-5176
당단풍나무,Acer,pseudosieboldianum,36.03743839,126.7167018,12-L-5177
피나무,Tilia,amurensis,36.03744351,126.716714,12-L-5178
당단풍나무,Acer,pseudosieboldianum,36.03744512,126.716736,12-L-5179
당단풍나무,Acer,pseudosieboldianum,36.03745321,126.7167325,12-L-5180
피나무,Tilia,amurensis,36.03746013,126.7167135,12-L-5181
피나무,Tilia,amurensis,36.03746361,126.7167033,12-L-5182
고로쇠나무,Acer,pictum,36.03747514,126.7167008,12-L-5183
까치박달,Carpinus,cordata,36.0374798,126.7167337,12-L-5184
까치박달,Carpinus,cordata,36.03749165,126.7167129,12-L-5185
고로쇠나무,Acer,pictum,36.03751212,126.7166851,12-L-5186
신갈나무,Quercus,mongolica,36.03752124,126.7166942,12-L-5187
피나무,Tilia,amurensis,36.03752906,126.7166864,12-L-5188
까치박달,Carpinus,cordata,36.03754827,126.7167053,12-L-5189
까치박달,Carpinus,cordata,36.03753896,126.7167217,12-L-5190
피나무,Tilia,amurensis,36.03753599,126.7167417,12-L-5191
신갈나무,Quercus,mongolica,36.03756728,126.716735,12-L-5192
피나무,Tilia,amurensis,36.03758541,126.7167387,12-L-5193
피나무,Tilia,amurensis,36.03759528,126.7167323,12-L-5194
당단풍나무,Acer,pseudosieboldianum,36.03761372,126.7167012,12-L-5195
당단풍나무,Acer,pseudosieboldianum,36.03762992,126.7167151,12-L-5196
신갈나무,Quercus,mongolica,36.03763532,126.716729,12-L-5197
당단풍나무,Acer,pseudosieboldianum,36.03765855,126.7167123,12-L-5198
당단풍나무,Acer,pseudosieboldianum,36.03766337,126.7167119,12-L-5199
고로쇠나무,Acer,pictum,36.03766964,126.7167149,12-L-5200
신갈나무,Quercus,mongolica,36.03766051,126.7167043,12-L-5201
당단풍나무,Acer,pseudosieboldianum,36.0377041,126.716707,12-L-5202
당단풍나무,Acer,pseudosieboldianum,36.03766048,126.7167515,12-L-5203
피나무,Tilia,amurensis,36.0376463,126.7167617,12-L-5204
당단풍나무,Acer,pseudosieboldianum,36.03764747,126.7167686,12-L-5205
당단풍나무,Acer,pseudosieboldianum,36.03765569,126.7167649,12-L-5206
당단풍나무,Acer,pseudosieboldianum,36.03765783,126.716764,12-L-5207
당단풍나무,Acer,pseudosieboldianum,36.03765167,126.7167822,12-L-5208
굴참나무,Quercus,variabilis,36.0376942,126.7167574,12-L-5209
층층나무,Cornus,controversa,36.03767692,126.7167558,12-L-5210
신갈나무,Quercus,mongolica,36.03770374,126.7167449,12-L-5211
당단풍나무,Acer,pseudosieboldianum,36.03769531,126.7167379,12-L-5212
붉나무,Rhus,javanica,36.03770391,126.7167307,12-L-5213
신갈나무,Quercus,mongolica,36.03771984,126.7167065,12-L-5214
갈참나무,Quercus,aliena,36.03773298,126.7166956,12-L-5215
피나무,Tilia,amurensis,36.03772565,126.716732,12-L-5216
복자기,Acer,triflorum,36.03772582,126.7167365,12-L-5217
당단풍나무,Acer,pseudosieboldianum,36.03772019,126.7167666,12-L-5218
당단풍나무,Acer,pseudosieboldianum,36.0377297,126.7167692,12-L-5219
당단풍나무,Acer,pseudosieboldianum,36.03771912,126.7168008,12-L-5220
굴참나무,Quercus,variabilis,36.03773804,126.7167935,12-L-5221
당단풍나무,Acer,pseudosieboldianum,36.03774702,126.716761,12-L-5222
신갈나무,Quercus,mongolica,36.03773625,126.7167565,12-L-5223
당단풍나무,Acer,pseudosieboldianum,36.03774343,126.7167446,12-L-5224
복자기,Acer,triflorum,36.03776926,126.7167192,12-L-5225
까치박달,Carpinus,cordata,36.03776398,126.7167519,12-L-5226
신갈나무,Quercus,mongolica,36.03777432,126.7167602,12-L-5227
당단풍나무,Acer,pseudosieboldianum,36.03777781,126.7167825,12-L-5228
가막살나무,Viburnum,dilatatum,36.03776634,126.7167911,12-L-5229
가막살나무,Viburnum,dilatatum,36.03777214,126.7168106,12-L-5230
가막살나무,Viburnum,dilatatum,36.03776216,126.7168207,12-L-5231
가막살나무,Viburnum,dilatatum,36.03775288,126.7167999,12-L-5232
까치박달,Carpinus,cordata,36.03781352,126.7168068,12-L-5234
신갈나무,Quercus,mongolica,36.03782989,126.716804,12-L-5235
피나무,Tilia,amurensis,36.03784116,126.7167605,12-L-5236
신갈나무,Quercus,mongolica,36.03784956,126.7167406,12-L-5237
고로쇠나무,Acer,pictum,36.03785219,126.7167544,12-L-5238
당단풍나무,Acer,pseudosieboldianum,36.03788252,126.7167756,12-L-5239
당단풍나무,Acer,pseudosieboldianum,36.03786266,126.7167913,12-L-5240
고로쇠나무,Acer,pictum,36.03784453,126.7168249,12-L-5241
신갈나무,Quercus,mongolica,36.03786862,126.7168271,12-L-5242
쇠물푸레,Fraxinus,sieboldiana,36.03787141,126.7168204,12-L-5243
신갈나무,Quercus,mongolica,36.03788304,126.7168338,12-L-5244
가막살나무,Viburnum,dilatatum,36.03788531,126.7168007,12-L-5245
당단풍나무,Acer,pseudosieboldianum,36.037901,126.7167821,12-L-5246
당단풍나무,Acer,pseudosieboldianum,36.03791546,126.7168024,12-L-5247
신갈나무,Quercus,mongolica,36.0379207,126.7168146,12-L-5248
붉나무,Rhus,javanica,36.03792396,126.7168097,12-L-5249
가막살나무,Viburnum,dilatatum,36.03792723,126.716817,12-L-5250
가막살나무,Viburnum,dilatatum,36.03793795,126.7168279,12-L-5251
가막살나무,Viburnum,dilatatum,36.03791894,126.7168537,12-L-5252
신갈나무,Quercus,mongolica,36.0378972,126.7168686,12-L-5253
당단풍나무,Acer,pseudosieboldianum,36.03788264,126.7168622,12-L-5254
피나무,Tilia,amurensis,36.03787036,126.7168699,12-L-5255
물푸레나무,Fraxinus,rhynchophylla,36.03786355,126.7168752,12-L-5256
당단풍나무,Acer,pseudosieboldianum,36.03784821,126.7168642,12-L-5257
산벚나무,Prunus,sargentii,36.03792575,126.716883,12-L-5258
신갈나무,Quercus,mongolica,36.03794072,126.7168997,12-L-5259
신갈나무,Quercus,mongolica,36.03795424,126.7168907,12-L-5260
고로쇠나무,Acer,pictum,36.03797727,126.7168768,12-L-5261
당단풍나무,Acer,pseudosieboldianum,36.03795934,126.7168393,12-L-5262
피나무,Tilia,amurensis,36.03797389,126.7168431,12-L-5263
당단풍나무,Acer,pseudosieboldianum,36.03794849,126.7169212,12-L-5265
신갈나무,Quercus,mongolica,36.03794467,126.7169377,12-L-5266
당단풍나무,Acer,pseudosieboldianum,36.03795591,126.7169269,12-L-5267
당단풍나무,Acer,pseudosieboldianum,36.03796394,126.7169377,12-L-5268
당단풍나무,Acer,pseudosieboldianum,36.03797632,126.7169284,12-L-5269
신갈나무,Quercus,mongolica,36.0379972,126.7169275,12-L-5270
당단풍나무,Acer,pseudosieboldianum,36.03800198,126.7168893,12-L-5271
소사나무,Carpinus,turczaninowii,36.03801692,126.7168877,12-L-5272
피나무,Tilia,amurensis,36.03801852,126.7168768,12-L-5273
신갈나무,Quercus,mongolica,36.03803067,126.7168936,12-L-5274
까치박달,Carpinus,cordata,36.03802462,126.7169088,12-L-5275
굴참나무,Quercus,variabilis,36.03803228,126.7169141,12-L-5276
까치박달,Carpinus,cordata,36.03802672,126.7169618,12-L-5277
신갈나무,Quercus,mongolica,36.03806304,126.7169705,12-L-5278
까치박달,Carpinus,cordata,36.03805122,126.7168916,12-L-5279
복자기,Acer,triflorum,36.03806857,126.7169367,12-L-5280
때죽나무,Styrax,japonicus,36.0381007,126.7169562,12-L-5281
덜꿩나무,Viburnum,erosum,36.03810836,126.716922,12-L-5282
신갈나무,Quercus,mongolica,36.03810871,126.7169017,12-L-5283
신갈나무,Quercus,mongolica,36.03813634,126.7169448,12-L-5284
당단풍나무,Acer,pseudosieboldianum,36.03811901,126.7170068,12-L-5285
신나무,Acer,tataricum,36.03804063,126.717065,12-L-5286
측백나무,Platycladus,orientalis,36.03801895,126.7170036,12-L-5287
측백나무,Platycladus,orientalis,36.03797382,126.7170189,12-L-5288
측백나무,Platycladus,orientalis,36.03798737,126.7170442,12-L-5289
측백나무,Platycladus,orientalis,36.03798298,126.7170462,12-L-5290
측백나무,Platycladus,orientalis,36.03799372,126.717108,12-L-5291
굴참나무,Quercus,variabilis,36.03797745,126.7171104,12-L-5292
측백나무,Platycladus,orientalis,36.0379728,126.7171229,12-L-5293
측백나무,Platycladus,orientalis,36.03797786,126.7171428,12-L-5294
측백나무,Platycladus,orientalis,36.03795862,126.7171433,12-L-5295
측백나무,Platycladus,orientalis,36.0379596,126.7171297,12-L-5296
측백나무,Platycladus,orientalis,36.03795838,126.7171161,12-L-5297
측백나무,Platycladus,orientalis,36.03794742,126.7171151,12-L-5298
측백나무,Platycladus,orientalis,36.03795179,126.717083,12-L-5299
측백나무,Platycladus,orientalis,36.03794142,126.7170632,12-L-5300
까치박달,Carpinus,cordata,36.03793786,126.7170422,12-L-5301
측백나무,Platycladus,orientalis,36.03793345,126.717039,12-L-5302
측백나무,Platycladus,orientalis,36.037924,126.7169994,12-L-5303
측백나무,Platycladus,orientalis,36.03790598,126.716988,12-L-5304
측백나무,Platycladus,orientalis,36.03788801,126.7170189,12-L-5305
측백나무,Platycladus,orientalis,36.03790905,126.7170735,12-L-5306
측백나무,Platycladus,orientalis,36.03794115,126.7171052,12-L-5307
측백나무,Platycladus,orientalis,36.03794705,126.7171536,12-L-5308
측백나무,Platycladus,orientalis,36.03792949,126.7171377,12-L-5309
측백나무,Platycladus,orientalis,36.03791318,126.7171392,12-L-5310
측백나무,Platycladus,orientalis,36.03790032,126.7171268,12-L-5311
측백나무,Platycladus,orientalis,36.03790458,126.7171123,12-L-5312
측백나무,Platycladus,orientalis,36.03789414,126.7171152,12-L-5313
측백나무,Platycladus,orientalis,36.03787417,126.7171103,12-L-5314
복자기,Acer,triflorum,36.03786643,126.717076,12-L-5315
복자기,Acer,triflorum,36.03783196,126.7170511,12-L-5316
복자기,Acer,triflorum,36.03783505,126.7170672,12-L-5317
당단풍나무,Acer,pseudosieboldianum,36.03783689,126.7170783,12-L-5318
졸참나무,Quercus,serrata,36.03291202,126.7174842,12-L-5319
까치박달,Carpinus,cordata,36.0378585,126.717114,12-L-5320
신갈나무,Quercus,mongolica,36.03784305,126.7171462,12-L-5321
당단풍나무,Acer,pseudosieboldianum,36.03781874,126.7171374,12-L-5322
신나무,Acer,tataricum,36.03782089,126.7171172,12-L-5323
고로쇠나무,Acer,pictum,36.03782924,126.7171126,12-L-5324
신갈나무,Quercus,mongolica,36.03784185,126.7171051,12-L-5325
신갈나무,Quercus,mongolica,36.03782287,126.7171037,12-L-5326
산벚나무,Prunus,sargentii,36.0378095,126.7170985,12-L-5327
신갈나무,Quercus,mongolica,36.03781184,126.7170789,12-L-5328
복자기,Acer,triflorum,36.03779782,126.7170822,12-L-5329
고로쇠나무,Acer,pictum,36.03780464,126.7170575,12-L-5330
당단풍나무,Acer,pseudosieboldianum,36.03779298,126.7170601,12-L-5331
복자기,Acer,triflorum,36.03777398,126.7170392,12-L-5332
피나무,Tilia,amurensis,36.03777037,126.7170386,12-L-5333
산초나무,Zanthoxylum,schinifolium,36.03776406,126.7170339,12-L-5334
신갈나무,Quercus,mongolica,36.03775993,126.7170518,12-L-5335
참느릅나무,Ulmus,parvifolia,36.03777813,126.7170666,12-L-5336
까치박달,Carpinus,cordata,36.03777393,126.7170848,12-L-5337
피나무,Tilia,amurensis,36.03774918,126.7170675,12-L-5338
복자기,Acer,triflorum,36.03775741,126.7170864,12-L-5339
복자기,Acer,triflorum,36.03776411,126.7170953,12-L-5340
신갈나무,Quercus,mongolica,36.03777688,126.7171081,12-L-5341
신갈나무,Quercus,mongolica,36.03776738,126.7171168,12-L-5342
당단풍나무,Acer,pseudosieboldianum,36.03771062,126.7170803,12-L-5343
당단풍나무,Acer,pseudosieboldianum,36.03770241,126.7170652,12-L-5344
당단풍나무,Acer,pseudosieboldianum,36.03770993,126.7170521,12-L-5345
신갈나무,Quercus,mongolica,36.03771045,126.7170383,12-L-5346
신갈나무,Quercus,mongolica,36.03770056,126.716985,12-L-5347
고로쇠나무,Acer,pictum,36.03767702,126.7169826,12-L-5348
당단풍나무,Acer,pseudosieboldianum,36.03769341,126.7170093,12-L-5349
당단풍나무,Acer,pseudosieboldianum,36.03770669,126.717016,12-L-5350
당단풍나무,Acer,pseudosieboldianum,36.03767514,126.7170537,12-L-5351
당단풍나무,Acer,pseudosieboldianum,36.03766988,126.7170466,12-L-5352
당단풍나무,Acer,pseudosieboldianum,36.03767941,126.7170686,12-L-5353
신갈나무,Quercus,mongolica,36.03766393,126.7170627,12-L-5354
당단풍나무,Acer,pseudosieboldianum,36.03764831,126.7170638,12-L-5355
당단풍나무,Acer,pseudosieboldianum,36.03764518,126.7170551,12-L-5356
고로쇠나무,Acer,pictum,36.03762884,126.7170596,12-L-5357
피나무,Tilia,amurensis,36.03764689,126.7170177,12-L-5358
신갈나무,Quercus,mongolica,36.03766436,126.7170058,12-L-5359
노간주나무,Juniperus,rigida,36.03766181,126.7169908,12-L-5360
노간주나무,Juniperus,rigida,36.03764147,126.717008,12-L-5361
노간주나무,Juniperus,rigida,36.03763117,126.7169631,12-L-5362
피나무,Tilia,amurensis,36.03761403,126.7169652,12-L-5363
신갈나무,Quercus,mongolica,36.0376101,126.7170007,12-L-5364
당단풍나무,Acer,pseudosieboldianum,36.03758979,126.716968,12-L-5365
신갈나무,Quercus,mongolica,36.03757044,126.7169521,12-L-5366
피나무,Tilia,amurensis,36.03758551,126.7169857,12-L-5367
복자기,Acer,triflorum,36.03758749,126.7170047,12-L-5368
복자기,Acer,triflorum,36.03756292,126.716999,12-L-5369
신갈나무,Quercus,mongolica,36.03755378,126.7170173,12-L-5370
피나무,Tilia,amurensis,36.0375718,126.7170357,12-L-5371
당단풍나무,Acer,pseudosieboldianum,36.0376059,126.7170616,12-L-5372
생강나무,Lindera,obtusiloba,36.03757786,126.7170519,12-L-5373
복자기,Acer,triflorum,36.03756079,126.7170407,12-L-5374
당단풍나무,Acer,pseudosieboldianum,36.03755237,126.7170538,12-L-5375
당단풍나무,Acer,pseudosieboldianum,36.03753855,126.7170292,12-L-5376
당단풍나무,Acer,pseudosieboldianum,36.0375257,126.7170611,12-L-5377
신갈나무,Quercus,mongolica,36.03750607,126.7170624,12-L-5378
까치박달,Carpinus,cordata,36.0374999,126.7170473,12-L-5379
신갈나무,Quercus,mongolica,36.03751203,126.7170422,12-L-5380
까치박달,Carpinus,cordata,36.03749839,126.7170254,12-L-5381
피나무,Tilia,amurensis,36.03749215,126.7170155,12-L-5382
신갈나무,Quercus,mongolica,36.03750072,126.7170169,12-L-5383
까치박달,Carpinus,cordata,36.03751472,126.7170204,12-L-5384
신갈나무,Quercus,mongolica,36.03752638,126.7170151,12-L-5385
까치박달,Carpinus,cordata,36.03753511,126.7169855,12-L-5386
까치박달,Carpinus,cordata,36.0375356,126.7169555,12-L-5387
피나무,Tilia,amurensis,36.03751612,126.7169701,12-L-5388
당단풍나무,Acer,pseudosieboldianum,36.03752039,126.7169974,12-L-5389
신갈나무,Quercus,mongolica,36.03746241,126.7169954,12-L-5390
당단풍나무,Acer,pseudosieboldianum,36.03745462,126.7169931,12-L-5391
신갈나무,Quercus,mongolica,36.03743855,126.716988,12-L-5392
복자기,Acer,triflorum,36.03742388,126.7169915,12-L-5393
복자기,Acer,triflorum,36.03741541,126.7170067,12-L-5394
신갈나무,Quercus,mongolica,36.03743437,126.7170117,12-L-5395
까치박달,Carpinus,cordata,36.03745265,126.7170166,12-L-5396
피나무,Tilia,amurensis,36.03743928,126.7170295,12-L-5397
당단풍나무,Acer,pseudosieboldianum,36.03745359,126.7170352,12-L-5398
까치박달,Carpinus,cordata,36.03744992,126.7170522,12-L-5399
피나무,Tilia,amurensis,36.03743494,126.717037,12-L-5400
신갈나무,Quercus,mongolica,36.03742422,126.7170389,12-L-5401
신갈나무,Quercus,mongolica,36.03744827,126.7170787,12-L-5402
철쭉,Rhododendron,schlippenbachii,36.0374086,126.7170819,12-L-5403
신갈나무,Quercus,mongolica,36.03739652,126.7170676,12-L-5404
신갈나무,Quercus,mongolica,36.03739086,126.7170594,12-L-5405
당단풍나무,Acer,pseudosieboldianum,36.03738755,126.717044,12-L-5406
당단풍나무,Acer,pseudosieboldianum,36.03739931,126.7170398,12-L-5407
당단풍나무,Acer,pseudosieboldianum,36.03740962,126.7170393,12-L-5408
피나무,Tilia,amurensis,36.03740582,126.7170255,12-L-5409
물오리나무,Alnus,hirsuta,36.03739907,126.7170133,12-L-5410
신갈나무,Quercus,mongolica,36.03737278,126.7170184,12-L-5411
당단풍나무,Acer,pseudosieboldianum,36.03737291,126.7170524,12-L-5412
고로쇠나무,Acer,pictum,36.03737817,126.7170452,12-L-5413
당단풍나무,Acer,pseudosieboldianum,36.03736964,126.7170686,12-L-5414
신갈나무,Quercus,mongolica,36.03735868,126.7171006,12-L-5415
때죽나무,Styrax,japonicus,36.03733584,126.7171035,12-L-5416
까치박달,Carpinus,cordata,36.03734235,126.7170778,12-L-5417
신갈나무,Quercus,mongolica,36.03733894,126.7170409,12-L-5418
까치박달,Carpinus,cordata,36.03730631,126.7170331,12-L-5419
층층나무,Cornus,controversa,36.03730053,126.7170491,12-L-5420
층층나무,Cornus,controversa,36.03729496,126.7170779,12-L-5421
당단풍나무,Acer,pseudosieboldianum,36.03731538,126.7171037,12-L-5422
신갈나무,Quercus,mongolica,36.03727121,126.7170484,12-L-5423
당단풍나무,Acer,pseudosieboldianum,36.03723186,126.717051,12-L-5424
신갈나무,Quercus,mongolica,36.03724177,126.7170775,12-L-5425
신갈나무,Quercus,mongolica,36.03721185,126.717069,12-L-5426
복자기,Acer,triflorum,36.03720964,126.7170811,12-L-5427
중국단풍,Acer,buergerianum,36.03722298,126.7171095,12-L-5428
피나무,Tilia,amurensis,36.03719588,126.7171197,12-L-5429
신갈나무,Quercus,mongolica,36.03720142,126.7171092,12-L-5430
복자기,Acer,triflorum,36.03719259,126.7170998,12-L-5431
쪽동백나무,Styrax,obassia,36.03719144,126.7170839,12-L-5432
중국단풍,Acer,buergerianum,36.03717644,126.7170755,12-L-5433
중국단풍,Acer,buergerianum,36.03718697,126.7170747,12-L-5434
까치박달,Carpinus,cordata,36.03720871,126.7170575,12-L-5435
당단풍나무,Acer,pseudosieboldianum,36.03720616,126.7170399,12-L-5436
신갈나무,Quercus,mongolica,36.03716828,126.7170302,12-L-5437
신갈나무,Quercus,mongolica,36.03721652,126.7170147,12-L-5438
졸참나무,Quercus,serrata,36.03291731,126.7174679,12-L-5439
까치박달,Carpinus,cordata,36.03723129,126.7170056,12-L-5440
신갈나무,Quercus,mongolica,36.03724414,126.7170024,12-L-5441
피나무,Tilia,amurensis,36.03725719,126.7170129,12-L-5442
잣나무,Pinus,koraiensis,36.03725253,126.7170312,12-L-5531
잣나무,Pinus,koraiensis,36.03724165,126.7169731,12-L-5532
고추나무,Staphylea,bumalda,36.03726628,126.7169918,12-L-5533
피나무,Tilia,amurensis,36.03727867,126.7170197,12-L-5534
잣나무,Pinus,koraiensis,36.03731494,126.7170169,12-L-5535
참빗살나무,Euonymus,hamiltonianus,36.03731387,126.7170033,12-L-5536
참빗살나무,Euonymus,hamiltonianus,36.03731416,126.71699,12-L-5537
참빗살나무,Euonymus,hamiltonianus,36.03732355,126.7169935,12-L-5538
참빗살나무,Euonymus,hamiltonianus,36.03732348,126.7169918,12-L-5539
참빗살나무,Euonymus,hamiltonianus,36.03732251,126.7169947,12-L-5540
참빗살나무,Euonymus,hamiltonianus,36.03732216,126.7169905,12-L-5541
참빗살나무,Euonymus,hamiltonianus,36.03732475,126.7169948,12-L-5542
참빗살나무,Euonymus,hamiltonianus,36.0373259,126.7169894,12-L-5543
참빗살나무,Euonymus,hamiltonianus,36.0373245,126.7169936,12-L-5544
참빗살나무,Euonymus,hamiltonianus,36.03732743,126.7169939,12-L-5545
참빗살나무,Euonymus,hamiltonianus,36.03732727,126.7169848,12-L-5546
참빗살나무,Euonymus,hamiltonianus,36.03733262,126.7169831,12-L-5547
참빗살나무,Euonymus,hamiltonianus,36.03733012,126.7169866,12-L-5548
참빗살나무,Euonymus,hamiltonianus,36.03732953,126.7169888,12-L-5549
참빗살나무,Euonymus,hamiltonianus,36.03732938,126.7169909,12-L-5550
참빗살나무,Euonymus,hamiltonianus,36.03732479,126.716995,12-L-5551
참빗살나무,Euonymus,hamiltonianus,36.03733017,126.7169823,12-L-5552
참빗살나무,Euonymus,hamiltonianus,36.03733312,126.7169836,12-L-5553
참빗살나무,Euonymus,hamiltonianus,36.03733479,126.7169842,12-L-5554
참빗살나무,Euonymus,hamiltonianus,36.03733643,126.7169883,12-L-5555
참빗살나무,Euonymus,hamiltonianus,36.03733427,126.7169916,12-L-5556
참빗살나무,Euonymus,hamiltonianus,36.03733233,126.7169773,12-L-5557
참빗살나무,Euonymus,hamiltonianus,36.03733489,126.7169808,12-L-5558
잣나무,Pinus,koraiensis,36.03732785,126.7169711,12-L-5559
마가목,Sorbus,commixta,36.03732092,126.716958,12-L-5560
마가목,Sorbus,commixta,36.03731837,126.7169658,12-L-5561
마가목,Sorbus,commixta,36.03732671,126.716968,12-L-5562
마가목,Sorbus,commixta,36.03729398,126.7169719,12-L-5563
신갈나무,Quercus,mongolica,36.03727007,126.7169708,12-L-5565
졸참나무,Quercus,serrata,36.03291046,126.717509,12-L-5566
가막살나무,Viburnum,dilatatum,36.03728559,126.7169306,12-L-5567
가막살나무,Viburnum,dilatatum,36.03728216,126.7169274,12-L-5568
가막살나무,Viburnum,dilatatum,36.0372835,126.7169227,12-L-5569
가막살나무,Viburnum,dilatatum,36.03728614,126.7169192,12-L-5570
가막살나무,Viburnum,dilatatum,36.03729252,126.716914,12-L-5571
가막살나무,Viburnum,dilatatum,36.03729308,126.7169075,12-L-5572
당단풍나무,Acer,pseudosieboldianum,36.03730236,126.716933,12-L-5573
당단풍나무,Acer,pseudosieboldianum,36.03731849,126.7169351,12-L-5574
마가목,Sorbus,commixta,36.03731962,126.7168886,12-L-5575
졸참나무,Quercus,serrata,36.03290068,126.7174985,12-L-5576
잣나무,Pinus,koraiensis,36.03730546,126.7168608,12-L-5577
산딸나무,Cornus,kousa,36.03731641,126.7168647,12-L-5578
마가목,Sorbus,commixta,36.03731388,126.7168462,12-L-5579
가막살나무,Viburnum,dilatatum,36.03731813,126.7168421,12-L-5580
가막살나무,Viburnum,dilatatum,36.03732384,126.7168356,12-L-5581
가막살나무,Viburnum,dilatatum,36.03732637,126.716833,12-L-5582
가막살나무,Viburnum,dilatatum,36.03732335,126.7168334,12-L-5583
마가목,Sorbus,commixta,36.03732843,126.7168281,12-L-5584
구상나무,Abies,koreana,36.03731349,126.7168632,12-L-5585
잣나무,Pinus,koraiensis,36.03732403,126.7168694,12-L-5586
굴참나무,Quercus,variabilis,36.03732979,126.7168871,12-L-5587
잣나무,Pinus,koraiensis,36.03734957,126.7168876,12-L-5588
가막살나무,Viburnum,dilatatum,36.03733714,126.7169102,12-L-5589
가막살나무,Viburnum,dilatatum,36.03733619,126.7169074,12-L-5590
가막살나무,Viburnum,dilatatum,36.03733945,126.7169021,12-L-5591
가막살나무,Viburnum,dilatatum,36.03733529,126.7169023,12-L-5592
잣나무,Pinus,koraiensis,36.03736093,126.7169264,12-L-5593
구상나무,Abies,koreana,36.03736243,126.716935,12-L-5594
잣나무,Pinus,koraiensis,36.03736311,126.7169538,12-L-5595
당단풍나무,Acer,pseudosieboldianum,36.03736743,126.7169837,12-L-5596
당단풍나무,Acer,pseudosieboldianum,36.03737723,126.7169866,12-L-5597
당단풍나무,Acer,pseudosieboldianum,36.03738297,126.7169755,12-L-5598
당단풍나무,Acer,pseudosieboldianum,36.03738244,126.7169636,12-L-5599
당단풍나무,Acer,pseudosieboldianum,36.03738492,126.7169504,12-L-5600
마가목,Sorbus,commixta,36.03738104,126.7169348,12-L-5601
마가목,Sorbus,commixta,36.03739377,126.7169215,12-L-5602
마가목,Sorbus,commixta,36.03738158,126.7169185,12-L-5603
마가목,Sorbus,commixta,36.0373882,126.7169149,12-L-5604
마가목,Sorbus,commixta,36.03739933,126.7169037,12-L-5605
잣나무,Pinus,koraiensis,36.03739263,126.7168993,12-L-5606
참빗살나무,Euonymus,hamiltonianus,36.03739063,126.7168922,12-L-5607
참빗살나무,Euonymus,hamiltonianus,36.03738458,126.7168924,12-L-5608
참빗살나무,Euonymus,hamiltonianus,36.03738539,126.7168914,12-L-5609
참빗살나무,Euonymus,hamiltonianus,36.03738555,126.7168845,12-L-5610
참빗살나무,Euonymus,hamiltonianus,36.03738299,126.7168941,12-L-5611
참빗살나무,Euonymus,hamiltonianus,36.03738434,126.7168941,12-L-5612
참빗살나무,Euonymus,hamiltonianus,36.03738662,126.7168919,12-L-5613
참빗살나무,Euonymus,hamiltonianus,36.0373842,126.7168881,12-L-5614
참빗살나무,Euonymus,hamiltonianus,36.03737897,126.7168998,12-L-5615
참빗살나무,Euonymus,hamiltonianus,36.03737874,126.716896,12-L-5616
참빗살나무,Euonymus,hamiltonianus,36.0373808,126.7168909,12-L-5617
참빗살나무,Euonymus,hamiltonianus,36.03737845,126.7168912,12-L-5618
참빗살나무,Euonymus,hamiltonianus,36.03737773,126.7169002,12-L-5619
참빗살나무,Euonymus,hamiltonianus,36.03738094,126.7168998,12-L-5620
중국단풍,Acer,buergerianum,36.03737619,126.7168919,12-L-5621
중국단풍,Acer,buergerianum,36.03737651,126.7169011,12-L-5622
마가목,Sorbus,commixta,36.03736509,126.7168307,12-L-5623
가막살나무,Viburnum,dilatatum,36.03735768,126.7168153,12-L-5624
가막살나무,Viburnum,dilatatum,36.03735567,126.7168133,12-L-5625
가막살나무,Viburnum,dilatatum,36.03735926,126.7168089,12-L-5626
가막살나무,Viburnum,dilatatum,36.03735546,126.716807,12-L-5627
가막살나무,Viburnum,dilatatum,36.03735109,126.7168102,12-L-5628
잣나무,Pinus,koraiensis,36.03737428,126.7168288,12-L-5629
잣나무,Pinus,koraiensis,36.03742401,126.7167962,12-L-5631
잣나무,Pinus,koraiensis,36.03741891,126.7168244,12-L-5632
신나무,Acer,tataricum,36.0374253,126.7168223,12-L-5633
마가목,Sorbus,commixta,36.03742567,126.7168324,12-L-5634
마가목,Sorbus,commixta,36.03741611,126.7168353,12-L-5635
마가목,Sorbus,commixta,36.03741173,126.7168442,12-L-5636
잣나무,Pinus,koraiensis,36.03742684,126.7168505,12-L-5637
당단풍나무,Acer,pseudosieboldianum,36.03739388,126.7168698,12-L-5638
잣나무,Pinus,koraiensis,36.03741424,126.7168969,12-L-5639
졸참나무,Quercus,serrata,36.03292048,126.7175105,12-L-5640
당단풍나무,Acer,pseudosieboldianum,36.03741877,126.7169041,12-L-5641
잣나무,Pinus,koraiensis,36.03740806,126.7169324,12-L-5642
잣나무,Pinus,koraiensis,36.03742468,126.7169576,12-L-5643
산딸나무,Cornus,kousa,36.0374246,126.7169642,12-L-5644
잣나무,Pinus,koraiensis,36.03743894,126.7169579,12-L-5645
당단풍나무,Acer,pseudosieboldianum,36.03744252,126.7169456,12-L-5646
당단풍나무,Acer,pseudosieboldianum,36.0374467,126.7169399,12-L-5647
당단풍나무,Acer,pseudosieboldianum,36.0374461,126.7169451,12-L-5648
당단풍나무,Acer,pseudosieboldianum,36.03744018,126.7169371,12-L-5649
당단풍나무,Acer,pseudosieboldianum,36.03743539,126.7169328,12-L-5650
당단풍나무,Acer,pseudosieboldianum,36.03742971,126.7169358,12-L-5651
잣나무,Pinus,koraiensis,36.03744502,126.716926,12-L-5652
잣나무,Pinus,koraiensis,36.0374685,126.7169068,12-L-5653
잣나무,Pinus,koraiensis,36.03744422,126.7169047,12-L-5654
참빗살나무,Euonymus,hamiltonianus,36.03745927,126.7168505,12-L-5655
참빗살나무,Euonymus,hamiltonianus,36.03745737,126.7168489,12-L-5656
참빗살나무,Euonymus,hamiltonianus,36.03745448,126.7168444,12-L-5657
참빗살나무,Euonymus,hamiltonianus,36.03745332,126.7168458,12-L-5658
참빗살나무,Euonymus,hamiltonianus,36.03745353,126.7168419,12-L-5659
참빗살나무,Euonymus,hamiltonianus,36.03745517,126.71684,12-L-5660
참빗살나무,Euonymus,hamiltonianus,36.03746021,126.7168412,12-L-5661
참빗살나무,Euonymus,hamiltonianus,36.03745889,126.7168373,12-L-5662
잣나무,Pinus,koraiensis,36.0374598,126.7167905,12-L-5663
당단풍나무,Acer,pseudosieboldianum,36.03743727,126.7167909,12-L-5664
당단풍나무,Acer,pseudosieboldianum,36.03743545,126.7167921,12-L-5665
당단풍나무,Acer,pseudosieboldianum,36.03744614,126.716763,12-L-5666
마가목,Sorbus,commixta,36.03745311,126.7167699,12-L-5667
잣나무,Pinus,koraiensis,36.03746986,126.7167551,12-L-5668
당단풍나무,Acer,pseudosieboldianum,36.0374685,126.7167877,12-L-5669
당단풍나무,Acer,pseudosieboldianum,36.03747359,126.7167947,12-L-5670
마가목,Sorbus,commixta,36.03747671,126.7168178,12-L-5671
마가목,Sorbus,commixta,36.03747485,126.7168226,12-L-5672
마가목,Sorbus,commixta,36.03746637,126.7168263,12-L-5673
잣나무,Pinus,koraiensis,36.0374925,126.7168325,12-L-5674
참빗살나무,Euonymus,hamiltonianus,36.03748412,126.7168543,12-L-5675
참빗살나무,Euonymus,hamiltonianus,36.03748298,126.716852,12-L-5676
참빗살나무,Euonymus,hamiltonianus,36.03748138,126.7168517,12-L-5677
참빗살나무,Euonymus,hamiltonianus,36.03747586,126.7168522,12-L-5678
참빗살나무,Euonymus,hamiltonianus,36.03747998,126.7168573,12-L-5679
참빗살나무,Euonymus,hamiltonianus,36.03747339,126.7168573,12-L-5680
참빗살나무,Euonymus,hamiltonianus,36.03746705,126.716855,12-L-5681
참빗살나무,Euonymus,hamiltonianus,36.03746744,126.716858,12-L-5682
참빗살나무,Euonymus,hamiltonianus,36.03746601,126.7168621,12-L-5683
참빗살나무,Euonymus,hamiltonianus,36.03746933,126.716863,12-L-5684
참빗살나무,Euonymus,hamiltonianus,36.0374727,126.7168635,12-L-5685
참빗살나무,Euonymus,hamiltonianus,36.03747235,126.7168678,12-L-5686
참빗살나무,Euonymus,hamiltonianus,36.03747287,126.7168722,12-L-5687
참빗살나무,Euonymus,hamiltonianus,36.03747973,126.716868,12-L-5688
참빗살나무,Euonymus,hamiltonianus,36.037481,126.7168746,12-L-5689
참빗살나무,Euonymus,hamiltonianus,36.0374849,126.7168706,12-L-5690
참빗살나무,Euonymus,hamiltonianus,36.0374862,126.7168678,12-L-5691
참빗살나무,Euonymus,hamiltonianus,36.03748588,126.7168625,12-L-5692
참빗살나무,Euonymus,hamiltonianus,36.0374868,126.7168617,12-L-5693
참빗살나무,Euonymus,hamiltonianus,36.037487,126.7168663,12-L-5694
잣나무,Pinus,koraiensis,36.03748846,126.7168824,12-L-5695
당단풍나무,Acer,pseudosieboldianum,36.03748301,126.7169147,12-L-5696
참빗살나무,Euonymus,hamiltonianus,36.03749031,126.7168638,12-L-5697
참빗살나무,Euonymus,hamiltonianus,36.03748661,126.7168602,12-L-5698
당단풍나무,Acer,pseudosieboldianum,36.03748455,126.7169115,12-L-5699
당단풍나무,Acer,pseudosieboldianum,36.03748654,126.7169116,12-L-5700
당단풍나무,Acer,pseudosieboldianum,36.03748573,126.7169076,12-L-5701
잣나무,Pinus,koraiensis,36.03748431,126.7169302,12-L-5702
신갈나무,Quercus,mongolica,36.03748397,126.716949,12-L-5703
잣나무,Pinus,koraiensis,36.03751695,126.7169031,12-L-5704
잣나무,Pinus,koraiensis,36.03754573,126.7168948,12-L-5705
당단풍나무,Acer,pseudosieboldianum,36.03755011,126.7168884,12-L-5706
당단풍나무,Acer,pseudosieboldianum,36.03755206,126.7168762,12-L-5707
당단풍나무,Acer,pseudosieboldianum,36.03755783,126.7168646,12-L-5708
잣나무,Pinus,koraiensis,36.03756888,126.7168428,12-L-5709
잣나무,Pinus,koraiensis,36.03754987,126.7168586,12-L-5710
구상나무,Abies,koreana,36.03751807,126.7168728,12-L-5711
마가목,Sorbus,commixta,36.03751266,126.7168625,12-L-5712
잣나무,Pinus,koraiensis,36.03750082,126.7168484,12-L-5713
당단풍나무,Acer,pseudosieboldianum,36.03751864,126.7168247,12-L-5714
당단풍나무,Acer,pseudosieboldianum,36.03752619,126.7168315,12-L-5715
당단풍나무,Acer,pseudosieboldianum,36.03753065,126.7168354,12-L-5716
잣나무,Pinus,koraiensis,36.03754656,126.7168118,12-L-5717
신나무,Acer,tataricum,36.03753943,126.7168152,12-L-5718
잣나무,Pinus,koraiensis,36.03753587,126.7167956,12-L-5719
층층나무,Cornus,controversa,36.03752872,126.7167886,12-L-5720
당단풍나무,Acer,pseudosieboldianum,36.03752122,126.7167862,12-L-5721
당단풍나무,Acer,pseudosieboldianum,36.03752328,126.7167825,12-L-5722
당단풍나무,Acer,pseudosieboldianum,36.03752893,126.7167893,12-L-5723
당단풍나무,Acer,pseudosieboldianum,36.03751913,126.716787,12-L-5724
당단풍나무,Acer,pseudosieboldianum,36.03752274,126.7167934,12-L-5725
중국단풍,Acer,buergerianum,36.03754376,126.7167529,12-L-5726
참빗살나무,Euonymus,hamiltonianus,36.03754404,126.716766,12-L-5727
참빗살나무,Euonymus,hamiltonianus,36.03754508,126.7167696,12-L-5728
참빗살나무,Euonymus,hamiltonianus,36.03755028,126.7167739,12-L-5729
참빗살나무,Euonymus,hamiltonianus,36.03755227,126.7167795,12-L-5730
참빗살나무,Euonymus,hamiltonianus,36.03755619,126.7167789,12-L-5731
참빗살나무,Euonymus,hamiltonianus,36.03755444,126.7167729,12-L-5732
참빗살나무,Euonymus,hamiltonianus,36.03755504,126.7167743,12-L-5733
참빗살나무,Euonymus,hamiltonianus,36.03755789,126.7167696,12-L-5734
참빗살나무,Euonymus,hamiltonianus,36.03755247,126.7167703,12-L-5735
참빗살나무,Euonymus,hamiltonianus,36.0375551,126.7167645,12-L-5736
참빗살나무,Euonymus,hamiltonianus,36.03755441,126.7167626,12-L-5737
참빗살나무,Euonymus,hamiltonianus,36.03754894,126.7167682,12-L-5738
참빗살나무,Euonymus,hamiltonianus,36.03755397,126.7167628,12-L-5739
참빗살나무,Euonymus,hamiltonianus,36.03755244,126.7167625,12-L-5740
참빗살나무,Euonymus,hamiltonianus,36.03755043,126.7167579,12-L-5741
참빗살나무,Euonymus,hamiltonianus,36.03754917,126.7167568,12-L-5742
참빗살나무,Euonymus,hamiltonianus,36.03755242,126.716754,12-L-5743
참빗살나무,Euonymus,hamiltonianus,36.03755412,126.7167562,12-L-5744
마가목,Sorbus,commixta,36.03756079,126.7167634,12-L-5745
마가목,Sorbus,commixta,36.03755761,126.716757,12-L-5746
피나무,Tilia,amurensis,36.03760156,126.7167694,12-L-5747
마가목,Sorbus,commixta,36.03758963,126.7168296,12-L-5748
잣나무,Pinus,koraiensis,36.03760366,126.7168414,12-L-5749
구상나무,Abies,koreana,36.03759278,126.7168477,12-L-5750
구상나무,Abies,koreana,36.03758565,126.716858,12-L-5751
잣나무,Pinus,koraiensis,36.03757544,126.7168825,12-L-5752
잣나무,Pinus,koraiensis,36.0375695,126.7168908,12-L-5753
당단풍나무,Acer,pseudosieboldianum,36.03759641,126.7169051,12-L-5755
잣나무,Pinus,koraiensis,36.03757131,126.7169087,12-L-5756
마가목,Sorbus,commixta,36.03759348,126.7169326,12-L-5757
잣나무,Pinus,koraiensis,36.03768518,126.7169399,12-L-5758
마가목,Sorbus,commixta,36.03768992,126.7169336,12-L-5759
잣나무,Pinus,koraiensis,36.03766974,126.7169055,12-L-5760
구상나무,Abies,koreana,36.03766123,126.716925,12-L-5761
당단풍나무,Acer,pseudosieboldianum,36.03764907,126.7169112,12-L-5762
잣나무,Pinus,koraiensis,36.03765634,126.7169096,12-L-5763
마가목,Sorbus,commixta,36.03764245,126.7169004,12-L-5764
구상나무,Abies,koreana,36.03762833,126.7168722,12-L-5765
잣나무,Pinus,koraiensis,36.03763981,126.7168696,12-L-5766
구상나무,Abies,koreana,36.03766004,126.716883,12-L-5767
구상나무,Abies,koreana,36.03767385,126.7168752,12-L-5768
잣나무,Pinus,koraiensis,36.03767946,126.7168669,12-L-5769
잣나무,Pinus,koraiensis,36.0376619,126.716855,12-L-5770
산돌배나무,Pyrus,ussuriensis,36.03766325,126.7168327,12-L-5771
잣나무,Pinus,koraiensis,36.03764611,126.7168419,12-L-5772
잣나무,Pinus,koraiensis,36.03765296,126.7168129,12-L-5773
잣나무,Pinus,koraiensis,36.03765521,126.7168327,12-L-5774
음나무,Kalopanax,septemlobus,36.03767808,126.7168387,12-L-5775
쇠물푸레,Fraxinus,sieboldiana,36.03768929,126.7168208,12-L-5776
잣나무,Pinus,koraiensis,36.03769226,126.7168378,12-L-5777
당단풍나무,Acer,pseudosieboldianum,36.03772549,126.7168325,12-L-5778
잣나무,Pinus,koraiensis,36.03771629,126.7168481,12-L-5779
당단풍나무,Acer,pseudosieboldianum,36.03770778,126.7168562,12-L-5780
당단풍나무,Acer,pseudosieboldianum,36.0377009,126.7168675,12-L-5781
잣나무,Pinus,koraiensis,36.03771202,126.7168788,12-L-5782
잣나무,Pinus,koraiensis,36.03771161,126.7168892,12-L-5783
당단풍나무,Acer,pseudosieboldianum,36.03771542,126.7168936,12-L-5784
당단풍나무,Acer,pseudosieboldianum,36.03771327,126.7169006,12-L-5785
당단풍나무,Acer,pseudosieboldianum,36.03771408,126.7169091,12-L-5786
마가목,Sorbus,commixta,36.03773781,126.7169398,12-L-5787
잣나무,Pinus,koraiensis,36.03774076,126.7169491,12-L-5788
당단풍나무,Acer,pseudosieboldianum,36.03774001,126.7169399,12-L-5789
당단풍나무,Acer,pseudosieboldianum,36.03774146,126.716932,12-L-5790
당단풍나무,Acer,pseudosieboldianum,36.03773975,126.7169032,12-L-5791
잣나무,Pinus,koraiensis,36.03773356,126.7168808,12-L-5792
구상나무,Abies,koreana,36.03774577,126.7168512,12-L-5793
잣나무,Pinus,koraiensis,36.03775308,126.7168594,12-L-5794
당단풍나무,Acer,pseudosieboldianum,36.03777183,126.7168729,12-L-5795
마가목,Sorbus,commixta,36.03775752,126.7168795,12-L-5796
마가목,Sorbus,commixta,36.03775296,126.7168694,12-L-5797
잣나무,Pinus,koraiensis,36.03777141,126.7168947,12-L-5798
잣나무,Pinus,koraiensis,36.03777303,126.7168988,12-L-5799
참빗살나무,Euonymus,hamiltonianus,36.03776315,126.7168968,12-L-5800
참빗살나무,Euonymus,hamiltonianus,36.037762,126.7168986,12-L-5801
참빗살나무,Euonymus,hamiltonianus,36.03776052,126.7168992,12-L-5802
참빗살나무,Euonymus,hamiltonianus,36.03775686,126.7168964,12-L-5803
참빗살나무,Euonymus,hamiltonianus,36.0377563,126.7168981,12-L-5804
참빗살나무,Euonymus,hamiltonianus,36.03775762,126.7169016,12-L-5805
참빗살나무,Euonymus,hamiltonianus,36.03776185,126.7168993,12-L-5806
참빗살나무,Euonymus,hamiltonianus,36.03776654,126.7169026,12-L-5807
참빗살나무,Euonymus,hamiltonianus,36.0377663,126.7169008,12-L-5808
참빗살나무,Euonymus,hamiltonianus,36.03776607,126.7169067,12-L-5809
참빗살나무,Euonymus,hamiltonianus,36.03776815,126.7169081,12-L-5810
참빗살나무,Euonymus,hamiltonianus,36.03777006,126.7169145,12-L-5811
참빗살나무,Euonymus,hamiltonianus,36.03776348,126.7169068,12-L-5812
참빗살나무,Euonymus,hamiltonianus,36.03776532,126.7169117,12-L-5813
참빗살나무,Euonymus,hamiltonianus,36.0377717,126.7169149,12-L-5814
참빗살나무,Euonymus,hamiltonianus,36.03776672,126.7169163,12-L-5815
참빗살나무,Euonymus,hamiltonianus,36.03776259,126.7169164,12-L-5816
참빗살나무,Euonymus,hamiltonianus,36.03776283,126.7169091,12-L-5817
참빗살나무,Euonymus,hamiltonianus,36.03776456,126.7169035,12-L-5818
참빗살나무,Euonymus,hamiltonianus,36.03776113,126.7169024,12-L-5819
참빗살나무,Euonymus,hamiltonianus,36.03776033,126.7169115,12-L-5820
참빗살나무,Euonymus,hamiltonianus,36.03775795,126.7169095,12-L-5821
참빗살나무,Euonymus,hamiltonianus,36.03776039,126.7169112,12-L-5822
참빗살나무,Euonymus,hamiltonianus,36.03775809,126.7169075,12-L-5823
참빗살나무,Euonymus,hamiltonianus,36.03776047,126.716905,12-L-5824
고로쇠나무,Acer,pictum,36.03776877,126.7169554,12-L-5825
당단풍나무,Acer,pseudosieboldianum,36.03775654,126.7169617,12-L-5826
잣나무,Pinus,koraiensis,36.03776843,126.7169915,12-L-5827
잣나무,Pinus,koraiensis,36.03778051,126.7169933,12-L-5828
마가목,Sorbus,commixta,36.03778746,126.716993,12-L-5829
마가목,Sorbus,commixta,36.03778652,126.716989,12-L-5830
마가목,Sorbus,commixta,36.03778174,126.7169706,12-L-5831
잣나무,Pinus,koraiensis,36.03778944,126.7169732,12-L-5832
잣나무,Pinus,koraiensis,36.03780388,126.7169508,12-L-5833
당단풍나무,Acer,pseudosieboldianum,36.0378198,126.716946,12-L-5834
잣나무,Pinus,koraiensis,36.0378378,126.7169217,12-L-5835
잣나무,Pinus,koraiensis,36.03780672,126.7169132,12-L-5837
구상나무,Abies,koreana,36.03781935,126.716907,12-L-5838
당단풍나무,Acer,pseudosieboldianum,36.03782785,126.7169065,12-L-5839
당단풍나무,Acer,pseudosieboldianum,36.03782399,126.7168969,12-L-5840
당단풍나무,Acer,pseudosieboldianum,36.03783327,126.7168654,12-L-5841
잣나무,Pinus,koraiensis,36.03782786,126.7168727,12-L-5842
마가목,Sorbus,commixta,36.03780765,126.7168799,12-L-5843
구상나무,Abies,koreana,36.03782927,126.7168507,12-L-5844
잣나무,Pinus,koraiensis,36.03782127,126.7168215,12-L-5845
잣나무,Pinus,koraiensis,36.03784085,126.7168353,12-L-5846
당단풍나무,Acer,pseudosieboldianum,36.03785176,126.7168624,12-L-5847
잣나무,Pinus,koraiensis,36.0378502,126.716867,12-L-5848
산벚나무,Prunus,sargentii,36.03785197,126.716875,12-L-5849
산벚나무,Prunus,sargentii,36.03786604,126.716878,12-L-5850
당단풍나무,Acer,pseudosieboldianum,36.03787032,126.7168821,12-L-5851
당단풍나무,Acer,pseudosieboldianum,36.03786497,126.7168839,12-L-5852
당단풍나무,Acer,pseudosieboldianum,36.03785799,126.7168909,12-L-5853
잣나무,Pinus,koraiensis,36.03786786,126.7169338,12-L-5854
마가목,Sorbus,commixta,36.03785295,126.7169302,12-L-5855
참빗살나무,Euonymus,hamiltonianus,36.03785219,126.7169309,12-L-5856
참빗살나무,Euonymus,hamiltonianus,36.03785052,126.7169304,12-L-5857
참빗살나무,Euonymus,hamiltonianus,36.0378483,126.7169327,12-L-5858
참빗살나무,Euonymus,hamiltonianus,36.03785462,126.7169388,12-L-5859
참빗살나무,Euonymus,hamiltonianus,36.03786058,126.7169404,12-L-5860
참빗살나무,Euonymus,hamiltonianus,36.03785888,126.7169407,12-L-5861
참빗살나무,Euonymus,hamiltonianus,36.03785404,126.7169447,12-L-5862
참빗살나무,Euonymus,hamiltonianus,36.03785623,126.7169444,12-L-5863
참빗살나무,Euonymus,hamiltonianus,36.03785657,126.7169454,12-L-5864
참빗살나무,Euonymus,hamiltonianus,36.03785691,126.7169448,12-L-5865
참빗살나무,Euonymus,hamiltonianus,36.03785512,126.7169499,12-L-5866
참빗살나무,Euonymus,hamiltonianus,36.03785422,126.7169491,12-L-5867
참빗살나무,Euonymus,hamiltonianus,36.03784967,126.7169449,12-L-5868
참빗살나무,Euonymus,hamiltonianus,36.03785334,126.7169486,12-L-5869
참빗살나무,Euonymus,hamiltonianus,36.03785514,126.7169501,12-L-5870
참빗살나무,Euonymus,hamiltonianus,36.03785073,126.7169509,12-L-5871
참빗살나무,Euonymus,hamiltonianus,36.03785347,126.7169442,12-L-5872
참빗살나무,Euonymus,hamiltonianus,36.03785806,126.7169414,12-L-5873
참빗살나무,Euonymus,hamiltonianus,36.03784061,126.7169483,12-L-5874
구상나무,Abies,koreana,36.0378409,126.7169644,12-L-5875
잣나무,Pinus,koraiensis,36.03784891,126.7169739,12-L-5876
마가목,Sorbus,commixta,36.0378338,126.7169792,12-L-5877
당단풍나무,Acer,pseudosieboldianum,36.03786675,126.7169803,12-L-5878
잣나무,Pinus,koraiensis,36.0378698,126.7169519,12-L-5879
잣나무,Pinus,koraiensis,36.03788628,126.7169358,12-L-5880
잣나무,Pinus,koraiensis,36.03789159,126.7169229,12-L-5881
잣나무,Pinus,koraiensis,36.03790273,126.716927,12-L-5882
당단풍나무,Acer,pseudosieboldianum,36.03790838,126.7169142,12-L-5883
잣나무,Pinus,koraiensis,36.03789882,126.7169526,12-L-5884
쪽동백나무,Styrax,obassia,36.03748504,126.7164962,12-L-5885
쪽동백나무,Styrax,obassia,36.03748504,126.7164859,12-L-5886
쪽동백나무,Styrax,obassia,36.03749151,126.7164954,12-L-5887
쪽동백나무,Styrax,obassia,36.03749653,126.7164799,12-L-5888
쪽동백나무,Styrax,obassia,36.03748939,126.716436,12-L-5889
고로쇠나무,Acer,pictum,36.03750347,126.7164255,12-L-5890
신갈나무,Quercus,mongolica,36.03752861,126.7164545,12-L-5891
피나무,Tilia,amurensis,36.03755242,126.7164293,12-L-5892
신갈나무,Quercus,mongolica,36.03755598,126.7164745,12-L-5893
신갈나무,Quercus,mongolica,36.03758448,126.7164593,12-L-5894
느릅나무,Ulmus,davidiana,36.03759353,126.7164838,12-L-5895
신갈나무,Quercus,mongolica,36.03761017,126.716447,12-L-5896
신갈나무,Quercus,mongolica,36.0376356,126.7164737,12-L-5897
신갈나무,Quercus,mongolica,36.03764164,126.7164469,12-L-5898
신갈나무,Quercus,mongolica,36.03765629,126.7163953,12-L-5899
신갈나무,Quercus,mongolica,36.03769461,126.7164373,12-L-5900
신갈나무,Quercus,mongolica,36.03767335,126.7164663,12-L-5901
느릅나무,Ulmus,davidiana,36.03771091,126.7164651,12-L-5902
신갈나무,Quercus,mongolica,36.03773293,126.7164577,12-L-5903
고로쇠나무,Acer,pictum,36.0378026,126.7164601,12-L-5904
고로쇠나무,Acer,pictum,36.03780835,126.7164381,12-L-5905
당단풍나무,Acer,pseudosieboldianum,36.03782432,126.7164548,12-L-5906
덜꿩나무,Viburnum,erosum,36.03782758,126.7164864,12-L-5907
까치박달,Carpinus,cordata,36.0378186,126.7164821,12-L-5908
덜꿩나무,Viburnum,erosum,36.03783557,126.7165063,12-L-5909
까치박달,Carpinus,cordata,36.03784122,126.7164775,12-L-5910
복자기,Acer,triflorum,36.03785189,126.7164848,12-L-5911
당단풍나무,Acer,pseudosieboldianum,36.03785495,126.7164736,12-L-5912
당단풍나무,Acer,pseudosieboldianum,36.03785987,126.7164687,12-L-5913
복자기,Acer,triflorum,36.0378743,126.7164742,12-L-5914
당단풍나무,Acer,pseudosieboldianum,36.03788065,126.7164522,12-L-5915
물푸레나무,Fraxinus,rhynchophylla,36.03789974,126.7164461,12-L-5916
신갈나무,Quercus,mongolica,36.03791137,126.7164503,12-L-5917
복자기,Acer,triflorum,36.03791675,126.7164555,12-L-5918
당단풍나무,Acer,pseudosieboldianum,36.03791629,126.7164717,12-L-5919
당단풍나무,Acer,pseudosieboldianum,36.037928,126.7164797,12-L-5920
당단풍나무,Acer,pseudosieboldianum,36.03785901,126.7165083,12-L-5922
당단풍나무,Acer,pseudosieboldianum,36.03785858,126.7165285,12-L-5923
당단풍나무,Acer,pseudosieboldianum,36.03786286,126.7165335,12-L-5924
당단풍나무,Acer,pseudosieboldianum,36.03786861,126.7165316,12-L-5925
고로쇠나무,Acer,pictum,36.03788259,126.7165312,12-L-5926
들메나무,Fraxinus,mandshurica,36.03793745,126.716534,12-L-5927
층층나무,Cornus,controversa,36.03795391,126.7164991,12-L-5928
산개벚지나무,Prunus,maximowiczii,36.03795438,126.7165003,12-L-5929
고로쇠나무,Acer,pictum,36.03794695,126.7164858,12-L-5930
들메나무,Fraxinus,mandshurica,36.03796937,126.7164424,12-L-5931
들메나무,Fraxinus,mandshurica,36.03801315,126.7164444,12-L-5932
당단풍나무,Acer,pseudosieboldianum,36.03801436,126.7164922,12-L-5933
신갈나무,Quercus,mongolica,36.03804071,126.7164629,12-L-5935
자귀나무,Albizia,julibrissin,36.03803818,126.7164599,12-L-5936
당단풍나무,Acer,pseudosieboldianum,36.03804753,126.716494,12-L-5937
들메나무,Fraxinus,mandshurica,36.03808695,126.7164496,12-L-5938
당단풍나무,Acer,pseudosieboldianum,36.03807839,126.7164828,12-L-5939
까치박달,Carpinus,cordata,36.0380667,126.7164885,12-L-5940
까치박달,Carpinus,cordata,36.03808187,126.7165012,12-L-5941
까치박달,Carpinus,cordata,36.03809163,126.7164968,12-L-5942
산개벚지나무,Prunus,maximowiczii,36.038088,126.7164856,12-L-5943
신갈나무,Quercus,mongolica,36.0381364,126.7164523,12-L-5944
주목,Taxus,cuspidata,36.03814133,126.7164573,12-L-5945
고로쇠나무,Acer,pictum,36.03817793,126.7164591,12-L-5946
전나무,Abies,holophylla,36.03820922,126.7164548,12-L-5947
주목,Taxus,cuspidata,36.03822663,126.7164749,12-L-5948
산개벚지나무,Prunus,maximowiczii,36.03823556,126.7164765,12-L-5949
마가목,Sorbus,commixta,36.03823155,126.7164687,12-L-5950
주목,Taxus,cuspidata,36.0382585,126.7164686,12-L-5951
전나무,Abies,holophylla,36.03827312,126.7164933,12-L-5952
전나무,Abies,holophylla,36.03828222,126.7164753,12-L-5953
느릅나무,Ulmus,davidiana,36.03828455,126.7164554,12-L-5954
구상나무,Abies,koreana,36.03829097,126.716455,12-L-5955
당단풍나무,Acer,pseudosieboldianum,36.03827713,126.7164346,12-L-5956
주목,Taxus,cuspidata,36.03829145,126.716422,12-L-5957
주목,Taxus,cuspidata,36.03829854,126.7164366,12-L-5958
복자기,Acer,triflorum,36.03830847,126.7164338,12-L-5959
주목,Taxus,cuspidata,36.03829976,126.7164679,12-L-5960
주목,Taxus,cuspidata,36.03834166,126.7164784,12-L-5961
주목,Taxus,cuspidata,36.03832872,126.7164579,12-L-5962
고로쇠나무,Acer,pictum,36.03833234,126.7164109,12-L-5963
당단풍나무,Acer,pseudosieboldianum,36.03836255,126.7163961,12-L-5964
들메나무,Fraxinus,mandshurica,36.03837752,126.7163869,12-L-5965
신갈나무,Quercus,mongolica,36.03838254,126.7163997,12-L-5966
느릅나무,Ulmus,davidiana,36.03837455,126.716416,12-L-5967
주목,Taxus,cuspidata,36.03837081,126.7164295,12-L-5968
신갈나무,Quercus,mongolica,36.03837019,126.7164553,12-L-5969
산개벚지나무,Prunus,maximowiczii,36.03837036,126.7164709,12-L-5970
신갈나무,Quercus,mongolica,36.03840602,126.7164617,12-L-5971
물푸레나무,Fraxinus,rhynchophylla,36.03841351,126.7164419,12-L-5972
까치박달,Carpinus,cordata,36.03841672,126.7163896,12-L-5973
까치박달,Carpinus,cordata,36.03843547,126.716396,12-L-5974
층층나무,Cornus,controversa,36.03843394,126.7164134,12-L-5975
산개벚지나무,Prunus,maximowiczii,36.03843057,126.7164419,12-L-5976
전나무,Abies,holophylla,36.03843665,126.7164566,12-L-5977
층층나무,Cornus,controversa,36.0384488,126.7164499,12-L-5978
들메나무,Fraxinus,mandshurica,36.03847458,126.7164319,12-L-5979
산개벚지나무,Prunus,maximowiczii,36.0384676,126.716411,12-L-5980
당단풍나무,Acer,pseudosieboldianum,36.03846168,126.7164019,12-L-5981
고로쇠나무,Acer,pictum,36.03845634,126.7163696,12-L-5982
고로쇠나무,Acer,pictum,36.03846081,126.7163804,12-L-5983
들메나무,Fraxinus,mandshurica,36.03847848,126.7163748,12-L-5984
당단풍나무,Acer,pseudosieboldianum,36.03848463,126.716362,12-L-5985
당단풍나무,Acer,pseudosieboldianum,36.03849009,126.7163679,12-L-5986
당단풍나무,Acer,pseudosieboldianum,36.03848786,126.716378,12-L-5987
복자기,Acer,triflorum,36.03847818,126.71639,12-L-5988
당단풍나무,Acer,pseudosieboldianum,36.03846632,126.7164085,12-L-5989
산벚나무,Prunus,sargentii,36.0384888,126.7164365,12-L-5990
산벚나무,Prunus,sargentii,36.03848558,126.7164485,12-L-5991
산벚나무,Prunus,sargentii,36.03851865,126.7164421,12-L-5992
당단풍나무,Acer,pseudosieboldianum,36.03852375,126.7164231,12-L-5993
당단풍나무,Acer,pseudosieboldianum,36.03852934,126.7164047,12-L-5994
층층나무,Cornus,controversa,36.03853738,126.716403,12-L-5995
들메나무,Fraxinus,mandshurica,36.03853194,126.7163625,12-L-5996
고로쇠나무,Acer,pictum,36.0385038,126.7163686,12-L-5997
고로쇠나무,Acer,pictum,36.03850605,126.7163525,12-L-5998
고로쇠나무,Acer,pictum,36.03854711,126.7163471,12-L-5999
고로쇠나무,Acer,pictum,36.03855195,126.7163665,12-L-6000
고로쇠나무,Acer,pictum,36.03855878,126.7163546,12-L-6001
복자기,Acer,triflorum,36.03857861,126.7163617,12-L-6002
느릅나무,Ulmus,davidiana,36.03858533,126.716376,12-L-6003
고로쇠나무,Acer,pictum,36.03859675,126.7163577,12-L-6004
까치박달,Carpinus,cordata,36.03860626,126.7163667,12-L-6005
복자기,Acer,triflorum,36.03861652,126.7163541,12-L-6006
들메나무,Fraxinus,mandshurica,36.03860361,126.7163294,12-L-6007
느릅나무,Ulmus,davidiana,36.03863861,126.7163193,12-L-6008
고로쇠나무,Acer,pictum,36.03864694,126.7163223,12-L-6009
고로쇠나무,Acer,pictum,36.03865663,126.7163116,12-L-6010
당단풍나무,Acer,pseudosieboldianum,36.03866112,126.7163382,12-L-6011
고로쇠나무,Acer,pictum,36.03865076,126.7163474,12-L-6012
까치박달,Carpinus,cordata,36.03864086,126.7163377,12-L-6013
당단풍나무,Acer,pseudosieboldianum,36.0386325,126.7163388,12-L-6014
당단풍나무,Acer,pseudosieboldianum,36.03863702,126.7163469,12-L-6015
당단풍나무,Acer,pseudosieboldianum,36.03863368,126.7163579,12-L-6016
고로쇠나무,Acer,pictum,36.03865715,126.716359,12-L-6017
들메나무,Fraxinus,mandshurica,36.03867015,126.716368,12-L-6018
까치박달,Carpinus,cordata,36.03865945,126.7163754,12-L-6019
당단풍나무,Acer,pseudosieboldianum,36.03864902,126.7163822,12-L-6020
층층나무,Cornus,controversa,36.03864694,126.7163805,12-L-6021
신갈나무,Quercus,mongolica,36.03864429,126.7163974,12-L-6022
당단풍나무,Acer,pseudosieboldianum,36.0386117,126.7163797,12-L-6023
전나무,Abies,holophylla,36.03860513,126.7164066,12-L-6024
고로쇠나무,Acer,pictum,36.03857996,126.716411,12-L-6025
당단풍나무,Acer,pseudosieboldianum,36.03857466,126.7164288,12-L-6026
주목,Taxus,cuspidata,36.03855392,126.7164316,12-L-6027
신갈나무,Quercus,mongolica,36.03855311,126.7164457,12-L-6028
산벚나무,Prunus,sargentii,36.03853396,126.7164812,12-L-6029
산벚나무,Prunus,sargentii,36.03852577,126.7164869,12-L-6030
산벚나무,Prunus,sargentii,36.03852687,126.7165042,12-L-6031
산벚나무,Prunus,sargentii,36.03854694,126.7164902,12-L-6032
산벚나무,Prunus,sargentii,36.03856228,126.7164476,12-L-6033
까치박달,Carpinus,cordata,36.03858685,126.7164321,12-L-6034
까치박달,Carpinus,cordata,36.0385921,126.7164172,12-L-6035
까치박달,Carpinus,cordata,36.0385941,126.7164317,12-L-6036
고로쇠나무,Acer,pictum,36.0386143,126.7164092,12-L-6037
까치박달,Carpinus,cordata,36.03865719,126.716409,12-L-6038
고로쇠나무,Acer,pictum,36.03867943,126.7163976,12-L-6039
고로쇠나무,Acer,pictum,36.03867032,126.7164254,12-L-6040
들메나무,Fraxinus,mandshurica,36.03865754,126.7164274,12-L-6041
당단풍나무,Acer,pseudosieboldianum,36.03864673,126.7164415,12-L-6042
까치박달,Carpinus,cordata,36.03863071,126.7164422,12-L-6043
당단풍나무,Acer,pseudosieboldianum,36.03862015,126.716454,12-L-6044
당단풍나무,Acer,pseudosieboldianum,36.03859839,126.7164635,12-L-6045
느릅나무,Ulmus,davidiana,36.03860104,126.7164844,12-L-6046
신갈나무,Quercus,mongolica,36.03859343,126.7164784,12-L-6047
전나무,Abies,holophylla,36.03857684,126.7165182,12-L-6048
복자기,Acer,triflorum,36.03860085,126.7165041,12-L-6049
층층나무,Cornus,controversa,36.03862434,126.7164741,12-L-6050
까치박달,Carpinus,cordata,36.03863847,126.7164747,12-L-6051
복자기,Acer,triflorum,36.03867238,126.7164579,12-L-6052
마가목,Sorbus,commixta,36.03866877,126.7164767,12-L-6053
마가목,Sorbus,commixta,36.03866262,126.7165115,12-L-6054
복자기,Acer,triflorum,36.03865061,126.7165084,12-L-6055
들메나무,Fraxinus,mandshurica,36.0386587,126.7165302,12-L-6056
마가목,Sorbus,commixta,36.03865297,126.7165502,12-L-6057
들메나무,Fraxinus,mandshurica,36.03862977,126.7165237,12-L-6058
산벚나무,Prunus,sargentii,36.03854224,126.7165451,12-L-6059
층층나무,Cornus,controversa,36.03860463,126.716577,12-L-6060
들메나무,Fraxinus,mandshurica,36.03864996,126.7165777,12-L-6061
주목,Taxus,cuspidata,36.03861615,126.716611,12-L-6062
고로쇠나무,Acer,pictum,36.03859007,126.7166095,12-L-6063
고로쇠나무,Acer,pictum,36.03858745,126.7166409,12-L-6064
당단풍나무,Acer,pseudosieboldianum,36.03855237,126.7166086,12-L-6065
당단풍나무,Acer,pseudosieboldianum,36.03854682,126.7166083,12-L-6066
당단풍나무,Acer,pseudosieboldianum,36.03854432,126.7166043,12-L-6067
당단풍나무,Acer,pseudosieboldianum,36.03854127,126.7166083,12-L-6068
당단풍나무,Acer,pseudosieboldianum,36.03854009,126.7166135,12-L-6069
당단풍나무,Acer,pseudosieboldianum,36.03853682,126.7166202,12-L-6070
굴참나무,Quercus,variabilis,36.03855756,126.7166335,12-L-6071
가문비나무,Picea,jezoensis,36.03854595,126.7166544,12-L-6072
가문비나무,Picea,jezoensis,36.03849813,126.7166372,12-L-6073
가문비나무,Picea,jezoensis,36.03844998,126.7166643,12-L-6074
가문비나무,Picea,jezoensis,36.03845061,126.7166411,12-L-6075
복자기,Acer,triflorum,36.03842907,126.7166319,12-L-6076
느릅나무,Ulmus,davidiana,36.03843031,126.7166368,12-L-6077
가문비나무,Picea,jezoensis,36.03842738,126.7166741,12-L-6078
가문비나무,Picea,jezoensis,36.0384078,126.7166593,12-L-6079
가문비나무,Picea,jezoensis,36.03839764,126.716686,12-L-6080
가문비나무,Picea,jezoensis,36.03839046,126.7166697,12-L-6081
주목,Taxus,cuspidata,36.03839126,126.7166379,12-L-6082
들메나무,Fraxinus,mandshurica,36.03835225,126.716663,12-L-6083
상수리나무,Quercus,acutissima,36.0383536,126.7166741,12-L-6084
굴참나무,Quercus,variabilis,36.03829345,126.7167082,12-L-6085
주목,Taxus,cuspidata,36.03830205,126.7166596,12-L-6086
당단풍나무,Acer,pseudosieboldianum,36.03829296,126.7166451,12-L-6087
당단풍나무,Acer,pseudosieboldianum,36.03829743,126.7166396,12-L-6088
당단풍나무,Acer,pseudosieboldianum,36.03828741,126.7166499,12-L-6089
마가목,Sorbus,commixta,36.03826645,126.7167165,12-L-6090
마가목,Sorbus,commixta,36.03824358,126.7167113,12-L-6091
신갈나무,Quercus,mongolica,36.03825008,126.7166725,12-L-6092
당단풍나무,Acer,pseudosieboldianum,36.03824657,126.7166714,12-L-6093
들메나무,Fraxinus,mandshurica,36.03823326,126.7166432,12-L-6094
주목,Taxus,cuspidata,36.03821204,126.7166485,12-L-6095
피나무,Tilia,amurensis,36.03820498,126.7166604,12-L-6096
신갈나무,Quercus,mongolica,36.03822069,126.7166825,12-L-6097
마가목,Sorbus,commixta,36.0382169,126.7167207,12-L-6098
들메나무,Fraxinus,mandshurica,36.0381975,126.7166903,12-L-6099
마가목,Sorbus,commixta,36.03818087,126.7167079,12-L-6100
마가목,Sorbus,commixta,36.03817394,126.7166891,12-L-6101
당단풍나무,Acer,pseudosieboldianum,36.03818571,126.7166554,12-L-6102
굴참나무,Quercus,variabilis,36.03816594,126.7166813,12-L-6103
마가목,Sorbus,commixta,36.03814971,126.7167005,12-L-6104
산개벚지나무,Prunus,maximowiczii,36.03814334,126.7166826,12-L-6105
주목,Taxus,cuspidata,36.03815165,126.7166344,12-L-6106
들메나무,Fraxinus,mandshurica,36.03811239,126.7166456,12-L-6108
전나무,Abies,holophylla,36.03809858,126.7166359,12-L-6109
층층나무,Cornus,controversa,36.03808858,126.7166116,12-L-6110
들메나무,Fraxinus,mandshurica,36.03807308,126.7165939,12-L-6111
들메나무,Fraxinus,mandshurica,36.03805937,126.7166162,12-L-6112
당단풍나무,Acer,pseudosieboldianum,36.03807254,126.7166357,12-L-6113
고로쇠나무,Acer,pictum,36.03803877,126.7166194,12-L-6114
고로쇠나무,Acer,pictum,36.0380202,126.7165644,12-L-6115
두릅나무,Aralia,elata,36.03797492,126.7165848,12-L-6116
주목,Taxus,cuspidata,36.03795359,126.7164359,12-L-6117
구상나무,Abies,koreana,36.03794788,126.7164577,12-L-6118
주목,Taxus,cuspidata,36.03796315,126.7164701,12-L-6119
주목,Taxus,cuspidata,36.03799755,126.7164526,12-L-6120
산벚나무,Prunus,sargentii,36.03801681,126.7164597,12-L-6121
산벚나무,Prunus,sargentii,36.03800843,126.7164731,12-L-6122
산벚나무,Prunus,sargentii,36.03800903,126.7164926,12-L-6123
산벚나무,Prunus,sargentii,36.03800943,126.7165199,12-L-6124
주목,Taxus,cuspidata,36.03803949,126.7165232,12-L-6125
주목,Taxus,cuspidata,36.03803201,126.7165066,12-L-6126
마가목,Sorbus,commixta,36.0380676,126.7165406,12-L-6127
주목,Taxus,cuspidata,36.03808616,126.7165005,12-L-6128
주목,Taxus,cuspidata,36.03810583,126.7165044,12-L-6129
산벚나무,Prunus,sargentii,36.03809347,126.716527,12-L-6130
마가목,Sorbus,commixta,36.03808405,126.7165523,12-L-6132
층층나무,Cornus,controversa,36.03808993,126.716563,12-L-6134
주목,Taxus,cuspidata,36.03809472,126.7165719,12-L-6135
마가목,Sorbus,commixta,36.03810579,126.7165794,12-L-6136
굴참나무,Quercus,variabilis,36.03810837,126.7165611,12-L-6137
마가목,Sorbus,commixta,36.03810793,126.7165456,12-L-6138
까치박달,Carpinus,cordata,36.03812965,126.7164969,12-L-6139
까치박달,Carpinus,cordata,36.03815499,126.7164775,12-L-6140
주목,Taxus,cuspidata,36.03815168,126.7164956,12-L-6141
구상나무,Abies,koreana,36.03815575,126.7165437,12-L-6142
마가목,Sorbus,commixta,36.03813852,126.7165602,12-L-6143
주목,Taxus,cuspidata,36.03811972,126.7165797,12-L-6144
주목,Taxus,cuspidata,36.03816652,126.7165925,12-L-6145
마가목,Sorbus,commixta,36.03815998,126.7165768,12-L-6146
팽나무,Celtis,sinensis,36.0382068,126.716483,12-L-6147
신갈나무,Quercus,mongolica,36.03820505,126.7164988,12-L-6148
주목,Taxus,cuspidata,36.03822076,126.7164921,12-L-6149
주목,Taxus,cuspidata,36.038241,126.7164735,12-L-6150
주목,Taxus,cuspidata,36.03825471,126.7164934,12-L-6151
신갈나무,Quercus,mongolica,36.03818833,126.7165264,12-L-6152
주목,Taxus,cuspidata,36.03820441,126.7165264,12-L-6153
신갈나무,Quercus,mongolica,36.03820266,126.7165434,12-L-6154
산벚나무,Prunus,sargentii,36.03821306,126.7165392,12-L-6155
산벚나무,Prunus,sargentii,36.03822766,126.7165404,12-L-6156
전나무,Abies,holophylla,36.03824786,126.7165274,12-L-6157
산벚나무,Prunus,sargentii,36.03819304,126.716555,12-L-6158
마가목,Sorbus,commixta,36.03819321,126.7165714,12-L-6159
산벚나무,Prunus,sargentii,36.0382091,126.7165794,12-L-6160
주목,Taxus,cuspidata,36.03820216,126.7165971,12-L-6161
산개벚지나무,Prunus,maximowiczii,36.03818155,126.7166164,12-L-6162
까치박달,Carpinus,cordata,36.03821769,126.7166175,12-L-6163
느릅나무,Ulmus,davidiana,36.03822798,126.7166189,12-L-6164
당단풍나무,Acer,pseudosieboldianum,36.03823722,126.7166261,12-L-6165
산벚나무,Prunus,sargentii,36.03824381,126.7166111,12-L-6166
주목,Taxus,cuspidata,36.03823975,126.7165895,12-L-6167
산벚나무,Prunus,sargentii,36.03826909,126.7165891,12-L-6168
산벚나무,Prunus,sargentii,36.03826838,126.7165778,12-L-6169
구상나무,Abies,koreana,36.03828733,126.716569,12-L-6170
산벚나무,Prunus,sargentii,36.03829184,126.716546,12-L-6171
산벚나무,Prunus,sargentii,36.03829156,126.7165275,12-L-6172
산벚나무,Prunus,sargentii,36.03828593,126.7165255,12-L-6173
복사나무,Prunus,persica,36.03828293,126.7165165,12-L-6174
신갈나무,Quercus,mongolica,36.03826489,126.7165098,12-L-6175
전나무,Abies,holophylla,36.03828017,126.7165142,12-L-6176
마가목,Sorbus,commixta,36.03830936,126.7165748,12-L-6177
신갈나무,Quercus,mongolica,36.03832019,126.7165827,12-L-6178
산벚나무,Prunus,sargentii,36.0383236,126.7166048,12-L-6179
주목,Taxus,cuspidata,36.03832266,126.7166163,12-L-6180
주목,Taxus,cuspidata,36.03837261,126.7165912,12-L-6181
주목,Taxus,cuspidata,36.03837964,126.7165567,12-L-6182
산개벚지나무,Prunus,maximowiczii,36.03838065,126.7165295,12-L-6183
산개벚지나무,Prunus,maximowiczii,36.0383735,126.7165213,12-L-6184
마가목,Sorbus,commixta,36.03839277,126.7165078,12-L-6186
주목,Taxus,cuspidata,36.03840961,126.7165059,12-L-6187
들메나무,Fraxinus,mandshurica,36.03839181,126.7165194,12-L-6188
산개벚지나무,Prunus,maximowiczii,36.03838728,126.7165398,12-L-6189
주목,Taxus,cuspidata,36.0383931,126.7165608,12-L-6190
산개벚지나무,Prunus,maximowiczii,36.03840305,126.7165881,12-L-6191
구상나무,Abies,koreana,36.03840614,126.7165867,12-L-6192
까치박달,Carpinus,cordata,36.03841113,126.7166195,12-L-6193
층층나무,Cornus,controversa,36.03841817,126.7166205,12-L-6194
신갈나무,Quercus,mongolica,36.03840893,126.7166123,12-L-6195
산개벚지나무,Prunus,maximowiczii,36.03841706,126.7165886,12-L-6196
산개벚지나무,Prunus,maximowiczii,36.03841655,126.7165676,12-L-6197
신갈나무,Quercus,mongolica,36.0384359,126.7165233,12-L-6198
주목,Taxus,cuspidata,36.03844405,126.7165103,12-L-6199
들메나무,Fraxinus,mandshurica,36.03843657,126.7165461,12-L-6200
졸참나무,Quercus,serrata,36.03291527,126.7175254,12-L-6201
당단풍나무,Acer,pseudosieboldianum,36.03851048,126.7165778,12-L-6202
주목,Taxus,cuspidata,36.03848025,126.7165639,12-L-6203
전나무,Abies,holophylla,36.03846364,126.7165386,12-L-6204
주목,Taxus,cuspidata,36.03847389,126.7165271,12-L-6205
산개벚지나무,Prunus,maximowiczii,36.03849774,126.7165149,12-L-6206
당단풍나무,Acer,pseudosieboldianum,36.03850452,126.7165315,12-L-6207
쇠물푸레,Fraxinus,sieboldiana,36.02954919,126.7249695,13-L-0001
쇠물푸레,Fraxinus,sieboldiana,36.02954624,126.7249776,13-L-0003
곰솔,Pinus,thunbergii,36.02955398,126.7249833,13-L-0004
곰솔,Pinus,thunbergii,36.0295648,126.7250124,13-L-0005
가막살나무,Viburnum,dilatatum,36.02957388,126.7250308,13-L-0007
가막살나무,Viburnum,dilatatum,36.02956619,126.7250351,13-L-0010
팥배나무,Sorbus,alnifolia,36.02957126,126.72505,13-L-0012
가막살나무,Viburnum,dilatatum,36.02956061,126.72505,13-L-0013
가막살나무,Viburnum,dilatatum,36.02957033,126.7250573,13-L-0014
가막살나무,Viburnum,dilatatum,36.02957634,126.7250606,13-L-0015
가막살나무,Viburnum,dilatatum,36.02957516,126.7250645,13-L-0016
팥배나무,Sorbus,alnifolia,36.02957337,126.7250741,13-L-0018
팥배나무,Sorbus,alnifolia,36.02957726,126.7251229,13-L-0019
가막살나무,Viburnum,dilatatum,36.0295816,126.7251275,13-L-0020
가막살나무,Viburnum,dilatatum,36.02957992,126.7251359,13-L-0021
가막살나무,Viburnum,dilatatum,36.02958781,126.725145,13-L-0022
가막살나무,Viburnum,dilatatum,36.02958097,126.7251451,13-L-0025
굴참나무,Quercus,variabilis,36.02958321,126.725151,13-L-0027
굴참나무,Quercus,variabilis,36.02960645,126.7251121,13-L-0028
신갈나무,Quercus,mongolica,36.02960065,126.7250865,13-L-0029
상수리나무,Quercus,acutissima,36.02960329,126.7250633,13-L-0030
산수유,Cornus,officinalis,36.02953529,126.725049,13-L-0031
보리수나무,Elaeagnus,umbellata,36.02962818,126.7250278,13-L-0039
보리수나무,Elaeagnus,umbellata,36.02963888,126.7250207,13-L-0040
보리수나무,Elaeagnus,umbellata,36.02962702,126.7250495,13-L-0041
보리수나무,Elaeagnus,umbellata,36.02961887,126.7250715,13-L-0042
보리수나무,Elaeagnus,umbellata,36.02961853,126.7250633,13-L-0043
보리수나무,Elaeagnus,umbellata,36.02963088,126.7250622,13-L-0044
보리수나무,Elaeagnus,umbellata,36.02963619,126.7250646,13-L-0045
보리수나무,Elaeagnus,umbellata,36.02962505,126.7250902,13-L-0046
보리수나무,Elaeagnus,umbellata,36.0296404,126.7250657,13-L-0047
보리수나무,Elaeagnus,umbellata,36.02964284,126.7250629,13-L-0048
보리수나무,Elaeagnus,umbellata,36.02961466,126.7251139,13-L-0049
보리수나무,Elaeagnus,umbellata,36.02964568,126.725053,13-L-0050
보리수나무,Elaeagnus,umbellata,36.02965818,126.7250327,13-L-0051
보리수나무,Elaeagnus,umbellata,36.0296493,126.725031,13-L-0052
보리수나무,Elaeagnus,umbellata,36.02964281,126.7250401,13-L-0053
보리수나무,Elaeagnus,umbellata,36.02965295,126.7250351,13-L-0054
보리수나무,Elaeagnus,umbellata,36.02964088,126.7250552,13-L-0055
보리수나무,Elaeagnus,umbellata,36.02962749,126.7250383,13-L-0056
보리수나무,Elaeagnus,umbellata,36.02964051,126.7250429,13-L-0057
상수리나무,Quercus,acutissima,36.02963304,126.7250953,13-L-0058
상수리나무,Quercus,acutissima,36.02968377,126.7250524,13-L-0059
굴참나무,Quercus,variabilis,36.02967866,126.7251104,13-L-0060
상수리나무,Quercus,acutissima,36.02971341,126.7250877,13-L-0061
상수리나무,Quercus,acutissima,36.02973028,126.7250271,13-L-0062
굴참나무,Quercus,variabilis,36.02975541,126.7251188,13-L-0063
굴참나무,Quercus,variabilis,36.02970625,126.7251429,13-L-0064
굴참나무,Quercus,variabilis,36.02973791,126.7251656,13-L-0066
신갈나무,Quercus,mongolica,36.02965329,126.7251792,13-L-0069
굴참나무,Quercus,variabilis,36.02963283,126.7251628,13-L-0070
굴참나무,Quercus,variabilis,36.02961375,126.7251776,13-L-0071
상수리나무,Quercus,acutissima,36.02965257,126.7251963,13-L-0073
굴참나무,Quercus,variabilis,36.02969952,126.725185,13-L-0074
굴참나무,Quercus,variabilis,36.02972655,126.7252135,13-L-0075
갈참나무,Quercus,aliena,36.02969991,126.725225,13-L-0076
갈참나무,Quercus,aliena,36.02965551,126.7252266,13-L-0078
신갈나무,Quercus,mongolica,36.02962413,126.7252278,13-L-0079
상수리나무,Quercus,acutissima,36.02962511,126.7252066,13-L-0080
상수리나무,Quercus,acutissima,36.02962342,126.7251925,13-L-0081
굴참나무,Quercus,variabilis,36.02960132,126.7252029,13-L-0082
굴참나무,Quercus,variabilis,36.02963037,126.725252,13-L-0086
굴참나무,Quercus,variabilis,36.02962924,126.7252536,13-L-0087
굴참나무,Quercus,variabilis,36.0296704,126.7252297,13-L-0088
굴참나무,Quercus,variabilis,36.02967433,126.7252481,13-L-0089
소나무,Pinus,densiflora,36.02969419,126.7252404,13-L-0090
상수리나무,Quercus,acutissima,36.02969783,126.7252311,13-L-0091
굴참나무,Quercus,variabilis,36.02972095,126.7252572,13-L-0092
굴참나무,Quercus,variabilis,36.02960916,126.7252643,13-L-0095
굴참나무,Quercus,variabilis,36.02959103,126.7252693,13-L-0096
갈참나무,Quercus,aliena,36.02957147,126.7252548,13-L-0097
굴참나무,Quercus,variabilis,36.02957068,126.7252745,13-L-0098
갈참나무,Quercus,aliena,36.02955081,126.7252736,13-L-0099
매화나무,Prunus,mume,36.0295411,126.7252194,13-L-0101
굴참나무,Quercus,variabilis,36.02952891,126.7252884,13-L-0104
굴참나무,Quercus,variabilis,36.02950955,126.7252871,13-L-0105
갈참나무,Quercus,aliena,36.02953814,126.7253115,13-L-0109
굴참나무,Quercus,variabilis,36.02956097,126.7252923,13-L-0110
굴참나무,Quercus,variabilis,36.0296069,126.7253026,13-L-0111
굴참나무,Quercus,variabilis,36.02962747,126.7253005,13-L-0114
굴참나무,Quercus,variabilis,36.02964364,126.7253078,13-L-0115
굴참나무,Quercus,variabilis,36.02969101,126.7253038,13-L-0118
굴참나무,Quercus,variabilis,36.02972737,126.725278,13-L-0120
굴참나무,Quercus,variabilis,36.02974112,126.7253025,13-L-0121
굴참나무,Quercus,variabilis,36.02970951,126.7253351,13-L-0123
상수리나무,Quercus,acutissima,36.02967382,126.7253458,13-L-0125
굴참나무,Quercus,variabilis,36.02966623,126.7253473,13-L-0126
굴참나무,Quercus,variabilis,36.02964555,126.7253536,13-L-0127
굴참나무,Quercus,variabilis,36.02955224,126.7253569,13-L-0131
팥배나무,Sorbus,alnifolia,36.02952635,126.7253581,13-L-0132
굴참나무,Quercus,variabilis,36.02954023,126.7253772,13-L-0133
갈참나무,Quercus,aliena,36.0296021,126.7253567,13-L-0136
굴참나무,Quercus,variabilis,36.02963358,126.7253607,13-L-0137
굴피나무,Platycarya,strobilacea,36.02967233,126.725366,13-L-0138
굴참나무,Quercus,variabilis,36.02968744,126.725363,13-L-0139
신갈나무,Quercus,mongolica,36.02968629,126.7253655,13-L-0140
상수리나무,Quercus,acutissima,36.02969227,126.7253629,13-L-0141
굴참나무,Quercus,variabilis,36.02973602,126.7253661,13-L-0142
상수리나무,Quercus,acutissima,36.02974227,126.7253773,13-L-0143
갈참나무,Quercus,aliena,36.02971694,126.7254003,13-L-0144
굴참나무,Quercus,variabilis,36.02968626,126.7253937,13-L-0145
굴참나무,Quercus,variabilis,36.02962574,126.7253793,13-L-0148
굴참나무,Quercus,variabilis,36.02958228,126.7253804,13-L-0149
굴참나무,Quercus,variabilis,36.02956927,126.7254021,13-L-0150
굴참나무,Quercus,variabilis,36.02957317,126.7254036,13-L-0151
굴참나무,Quercus,variabilis,36.02956103,126.7254069,13-L-0152
굴참나무,Quercus,variabilis,36.02954448,126.7254155,13-L-0153
굴참나무,Quercus,variabilis,36.02955024,126.7254068,13-L-0154
굴참나무,Quercus,variabilis,36.02953572,126.7254128,13-L-0155
굴참나무,Quercus,variabilis,36.02953223,126.7254112,13-L-0156
굴참나무,Quercus,variabilis,36.02953624,126.7254084,13-L-0157
팥배나무,Sorbus,alnifolia,36.02952869,126.7254168,13-L-0158
팥배나무,Sorbus,alnifolia,36.0295312,126.725432,13-L-0159
굴참나무,Quercus,variabilis,36.02953334,126.7254377,13-L-0160
갈참나무,Quercus,aliena,36.02958854,126.7254309,13-L-0162
갈참나무,Quercus,aliena,36.02971088,126.7254361,13-L-0164
신갈나무,Quercus,mongolica,36.02968766,126.7254197,13-L-0166
신갈나무,Quercus,mongolica,36.02974317,126.7253947,13-L-0167
굴참나무,Quercus,variabilis,36.02970703,126.725435,13-L-0168
굴참나무,Quercus,variabilis,36.02967089,126.7254352,13-L-0171
굴참나무,Quercus,variabilis,36.02964531,126.7254329,13-L-0172
팥배나무,Sorbus,alnifolia,36.02957929,126.7254414,13-L-0175
굴참나무,Quercus,variabilis,36.02952557,126.7254618,13-L-0177
팥배나무,Sorbus,alnifolia,36.02949792,126.7254718,13-L-0183
팥배나무,Sorbus,alnifolia,36.02948847,126.7254808,13-L-0187
굴참나무,Quercus,variabilis,36.02951196,126.7255106,13-L-0188
팥배나무,Sorbus,alnifolia,36.02950574,126.7255008,13-L-0190
팥배나무,Sorbus,alnifolia,36.02953656,126.7254716,13-L-0192
팥배나무,Sorbus,alnifolia,36.02953434,126.7254782,13-L-0193
팥배나무,Sorbus,alnifolia,36.02954125,126.7254697,13-L-0194
굴참나무,Quercus,variabilis,36.02954654,126.725496,13-L-0195
굴참나무,Quercus,variabilis,36.0295822,126.7254824,13-L-0196
굴참나무,Quercus,variabilis,36.0296596,126.7254683,13-L-0203
굴참나무,Quercus,variabilis,36.02966673,126.7254841,13-L-0204
신갈나무,Quercus,mongolica,36.02977056,126.7254333,13-L-0207
굴참나무,Quercus,variabilis,36.02973567,126.7254827,13-L-0208
굴참나무,Quercus,variabilis,36.02972255,126.725512,13-L-0209
굴참나무,Quercus,variabilis,36.02971208,126.7255136,13-L-0210
상수리나무,Quercus,acutissima,36.02969444,126.7254932,13-L-0211
굴참나무,Quercus,variabilis,36.02969713,126.7255085,13-L-0212
굴참나무,Quercus,variabilis,36.0296876,126.7255086,13-L-0213
굴참나무,Quercus,variabilis,36.02967425,126.7255215,13-L-0214
굴피나무,Platycarya,strobilacea,36.02965072,126.7254975,13-L-0216
굴참나무,Quercus,variabilis,36.02964385,126.7254887,13-L-0217
갈참나무,Quercus,aliena,36.02962864,126.725492,13-L-0218
상수리나무,Quercus,acutissima,36.02959944,126.725501,13-L-0219
굴참나무,Quercus,variabilis,36.0295668,126.725509,13-L-0220
굴참나무,Quercus,variabilis,36.02952754,126.7255092,13-L-0223
굴참나무,Quercus,variabilis,36.02957022,126.7255334,13-L-0225
굴참나무,Quercus,variabilis,36.02958066,126.7255192,13-L-0226
굴참나무,Quercus,variabilis,36.02961689,126.7255295,13-L-0228
굴참나무,Quercus,variabilis,36.02963487,126.725528,13-L-0230
굴참나무,Quercus,variabilis,36.02970218,126.7255371,13-L-0231
굴피나무,Platycarya,strobilacea,36.0297134,126.7255574,13-L-0232
굴피나무,Platycarya,strobilacea,36.02973473,126.7255407,13-L-0233
굴참나무,Quercus,variabilis,36.02970413,126.7255583,13-L-0234
굴참나무,Quercus,variabilis,36.02966863,126.7255614,13-L-0237
굴참나무,Quercus,variabilis,36.0296561,126.7255841,13-L-0238
굴참나무,Quercus,variabilis,36.02964028,126.7255767,13-L-0239
굴참나무,Quercus,variabilis,36.02961897,126.7255602,13-L-0240
굴참나무,Quercus,variabilis,36.02960047,126.7255304,13-L-0241
굴참나무,Quercus,variabilis,36.02960414,126.7255648,13-L-0242
굴참나무,Quercus,variabilis,36.02960905,126.725578,13-L-0243
굴참나무,Quercus,variabilis,36.02962368,126.7255796,13-L-0244
굴참나무,Quercus,variabilis,36.02960943,126.7255823,13-L-0245
졸참나무,Quercus,serrata,36.03262577,126.7175739,13-L-0246
졸참나무,Quercus,serrata,36.03259825,126.7176071,13-L-0256
신갈나무,Quercus,mongolica,36.02960154,126.7255596,13-L-0257
갈참나무,Quercus,aliena,36.02959537,126.7255425,13-L-0258
굴참나무,Quercus,variabilis,36.02957473,126.7255538,13-L-0259
굴참나무,Quercus,variabilis,36.02955889,126.7255342,13-L-0261
굴참나무,Quercus,variabilis,36.02954406,126.7255689,13-L-0262
굴참나무,Quercus,variabilis,36.02951662,126.7255588,13-L-0263
가막살나무,Viburnum,dilatatum,36.02950984,126.7255488,13-L-0264
가막살나무,Viburnum,dilatatum,36.02949916,126.7255656,13-L-0269
가막살나무,Viburnum,dilatatum,36.02950629,126.7255531,13-L-0272
가막살나무,Viburnum,dilatatum,36.02949869,126.7255569,13-L-0279
가막살나무,Viburnum,dilatatum,36.02950402,126.725585,13-L-0281
굴참나무,Quercus,variabilis,36.02955501,126.7255933,13-L-0288
벚나무,Prunus,jamasakura,36.02955583,126.7256432,13-L-0291
생강나무,Lindera,obtusiloba,36.02955849,126.7256725,13-L-0293
벚나무,Prunus,jamasakura,36.02958649,126.7256553,13-L-0295
굴참나무,Quercus,variabilis,36.02957947,126.7256125,13-L-0297
굴참나무,Quercus,variabilis,36.02959863,126.7256118,13-L-0298
갈참나무,Quercus,aliena,36.02960394,126.7256327,13-L-0299
갈참나무,Quercus,aliena,36.02962086,126.7256541,13-L-0301
굴참나무,Quercus,variabilis,36.02962287,126.7256308,13-L-0302
굴참나무,Quercus,variabilis,36.02964823,126.7256088,13-L-0304
굴참나무,Quercus,variabilis,36.02967442,126.7256232,13-L-0306
굴참나무,Quercus,variabilis,36.0296615,126.7256039,13-L-0307
굴참나무,Quercus,variabilis,36.02968914,126.7256028,13-L-0308
굴참나무,Quercus,variabilis,36.02968458,126.7256219,13-L-0309
굴피나무,Platycarya,strobilacea,36.0297242,126.7255844,13-L-0312
신갈나무,Quercus,mongolica,36.02974207,126.7255906,13-L-0313
상수리나무,Quercus,acutissima,36.02973066,126.7255929,13-L-0314
굴참나무,Quercus,variabilis,36.02974804,126.7256155,13-L-0315
굴참나무,Quercus,variabilis,36.02969765,126.7256297,13-L-0317
굴참나무,Quercus,variabilis,36.02970167,126.7256643,13-L-0318
상수리나무,Quercus,acutissima,36.02966164,126.7256681,13-L-0319
굴참나무,Quercus,variabilis,36.02965493,126.7256556,13-L-0320
갈참나무,Quercus,aliena,36.02962655,126.7256548,13-L-0321
굴참나무,Quercus,variabilis,36.02961392,126.7256967,13-L-0323
팥배나무,Sorbus,alnifolia,36.02952115,126.7257694,13-L-0336
팥배나무,Sorbus,alnifolia,36.02952452,126.7257988,13-L-0337
굴참나무,Quercus,variabilis,36.02953267,126.7258094,13-L-0338
굴참나무,Quercus,variabilis,36.02955413,126.725795,13-L-0339
굴참나무,Quercus,variabilis,36.02956148,126.7258095,13-L-0340
팥배나무,Sorbus,alnifolia,36.0295805,126.7258008,13-L-0343
굴참나무,Quercus,variabilis,36.02954518,126.7257707,13-L-0346
굴참나무,Quercus,variabilis,36.02958639,126.7257519,13-L-0347
상수리나무,Quercus,acutissima,36.02957984,126.7257449,13-L-0349
굴참나무,Quercus,variabilis,36.02959542,126.7257468,13-L-0351
팥배나무,Sorbus,alnifolia,36.02961933,126.7257622,13-L-0354
굴참나무,Quercus,variabilis,36.02962158,126.7257605,13-L-0355
굴참나무,Quercus,variabilis,36.02962716,126.7257325,13-L-0356
굴참나무,Quercus,variabilis,36.02962399,126.7257086,13-L-0357
굴참나무,Quercus,variabilis,36.02964305,126.7257136,13-L-0358
굴참나무,Quercus,variabilis,36.02964227,126.7257407,13-L-0359
생강나무,Lindera,obtusiloba,36.02965608,126.7257523,13-L-0361
팥배나무,Sorbus,alnifolia,36.02966258,126.7257267,13-L-0362
굴참나무,Quercus,variabilis,36.02966775,126.7257166,13-L-0363
굴참나무,Quercus,variabilis,36.02964741,126.7256951,13-L-0364
굴참나무,Quercus,variabilis,36.02969348,126.7257317,13-L-0365
굴참나무,Quercus,variabilis,36.02968073,126.7257375,13-L-0366
졸참나무,Quercus,serrata,36.02969075,126.72575,13-L-0368
팥배나무,Sorbus,alnifolia,36.0297144,126.7257039,13-L-0369
때죽나무,Styrax,japonicus,36.02972487,126.7256798,13-L-0371
굴참나무,Quercus,variabilis,36.02973929,126.7256612,13-L-0372
굴참나무,Quercus,variabilis,36.02974539,126.7256472,13-L-0373
쇠물푸레,Fraxinus,sieboldiana,36.02976546,126.7256734,13-L-0374
때죽나무,Styrax,japonicus,36.02977188,126.7256618,13-L-0375
생강나무,Lindera,obtusiloba,36.02977392,126.7256554,13-L-0376
때죽나무,Styrax,japonicus,36.02979319,126.7255871,13-L-0380
상수리나무,Quercus,acutissima,36.02955429,126.7257945,13-L-0381
소나무,Pinus,densiflora,36.02979064,126.7255761,13-L-0382
산벚나무,Prunus,sargentii,36.02982229,126.7255893,13-L-0383
소나무,Pinus,densiflora,36.029829,126.7255774,13-L-0384
신갈나무,Quercus,mongolica,36.02982772,126.7255399,13-L-0385
쇠물푸레,Fraxinus,sieboldiana,36.02983591,126.7255288,13-L-0386
산벚나무,Prunus,sargentii,36.02985112,126.7255356,13-L-0387
소나무,Pinus,densiflora,36.02985128,126.7255368,13-L-0389
쪽동백나무,Styrax,obassia,36.02984806,126.7255552,13-L-0390
쇠물푸레,Fraxinus,sieboldiana,36.02985733,126.7255464,13-L-0393
산벚나무,Prunus,sargentii,36.02984825,126.7255799,13-L-0397
굴참나무,Quercus,variabilis,36.02984274,126.7256191,13-L-0399
생강나무,Lindera,obtusiloba,36.02987296,126.7256083,13-L-0401
굴참나무,Quercus,variabilis,36.02987212,126.7255976,13-L-0404
굴참나무,Quercus,variabilis,36.02986808,126.7255801,13-L-0406
신갈나무,Quercus,mongolica,36.02987867,126.7255955,13-L-0407
소나무,Pinus,densiflora,36.02987336,126.7255792,13-L-0411
소나무,Pinus,densiflora,36.02988067,126.7255538,13-L-0413
졸참나무,Quercus,serrata,36.02988199,126.7255152,13-L-0416
산벚나무,Prunus,sargentii,36.02989253,126.725553,13-L-0417
소나무,Pinus,densiflora,36.02988442,126.7255631,13-L-0418
굴참나무,Quercus,variabilis,36.02988372,126.725576,13-L-0419
굴참나무,Quercus,variabilis,36.02989131,126.72558,13-L-0420
생강나무,Lindera,obtusiloba,36.029896,126.7255972,13-L-0423
굴참나무,Quercus,variabilis,36.0298997,126.7256034,13-L-0424
생강나무,Lindera,obtusiloba,36.02991362,126.7255859,13-L-0425
생강나무,Lindera,obtusiloba,36.02991382,126.7255843,13-L-0426
노린재나무,Symplocos,sawafutagi,36.02992384,126.7255827,13-L-0427
노린재나무,Symplocos,sawafutagi,36.02990864,126.7255666,13-L-0428
소나무,Pinus,densiflora,36.02985901,126.7255072,13-L-0430
쪽동백나무,Styrax,obassia,36.02990371,126.7255126,13-L-0431
쇠물푸레,Fraxinus,sieboldiana,36.02990118,126.7254753,13-L-0433
쇠물푸레,Fraxinus,sieboldiana,36.02985778,126.7254756,13-L-0436
굴참나무,Quercus,variabilis,36.02987983,126.7254711,13-L-0440
굴참나무,Quercus,variabilis,36.02991504,126.7254825,13-L-0441
소나무,Pinus,densiflora,36.02992214,126.7254794,13-L-0444
소나무,Pinus,densiflora,36.02992312,126.7254852,13-L-0445
소나무,Pinus,densiflora,36.02991116,126.7255212,13-L-0446
소나무,Pinus,densiflora,36.02992702,126.7255196,13-L-0447
소나무,Pinus,densiflora,36.02992276,126.725516,13-L-0448
굴참나무,Quercus,variabilis,36.0299392,126.7255338,13-L-0449
굴참나무,Quercus,variabilis,36.02995115,126.7255268,13-L-0450
소나무,Pinus,densiflora,36.02995056,126.7255161,13-L-0452
굴참나무,Quercus,variabilis,36.02993084,126.7254998,13-L-0455
소나무,Pinus,densiflora,36.02992537,126.725463,13-L-0457
소나무,Pinus,densiflora,36.02990357,126.7254672,13-L-0458
소나무,Pinus,densiflora,36.02989686,126.7254514,13-L-0459
굴참나무,Quercus,variabilis,36.0298818,126.7254488,13-L-0461
쪽동백나무,Styrax,obassia,36.02991124,126.7254317,13-L-0462
소나무,Pinus,densiflora,36.02991712,126.7254272,13-L-0463
굴참나무,Quercus,variabilis,36.02992406,126.7254564,13-L-0464
굴참나무,Quercus,variabilis,36.02993191,126.7254525,13-L-0465
노린재나무,Symplocos,sawafutagi,36.02993619,126.7254514,13-L-0468
노린재나무,Symplocos,sawafutagi,36.0299539,126.7254656,13-L-0469
노린재나무,Symplocos,sawafutagi,36.0299405,126.7254508,13-L-0470
굴참나무,Quercus,variabilis,36.02995235,126.7254592,13-L-0471
소나무,Pinus,densiflora,36.02996844,126.7254673,13-L-0472
쪽동백나무,Styrax,obassia,36.02996292,126.7254692,13-L-0473
쇠물푸레,Fraxinus,sieboldiana,36.02996006,126.7255017,13-L-0475
쇠물푸레,Fraxinus,sieboldiana,36.02995547,126.7255092,13-L-0476
소나무,Pinus,densiflora,36.0299597,126.7255015,13-L-0477
소나무,Pinus,densiflora,36.02996105,126.7255125,13-L-0478
소나무,Pinus,densiflora,36.02996913,126.7254999,13-L-0479
소나무,Pinus,densiflora,36.02996906,126.7255031,13-L-0480
소나무,Pinus,densiflora,36.02996205,126.7255101,13-L-0481
소나무,Pinus,densiflora,36.02996329,126.7255025,13-L-0482
소나무,Pinus,densiflora,36.02996622,126.7254994,13-L-0483
소나무,Pinus,densiflora,36.02997241,126.7254943,13-L-0484
소나무,Pinus,densiflora,36.02996857,126.72549,13-L-0485
소나무,Pinus,densiflora,36.02996943,126.7254727,13-L-0486
소나무,Pinus,densiflora,36.02997366,126.7254837,13-L-0487
소나무,Pinus,densiflora,36.02997322,126.7255088,13-L-0488
소나무,Pinus,densiflora,36.02997351,126.7255118,13-L-0489
소나무,Pinus,densiflora,36.02998014,126.7255043,13-L-0490
소나무,Pinus,densiflora,36.0299721,126.7255176,13-L-0491
소나무,Pinus,densiflora,36.0299856,126.7255164,13-L-0492
소나무,Pinus,densiflora,36.0299909,126.7254912,13-L-0493
쇠물푸레,Fraxinus,sieboldiana,36.02996614,126.7255138,13-L-0495
쇠물푸레,Fraxinus,sieboldiana,36.02996479,126.7255228,13-L-0496
쇠물푸레,Fraxinus,sieboldiana,36.02996119,126.7255268,13-L-0497
쇠물푸레,Fraxinus,sieboldiana,36.02996509,126.7255122,13-L-0498
쇠물푸레,Fraxinus,sieboldiana,36.02996751,126.7255219,13-L-0499
굴참나무,Quercus,variabilis,36.02998306,126.7255175,13-L-0501
소나무,Pinus,densiflora,36.02999519,126.7255342,13-L-0504
쇠물푸레,Fraxinus,sieboldiana,36.02999755,126.7255112,13-L-0505
쇠물푸레,Fraxinus,sieboldiana,36.03000442,126.7255307,13-L-0506
쇠물푸레,Fraxinus,sieboldiana,36.03000931,126.7255202,13-L-0507
쇠물푸레,Fraxinus,sieboldiana,36.03000529,126.7255215,13-L-0508
쇠물푸레,Fraxinus,sieboldiana,36.03000734,126.7255197,13-L-0509
쇠물푸레,Fraxinus,sieboldiana,36.03000204,126.7255171,13-L-0510
쇠물푸레,Fraxinus,sieboldiana,36.03000842,126.7255231,13-L-0511
쇠물푸레,Fraxinus,sieboldiana,36.03000933,126.7255207,13-L-0512
쇠물푸레,Fraxinus,sieboldiana,36.03000344,126.7255208,13-L-0513
쇠물푸레,Fraxinus,sieboldiana,36.0300079,126.7255116,13-L-0514
쇠물푸레,Fraxinus,sieboldiana,36.03000945,126.7255198,13-L-0515
쇠물푸레,Fraxinus,sieboldiana,36.03001495,126.7255238,13-L-0516
쇠물푸레,Fraxinus,sieboldiana,36.03000617,126.7255248,13-L-0517
소나무,Pinus,densiflora,36.03002324,126.7255159,13-L-0518
소나무,Pinus,densiflora,36.03003977,126.7254746,13-L-0520
소나무,Pinus,densiflora,36.02999487,126.7254508,13-L-0521
쇠물푸레,Fraxinus,sieboldiana,36.0299719,126.7254865,13-L-0522
쇠물푸레,Fraxinus,sieboldiana,36.02997621,126.7254768,13-L-0523
갈참나무,Quercus,aliena,36.02994235,126.7254057,13-L-0528
쇠물푸레,Fraxinus,sieboldiana,36.02995041,126.7254012,13-L-0530
쇠물푸레,Fraxinus,sieboldiana,36.02995104,126.7253858,13-L-0531
쇠물푸레,Fraxinus,sieboldiana,36.02995287,126.7253804,13-L-0532
소나무,Pinus,densiflora,36.02994561,126.7253533,13-L-0533
쇠물푸레,Fraxinus,sieboldiana,36.02994991,126.725332,13-L-0534
쇠물푸레,Fraxinus,sieboldiana,36.02996081,126.7253781,13-L-0535
쇠물푸레,Fraxinus,sieboldiana,36.02997529,126.725406,13-L-0536
쇠물푸레,Fraxinus,sieboldiana,36.02997788,126.7254133,13-L-0537
쇠물푸레,Fraxinus,sieboldiana,36.02997862,126.7254259,13-L-0538
쇠물푸레,Fraxinus,sieboldiana,36.02998022,126.725429,13-L-0539
쇠물푸레,Fraxinus,sieboldiana,36.02998022,126.7254269,13-L-0540
소나무,Pinus,densiflora,36.03002722,126.725376,13-L-0541
소나무,Pinus,densiflora,36.02994554,126.72537,13-L-0542
자귀나무,Albizia,julibrissin,36.02997828,126.7253555,13-L-0543
쇠물푸레,Fraxinus,sieboldiana,36.0299648,126.7253253,13-L-0544
쇠물푸레,Fraxinus,sieboldiana,36.02992617,126.7253143,13-L-0545
쇠물푸레,Fraxinus,sieboldiana,36.02996397,126.7253336,13-L-0546
굴참나무,Quercus,variabilis,36.02995794,126.7253548,13-L-0547
갈참나무,Quercus,aliena,36.02994842,126.7252435,13-L-0548
소나무,Pinus,densiflora,36.02997476,126.7253617,13-L-0549
상수리나무,Quercus,acutissima,36.0299488,126.7253305,13-L-0550
굴참나무,Quercus,variabilis,36.02998708,126.7253583,13-L-0551
개암나무,Corylus,heterophylla,36.03003249,126.7254272,13-L-0553
소나무,Pinus,densiflora,36.03003428,126.7254329,13-L-0554
개암나무,Corylus,heterophylla,36.03004783,126.725428,13-L-0556
개암나무,Corylus,heterophylla,36.03004418,126.7254342,13-L-0557
개암나무,Corylus,heterophylla,36.03007067,126.7254218,13-L-0558
때죽나무,Styrax,japonicus,36.03005588,126.7254807,13-L-0560
덜꿩나무,Viburnum,erosum,36.03005186,126.7255084,13-L-0561
소나무,Pinus,densiflora,36.03005276,126.7255026,13-L-0562
소나무,Pinus,densiflora,36.03005233,126.7255155,13-L-0564
쇠물푸레,Fraxinus,sieboldiana,36.03005841,126.7255188,13-L-0565
상수리나무,Quercus,acutissima,36.03009598,126.7255373,13-L-0567
붉나무,Rhus,javanica,36.03010587,126.7255367,13-L-0568
상수리나무,Quercus,acutissima,36.03012567,126.7255115,13-L-0569
상수리나무,Quercus,acutissima,36.03012057,126.7255028,13-L-0570
소나무,Pinus,densiflora,36.03012698,126.7255037,13-L-0572
상수리나무,Quercus,acutissima,36.03015976,126.7255369,13-L-0576
신갈나무,Quercus,mongolica,36.03015888,126.7255048,13-L-0577
소나무,Pinus,densiflora,36.03016111,126.7255028,13-L-0578
소나무,Pinus,densiflora,36.03015939,126.7255059,13-L-0579
쪽동백나무,Styrax,obassia,36.03016199,126.7254868,13-L-0581
소나무,Pinus,densiflora,36.03016568,126.7254941,13-L-0583
상수리나무,Quercus,acutissima,36.0301862,126.7254854,13-L-0584
소나무,Pinus,densiflora,36.03016898,126.7254545,13-L-0587
소나무,Pinus,densiflora,36.03017048,126.7254761,13-L-0588
상수리나무,Quercus,acutissima,36.03017226,126.7254731,13-L-0589
산벚나무,Prunus,sargentii,36.03016338,126.7254862,13-L-0590
갈참나무,Quercus,aliena,36.03015172,126.7254874,13-L-0593
쪽동백나무,Styrax,obassia,36.03012435,126.7254792,13-L-0594
소나무,Pinus,densiflora,36.03011268,126.7254882,13-L-0600
소나무,Pinus,densiflora,36.03007217,126.7253836,13-L-0601
산딸나무,Cornus,kousa,36.03009558,126.7254559,13-L-0603
노린재나무,Symplocos,sawafutagi,36.03010777,126.7254628,13-L-0604
소나무,Pinus,densiflora,36.03006326,126.7254516,13-L-0605
굴참나무,Quercus,variabilis,36.03006199,126.7254186,13-L-0607
쇠물푸레,Fraxinus,sieboldiana,36.0300602,126.7253997,13-L-0609
쇠물푸레,Fraxinus,sieboldiana,36.03006331,126.7253931,13-L-0610
상수리나무,Quercus,acutissima,36.03007276,126.7253851,13-L-0611
상수리나무,Quercus,acutissima,36.0300678,126.7253763,13-L-0612
굴참나무,Quercus,variabilis,36.0300388,126.7253926,13-L-0613
쇠물푸레,Fraxinus,sieboldiana,36.03000494,126.7253392,13-L-0614
쇠물푸레,Fraxinus,sieboldiana,36.03000513,126.7253397,13-L-0615
쇠물푸레,Fraxinus,sieboldiana,36.03002232,126.7253416,13-L-0616
쇠물푸레,Fraxinus,sieboldiana,36.03003488,126.7253427,13-L-0617
쇠물푸레,Fraxinus,sieboldiana,36.03002787,126.7253375,13-L-0618
쇠물푸레,Fraxinus,sieboldiana,36.03003703,126.7253567,13-L-0619
쇠물푸레,Fraxinus,sieboldiana,36.03003371,126.7253509,13-L-0620
쇠물푸레,Fraxinus,sieboldiana,36.03002251,126.7253453,13-L-0621
쇠물푸레,Fraxinus,sieboldiana,36.03004118,126.7253435,13-L-0622
쇠물푸레,Fraxinus,sieboldiana,36.03002147,126.7253434,13-L-0623
쇠물푸레,Fraxinus,sieboldiana,36.03002008,126.7253444,13-L-0624
쇠물푸레,Fraxinus,sieboldiana,36.03003059,126.7253474,13-L-0625
쇠물푸레,Fraxinus,sieboldiana,36.03001387,126.7253377,13-L-0626
쇠물푸레,Fraxinus,sieboldiana,36.03002566,126.7253471,13-L-0627
쇠물푸레,Fraxinus,sieboldiana,36.03001398,126.7253449,13-L-0628
쇠물푸레,Fraxinus,sieboldiana,36.03007239,126.7253749,13-L-0629
쇠물푸레,Fraxinus,sieboldiana,36.03002218,126.7253662,13-L-0630
복숭아나무,Prunus,persica,36.02998694,126.7253224,13-L-0632
때죽나무,Styrax,japonicus,36.03003786,126.7253548,13-L-0633
때죽나무,Styrax,japonicus,36.02994508,126.725278,13-L-0634
개암나무,Corylus,heterophylla,36.02994176,126.7253035,13-L-0635
개암나무,Corylus,heterophylla,36.02998232,126.7253283,13-L-0636
갈참나무,Quercus,aliena,36.02997928,126.7253308,13-L-0637
갈참나무,Quercus,aliena,36.02999215,126.7253506,13-L-0638
쇠물푸레,Fraxinus,sieboldiana,36.02996656,126.7253268,13-L-0639
쇠물푸레,Fraxinus,sieboldiana,36.03001784,126.7253484,13-L-0640
상수리나무,Quercus,acutissima,36.03002284,126.7253466,13-L-0641
소나무,Pinus,densiflora,36.03006521,126.7252769,13-L-0642
소나무,Pinus,densiflora,36.02999879,126.7252969,13-L-0643
굴참나무,Quercus,variabilis,36.03003716,126.7252829,13-L-0644
굴참나무,Quercus,variabilis,36.03001871,126.7252762,13-L-0648
소나무,Pinus,densiflora,36.02999742,126.7252774,13-L-0649
자귀나무,Albizia,julibrissin,36.02997119,126.7252706,13-L-0650
갈참나무,Quercus,aliena,36.02998275,126.7252961,13-L-0651
상수리나무,Quercus,acutissima,36.0300146,126.7253012,13-L-0654
갈참나무,Quercus,aliena,36.02999732,126.7253223,13-L-0655
상수리나무,Quercus,acutissima,36.03001673,126.7252849,13-L-0657
쪽동백나무,Styrax,obassia,36.03001777,126.7252947,13-L-0658
소나무,Pinus,densiflora,36.03000541,126.725332,13-L-0659
소나무,Pinus,densiflora,36.03001065,126.7253287,13-L-0660
소나무,Pinus,densiflora,36.03001421,126.7253225,13-L-0661
물푸레나무,Fraxinus,rhynchophylla,36.03001402,126.7252958,13-L-0662
쇠물푸레,Fraxinus,sieboldiana,36.03001199,126.7253157,13-L-0664
쇠물푸레,Fraxinus,sieboldiana,36.0300592,126.7252741,13-L-0665
소나무,Pinus,densiflora,36.03002867,126.7252891,13-L-0667
소나무,Pinus,densiflora,36.03001555,126.7253023,13-L-0668
소나무,Pinus,densiflora,36.03003002,126.7252327,13-L-0669
소나무,Pinus,densiflora,36.0300126,126.7252695,13-L-0670
소나무,Pinus,densiflora,36.03003483,126.7252644,13-L-0671
쇠물푸레,Fraxinus,sieboldiana,36.03003612,126.7252668,13-L-0672
쇠물푸레,Fraxinus,sieboldiana,36.0300313,126.7252789,13-L-0673
쇠물푸레,Fraxinus,sieboldiana,36.03005239,126.7252706,13-L-0674
쇠물푸레,Fraxinus,sieboldiana,36.03003578,126.725271,13-L-0675
쇠물푸레,Fraxinus,sieboldiana,36.03002136,126.7252907,13-L-0676
쇠물푸레,Fraxinus,sieboldiana,36.03001402,126.725302,13-L-0677
상수리나무,Quercus,acutissima,36.03005899,126.725279,13-L-0678
소나무,Pinus,densiflora,36.03003895,126.725323,13-L-0679
소나무,Pinus,densiflora,36.0300157,126.7253509,13-L-0680
소나무,Pinus,densiflora,36.03003559,126.7253392,13-L-0681
소나무,Pinus,densiflora,36.03005232,126.7253245,13-L-0682
소나무,Pinus,densiflora,36.03000661,126.7253609,13-L-0683
소나무,Pinus,densiflora,36.03006359,126.7253523,13-L-0684
갈참나무,Quercus,aliena,36.03008057,126.7253399,13-L-0687
갈참나무,Quercus,aliena,36.03008173,126.7253427,13-L-0688
갈참나무,Quercus,aliena,36.03007979,126.7253504,13-L-0689
상수리나무,Quercus,acutissima,36.03009,126.7253661,13-L-0690
소나무,Pinus,densiflora,36.03006327,126.7253764,13-L-0691
소나무,Pinus,densiflora,36.03007518,126.7253642,13-L-0692
소나무,Pinus,densiflora,36.03010026,126.7253502,13-L-0693
신갈나무,Quercus,mongolica,36.03008151,126.7253485,13-L-0694
굴참나무,Quercus,variabilis,36.03009465,126.7253529,13-L-0695
뽕나무,Morus,alba,36.03010107,126.7253651,13-L-0696
상수리나무,Quercus,acutissima,36.0301205,126.725351,13-L-0699
상수리나무,Quercus,acutissima,36.03012866,126.7253421,13-L-0700
소나무,Pinus,densiflora,36.03013647,126.7253619,13-L-0701
상수리나무,Quercus,acutissima,36.03013434,126.7253697,13-L-0702
소나무,Pinus,densiflora,36.03013575,126.7253926,13-L-0703
쇠물푸레,Fraxinus,sieboldiana,36.03014269,126.7253899,13-L-0706
소나무,Pinus,densiflora,36.030116,126.725368,13-L-0707
갈참나무,Quercus,aliena,36.03010092,126.725378,13-L-0708
갈참나무,Quercus,aliena,36.03011093,126.7253777,13-L-0709
갈참나무,Quercus,aliena,36.03010043,126.7253436,13-L-0710
갈참나무,Quercus,aliena,36.03010443,126.7253853,13-L-0711
갈참나무,Quercus,aliena,36.03010874,126.725373,13-L-0712
갈참나무,Quercus,aliena,36.03011447,126.7253671,13-L-0713
갈참나무,Quercus,aliena,36.03011378,126.7253876,13-L-0714
갈참나무,Quercus,aliena,36.03011946,126.7253912,13-L-0715
갈참나무,Quercus,aliena,36.03010222,126.7253937,13-L-0717
산딸나무,Cornus,kousa,36.03008292,126.7253949,13-L-0718
신갈나무,Quercus,mongolica,36.03007088,126.7254168,13-L-0719
쇠물푸레,Fraxinus,sieboldiana,36.0300966,126.7254115,13-L-0720
상수리나무,Quercus,acutissima,36.03011873,126.7253928,13-L-0721
상수리나무,Quercus,acutissima,36.03010172,126.725423,13-L-0722
상수리나무,Quercus,acutissima,36.03011016,126.7254288,13-L-0723
소나무,Pinus,densiflora,36.03010857,126.7254248,13-L-0725
쇠물푸레,Fraxinus,sieboldiana,36.03011468,126.7254177,13-L-0726
소나무,Pinus,densiflora,36.03011703,126.7254249,13-L-0727
굴참나무,Quercus,variabilis,36.03014092,126.7253989,13-L-0728
상수리나무,Quercus,acutissima,36.03015061,126.7254114,13-L-0729
상수리나무,Quercus,acutissima,36.03015183,126.7254053,13-L-0730
신갈나무,Quercus,mongolica,36.03014371,126.7254123,13-L-0731
소나무,Pinus,densiflora,36.03015672,126.7254407,13-L-0732
소나무,Pinus,densiflora,36.03011913,126.7254599,13-L-0733
벚나무,Prunus,jamasakura,36.03014253,126.7254681,13-L-0735
상수리나무,Quercus,acutissima,36.03016156,126.7254561,13-L-0737
벚나무,Prunus,jamasakura,36.03020704,126.7254496,13-L-0739
벚나무,Prunus,jamasakura,36.03019974,126.7254593,13-L-0740
벚나무,Prunus,jamasakura,36.03021078,126.7254616,13-L-0741
벚나무,Prunus,jamasakura,36.0302024,126.7254548,13-L-0742
벚나무,Prunus,jamasakura,36.03019842,126.7254599,13-L-0743
상수리나무,Quercus,acutissima,36.03020113,126.725492,13-L-0744
소나무,Pinus,densiflora,36.03019342,126.7254743,13-L-0745
상수리나무,Quercus,acutissima,36.03018987,126.7254861,13-L-0746
쥐똥나무,Ligustrum,obtusifolium,36.03018966,126.7254963,13-L-0747
개암나무,Corylus,heterophylla,36.03019358,126.7254888,13-L-0748
벚나무,Prunus,jamasakura,36.03021095,126.7254479,13-L-0750
소나무,Pinus,densiflora,36.03022074,126.7254516,13-L-0751
벚나무,Prunus,jamasakura,36.0302148,126.7254675,13-L-0753
벚나무,Prunus,jamasakura,36.03022186,126.7254663,13-L-0754
향나무,Juniperus,chinensis,36.03021601,126.7254725,13-L-0755
소나무,Pinus,densiflora,36.03022188,126.7254773,13-L-0756
소나무,Pinus,densiflora,36.03022292,126.7254677,13-L-0757
떡갈나무,Quercus,dentata,36.03023968,126.7254542,13-L-0758
떡갈나무,Quercus,dentata,36.03025191,126.7254349,13-L-0759
굴참나무,Quercus,variabilis,36.03024902,126.7254388,13-L-0760
굴참나무,Quercus,variabilis,36.03023368,126.7254144,13-L-0761
소나무,Pinus,densiflora,36.03019922,126.7254132,13-L-0762
소나무,Pinus,densiflora,36.0301935,126.7254266,13-L-0765
소나무,Pinus,densiflora,36.03021181,126.7254099,13-L-0767
소나무,Pinus,densiflora,36.03020912,126.7253905,13-L-0768
소나무,Pinus,densiflora,36.03020235,126.725378,13-L-0770
갈참나무,Quercus,aliena,36.03019173,126.7253829,13-L-0771
갈참나무,Quercus,aliena,36.0301797,126.7253808,13-L-0772
갈참나무,Quercus,aliena,36.03018342,126.7253697,13-L-0773
붉나무,Rhus,javanica,36.03018651,126.7253638,13-L-0774
쇠물푸레,Fraxinus,sieboldiana,36.03017625,126.7253686,13-L-0775
쇠물푸레,Fraxinus,sieboldiana,36.03016938,126.7253742,13-L-0776
쇠물푸레,Fraxinus,sieboldiana,36.03017087,126.7253683,13-L-0777
붉나무,Rhus,javanica,36.03015842,126.7253962,13-L-0778
개암나무,Corylus,heterophylla,36.03016109,126.7253761,13-L-0779
신갈나무,Quercus,mongolica,36.03017292,126.7253849,13-L-0780
소나무,Pinus,densiflora,36.03016379,126.725372,13-L-0781
갈참나무,Quercus,aliena,36.03017284,126.7253346,13-L-0782
갈참나무,Quercus,aliena,36.03016445,126.72535,13-L-0783
소나무,Pinus,densiflora,36.0301753,126.7253387,13-L-0784
굴참나무,Quercus,variabilis,36.03013624,126.7253178,13-L-0785
신갈나무,Quercus,mongolica,36.03015085,126.7253301,13-L-0786
상수리나무,Quercus,acutissima,36.03015894,126.7253136,13-L-0787
갈참나무,Quercus,aliena,36.03011943,126.7253489,13-L-0788
상수리나무,Quercus,acutissima,36.03015465,126.725313,13-L-0789
상수리나무,Quercus,acutissima,36.03016851,126.7253023,13-L-0790
소나무,Pinus,densiflora,36.03015811,126.7253027,13-L-0791
상수리나무,Quercus,acutissima,36.03014378,126.725292,13-L-0792
상수리나무,Quercus,acutissima,36.03013883,126.7252908,13-L-0793
상수리나무,Quercus,acutissima,36.03013861,126.7252866,13-L-0794
상수리나무,Quercus,acutissima,36.03016017,126.7252883,13-L-0795
상수리나무,Quercus,acutissima,36.0301437,126.7252894,13-L-0796
상수리나무,Quercus,acutissima,36.03013579,126.7252587,13-L-0798
쇠물푸레,Fraxinus,sieboldiana,36.03013725,126.7252828,13-L-0799
쇠물푸레,Fraxinus,sieboldiana,36.03013055,126.7252787,13-L-0800
쇠물푸레,Fraxinus,sieboldiana,36.03013229,126.7252778,13-L-0801
쇠물푸레,Fraxinus,sieboldiana,36.03013608,126.7252645,13-L-0802
쇠물푸레,Fraxinus,sieboldiana,36.03013333,126.7252841,13-L-0803
쇠물푸레,Fraxinus,sieboldiana,36.03013775,126.7252717,13-L-0804
쇠물푸레,Fraxinus,sieboldiana,36.03014012,126.7252701,13-L-0805
쇠물푸레,Fraxinus,sieboldiana,36.03013849,126.725272,13-L-0806
쇠물푸레,Fraxinus,sieboldiana,36.03013222,126.7252797,13-L-0807
소나무,Pinus,densiflora,36.03011232,126.7252737,13-L-0812
소나무,Pinus,densiflora,36.03010602,126.7252845,13-L-0813
소나무,Pinus,densiflora,36.03010753,126.7252749,13-L-0814
상수리나무,Quercus,acutissima,36.03010573,126.725247,13-L-0815
쇠물푸레,Fraxinus,sieboldiana,36.03010103,126.7252385,13-L-0816
쇠물푸레,Fraxinus,sieboldiana,36.03010895,126.7252519,13-L-0817
쇠물푸레,Fraxinus,sieboldiana,36.03010633,126.7252453,13-L-0818
쇠물푸레,Fraxinus,sieboldiana,36.03010497,126.7252373,13-L-0819
소나무,Pinus,densiflora,36.03011353,126.7252476,13-L-0820
소나무,Pinus,densiflora,36.03008608,126.72525,13-L-0822
물푸레나무,Fraxinus,rhynchophylla,36.0300838,126.7252594,13-L-0823
갈참나무,Quercus,aliena,36.03008946,126.7252644,13-L-0824
신갈나무,Quercus,mongolica,36.03008579,126.7252571,13-L-0825
갈참나무,Quercus,aliena,36.03007976,126.7252392,13-L-0826
소나무,Pinus,densiflora,36.03008061,126.7252374,13-L-0827
소나무,Pinus,densiflora,36.03007393,126.7252454,13-L-0828
상수리나무,Quercus,acutissima,36.03007697,126.725288,13-L-0831
쇠물푸레,Fraxinus,sieboldiana,36.0300787,126.725285,13-L-0832
쇠물푸레,Fraxinus,sieboldiana,36.03007318,126.7252713,13-L-0833
쇠물푸레,Fraxinus,sieboldiana,36.03006747,126.7252918,13-L-0834
소나무,Pinus,densiflora,36.03005983,126.7252774,13-L-0835
상수리나무,Quercus,acutissima,36.03006859,126.7252824,13-L-0836
상수리나무,Quercus,acutissima,36.03004987,126.7253308,13-L-0837
소나무,Pinus,densiflora,36.03003533,126.725268,13-L-0839
소나무,Pinus,densiflora,36.03003562,126.7252587,13-L-0840
소나무,Pinus,densiflora,36.03003295,126.7252905,13-L-0841
소나무,Pinus,densiflora,36.0300378,126.725269,13-L-0842
소나무,Pinus,densiflora,36.03003255,126.7252591,13-L-0843
소나무,Pinus,densiflora,36.03002884,126.7252658,13-L-0844
소나무,Pinus,densiflora,36.03002568,126.7252676,13-L-0845
소나무,Pinus,densiflora,36.03002972,126.7252684,13-L-0846
소나무,Pinus,densiflora,36.02999329,126.7252572,13-L-0847
소나무,Pinus,densiflora,36.03004302,126.725181,13-L-0848
굴참나무,Quercus,variabilis,36.0300204,126.7252182,13-L-0849
소나무,Pinus,densiflora,36.03004451,126.7251887,13-L-0850
갈참나무,Quercus,aliena,36.03005969,126.725201,13-L-0851
굴참나무,Quercus,variabilis,36.03004091,126.7251819,13-L-0853
굴참나무,Quercus,variabilis,36.03000848,126.7251525,13-L-0854
감나무,Diospyros,kaki,36.03004497,126.7251578,13-L-0855
산딸나무,Cornus,kousa,36.03003547,126.7251268,13-L-0856
산딸나무,Cornus,kousa,36.03004454,126.7251733,13-L-0857
산딸나무,Cornus,kousa,36.03006567,126.7251597,13-L-0859
산딸나무,Cornus,kousa,36.03005192,126.7251561,13-L-0860
벚나무,Prunus,jamasakura,36.03011055,126.7251609,13-L-0863
소나무,Pinus,densiflora,36.03009473,126.7251711,13-L-0864
쇠물푸레,Fraxinus,sieboldiana,36.03011855,126.7252036,13-L-0866
상수리나무,Quercus,acutissima,36.03011845,126.7252002,13-L-0867
소나무,Pinus,densiflora,36.03011468,126.725219,13-L-0868
소나무,Pinus,densiflora,36.03010834,126.7251878,13-L-0872
소나무,Pinus,densiflora,36.03010602,126.7251665,13-L-0873
소나무,Pinus,densiflora,36.03009897,126.7252107,13-L-0874
느티나무,Zelkova,serrata,36.03009612,126.7252204,13-L-0875
소나무,Pinus,densiflora,36.03010288,126.7251965,13-L-0876
소나무,Pinus,densiflora,36.03009755,126.7252229,13-L-0877
소나무,Pinus,densiflora,36.0301036,126.7252095,13-L-0878
소나무,Pinus,densiflora,36.03010146,126.7252181,13-L-0879
소나무,Pinus,densiflora,36.03011183,126.7252409,13-L-0880
소나무,Pinus,densiflora,36.03010667,126.7252318,13-L-0881
소나무,Pinus,densiflora,36.03010733,126.7252407,13-L-0882
소나무,Pinus,densiflora,36.0301091,126.7252379,13-L-0883
소나무,Pinus,densiflora,36.0299757,126.7251359,13-L-0884
비목나무,Lindera,erythrocarpa,36.03008093,126.7252138,13-L-0885
비목나무,Lindera,erythrocarpa,36.03008105,126.7252126,13-L-0886
소나무,Pinus,densiflora,36.03007606,126.7251961,13-L-0887
소나무,Pinus,densiflora,36.03008197,126.7252035,13-L-0888
소나무,Pinus,densiflora,36.03007433,126.7251995,13-L-0889
소나무,Pinus,densiflora,36.03007131,126.7251954,13-L-0890
소나무,Pinus,densiflora,36.03008382,126.7252144,13-L-0891
상수리나무,Quercus,acutissima,36.03008114,126.7251837,13-L-0893
소나무,Pinus,densiflora,36.03007387,126.7251961,13-L-0895
소나무,Pinus,densiflora,36.03004385,126.7251931,13-L-0897
쇠물푸레,Fraxinus,sieboldiana,36.03003785,126.7251945,13-L-0898
상수리나무,Quercus,acutissima,36.03005015,126.7252041,13-L-0899
상수리나무,Quercus,acutissima,36.03007108,126.7252138,13-L-0900
소나무,Pinus,densiflora,36.03003684,126.725176,13-L-0901
소나무,Pinus,densiflora,36.03005492,126.7252359,13-L-0902
소나무,Pinus,densiflora,36.03004594,126.725223,13-L-0903
상수리나무,Quercus,acutissima,36.03005509,126.7252429,13-L-0904
소나무,Pinus,densiflora,36.03005909,126.7252323,13-L-0905
소나무,Pinus,densiflora,36.03005114,126.7252379,13-L-0906
소나무,Pinus,densiflora,36.03005162,126.7252496,13-L-0907
소나무,Pinus,densiflora,36.03005262,126.7252508,13-L-0908
소나무,Pinus,densiflora,36.03005876,126.7252428,13-L-0909
소나무,Pinus,densiflora,36.03006645,126.7252396,13-L-0910
소나무,Pinus,densiflora,36.03007234,126.725239,13-L-0912
소나무,Pinus,densiflora,36.03007411,126.7252432,13-L-0913
소나무,Pinus,densiflora,36.03008265,126.7252226,13-L-0914
소나무,Pinus,densiflora,36.03006943,126.7252305,13-L-0915
소나무,Pinus,densiflora,36.03006568,126.7252342,13-L-0916
상수리나무,Quercus,acutissima,36.03013593,126.7252338,13-L-0917
소나무,Pinus,densiflora,36.03013544,126.7252448,13-L-0918
소나무,Pinus,densiflora,36.03014708,126.7252462,13-L-0919
벚나무,Prunus,jamasakura,36.03013967,126.7252522,13-L-0920
상수리나무,Quercus,acutissima,36.0301545,126.7252577,13-L-0921
상수리나무,Quercus,acutissima,36.03015969,126.7252585,13-L-0922
쇠물푸레,Fraxinus,sieboldiana,36.03016762,126.7252783,13-L-0924
때죽나무,Styrax,japonicus,36.03016413,126.7252764,13-L-0926
소나무,Pinus,densiflora,36.0301893,126.725276,13-L-0927
상수리나무,Quercus,acutissima,36.03017635,126.7252928,13-L-0928
소나무,Pinus,densiflora,36.03018486,126.7252903,13-L-0929
쇠물푸레,Fraxinus,sieboldiana,36.03018366,126.7253245,13-L-0930
쇠물푸레,Fraxinus,sieboldiana,36.03018732,126.7253238,13-L-0931
갈참나무,Quercus,aliena,36.03021962,126.7253673,13-L-0937
갈참나무,Quercus,aliena,36.03022743,126.7253699,13-L-0938
갈참나무,Quercus,aliena,36.03022663,126.7253673,13-L-0939
상수리나무,Quercus,acutissima,36.03023046,126.7253564,13-L-0940
소나무,Pinus,densiflora,36.03022224,126.7253318,13-L-0942
상수리나무,Quercus,acutissima,36.03017552,126.72531,13-L-0943
굴참나무,Quercus,variabilis,36.03023192,126.725309,13-L-0944
소나무,Pinus,densiflora,36.03023041,126.7252764,13-L-0945
팥배나무,Sorbus,alnifolia,36.03022687,126.7252828,13-L-0946
초피나무,Zanthoxylum,piperitum,36.03022691,126.7252788,13-L-0947
개옻나무,Toxicodendron,trichocarpum,36.03023949,126.7252675,13-L-0948
덜꿩나무,Viburnum,erosum,36.03022992,126.7252757,13-L-0949
덜꿩나무,Viburnum,erosum,36.03025179,126.7252754,13-L-0950
덜꿩나무,Viburnum,erosum,36.0302367,126.7252603,13-L-0952
상수리나무,Quercus,acutissima,36.03023057,126.7252452,13-L-0953
굴참나무,Quercus,variabilis,36.03021494,126.725255,13-L-0954
상수리나무,Quercus,acutissima,36.0302255,126.7252686,13-L-0955
소나무,Pinus,densiflora,36.03021081,126.7252556,13-L-0956
생강나무,Lindera,obtusiloba,36.03022147,126.7252754,13-L-0957
상수리나무,Quercus,acutissima,36.0302379,126.7252973,13-L-0958
벚나무,Prunus,jamasakura,36.0301929,126.725248,13-L-0961
느티나무,Zelkova,serrata,36.03022158,126.7252517,13-L-0963
산딸나무,Cornus,kousa,36.03020195,126.725253,13-L-0964
초피나무,Zanthoxylum,piperitum,36.0301798,126.7252303,13-L-0965
굴참나무,Quercus,variabilis,36.03017715,126.7251926,13-L-0966
굴참나무,Quercus,variabilis,36.03022253,126.7252263,13-L-0967
굴참나무,Quercus,variabilis,36.03018447,126.7252132,13-L-0968
소나무,Pinus,densiflora,36.03027898,126.7252114,13-L-0970
소나무,Pinus,densiflora,36.03029464,126.7252399,13-L-0971
갈참나무,Quercus,aliena,36.03024662,126.7252321,13-L-0972
소나무,Pinus,densiflora,36.03024534,126.7252449,13-L-0973
굴참나무,Quercus,variabilis,36.03026613,126.7252344,13-L-0975
굴참나무,Quercus,variabilis,36.03025384,126.7251996,13-L-0977
상수리나무,Quercus,acutissima,36.03025828,126.7252037,13-L-0978
상수리나무,Quercus,acutissima,36.03024236,126.7251963,13-L-0979
쇠물푸레,Fraxinus,sieboldiana,36.03027278,126.7252413,13-L-0980
쇠물푸레,Fraxinus,sieboldiana,36.03027523,126.7252443,13-L-0981
소나무,Pinus,densiflora,36.03024696,126.7252662,13-L-0985
소나무,Pinus,densiflora,36.03025421,126.7252993,13-L-0987
때죽나무,Styrax,japonicus,36.03025609,126.7253034,13-L-0988
때죽나무,Styrax,japonicus,36.03026206,126.72531,13-L-0989
신갈나무,Quercus,mongolica,36.03023771,126.7253043,13-L-0990
소나무,Pinus,densiflora,36.03027281,126.7253013,13-L-0994
상수리나무,Quercus,acutissima,36.03025963,126.725323,13-L-0995
쪽동백나무,Styrax,obassia,36.03026046,126.7253224,13-L-0996
쪽동백나무,Styrax,obassia,36.03024354,126.7253343,13-L-0997
느티나무,Zelkova,serrata,36.03026142,126.7253385,13-L-0998
소나무,Pinus,densiflora,36.0302573,126.7253431,13-L-0999
소나무,Pinus,densiflora,36.03027591,126.7253417,13-L-1000
소나무,Pinus,densiflora,36.03024536,126.7253373,13-L-1001
소나무,Pinus,densiflora,36.0302831,126.7253595,13-L-1002
벚나무,Prunus,jamasakura,36.0302887,126.7253646,13-L-1003
소나무,Pinus,densiflora,36.03028149,126.7253898,13-L-1005
소나무,Pinus,densiflora,36.03027127,126.7253878,13-L-1006
쇠물푸레,Fraxinus,sieboldiana,36.03024896,126.7253938,13-L-1009
상수리나무,Quercus,acutissima,36.03025307,126.7253895,13-L-1010
소나무,Pinus,densiflora,36.03023832,126.7253958,13-L-1016
굴참나무,Quercus,variabilis,36.03024549,126.7254006,13-L-1017
소나무,Pinus,densiflora,36.03028483,126.7254005,13-L-1019
굴참나무,Quercus,variabilis,36.03028993,126.7254165,13-L-1020
소나무,Pinus,densiflora,36.03027071,126.7254304,13-L-1022
상수리나무,Quercus,acutissima,36.03030216,126.725436,13-L-1023
상수리나무,Quercus,acutissima,36.03031996,126.7254525,13-L-1024
상수리나무,Quercus,acutissima,36.03030273,126.7254544,13-L-1025
상수리나무,Quercus,acutissima,36.03032356,126.7254548,13-L-1026
상수리나무,Quercus,acutissima,36.03031303,126.7254575,13-L-1027
상수리나무,Quercus,acutissima,36.03032039,126.7254465,13-L-1028
상수리나무,Quercus,acutissima,36.03031046,126.7254547,13-L-1029
소나무,Pinus,densiflora,36.03026879,126.7254686,13-L-1032
소나무,Pinus,densiflora,36.03027349,126.7254697,13-L-1033
소나무,Pinus,densiflora,36.03025851,126.7254848,13-L-1034
소나무,Pinus,densiflora,36.03026551,126.7254737,13-L-1035
생강나무,Lindera,obtusiloba,36.03026936,126.7254755,13-L-1036
상수리나무,Quercus,acutissima,36.03033811,126.72456,13-L-1038
굴참나무,Quercus,variabilis,36.03034852,126.7245927,13-L-1044
산벚나무,Prunus,sargentii,36.03035213,126.7245742,13-L-1045
상수리나무,Quercus,acutissima,36.0303724,126.7245693,13-L-1047
때죽나무,Styrax,japonicus,36.0303841,126.7245616,13-L-1049
자귀나무,Albizia,julibrissin,36.03040197,126.724546,13-L-1050
상수리나무,Quercus,acutissima,36.03039166,126.7245398,13-L-1056
산벚나무,Prunus,sargentii,36.03038929,126.7245158,13-L-1057
상수리나무,Quercus,acutissima,36.03036044,126.7245224,13-L-1060
덜꿩나무,Viburnum,erosum,36.0303438,126.7245331,13-L-1061
개암나무,Corylus,heterophylla,36.03034655,126.7245248,13-L-1062
상수리나무,Quercus,acutissima,36.03035068,126.7245477,13-L-1063
때죽나무,Styrax,japonicus,36.03034124,126.7245501,13-L-1064
상수리나무,Quercus,acutissima,36.03030628,126.7245497,13-L-1067
산벚나무,Prunus,sargentii,36.0303064,126.7245439,13-L-1068
산벚나무,Prunus,sargentii,36.03030339,126.7245122,13-L-1069
상수리나무,Quercus,acutissima,36.03030707,126.7244767,13-L-1071
상수리나무,Quercus,acutissima,36.03031175,126.7245058,13-L-1072
상수리나무,Quercus,acutissima,36.03033737,126.7244994,13-L-1073
산벚나무,Prunus,sargentii,36.03032525,126.7245263,13-L-1075
산벚나무,Prunus,sargentii,36.03034189,126.7245189,13-L-1076
산벚나무,Prunus,sargentii,36.03035339,126.7244948,13-L-1080
상수리나무,Quercus,acutissima,36.03037945,126.7244844,13-L-1082
산벚나무,Prunus,sargentii,36.03040105,126.7244938,13-L-1083
산벚나무,Prunus,sargentii,36.03041,126.7244532,13-L-1084
상수리나무,Quercus,acutissima,36.03040821,126.7244656,13-L-1085
상수리나무,Quercus,acutissima,36.03036135,126.724474,13-L-1088
상수리나무,Quercus,acutissima,36.03033245,126.724466,13-L-1089
산벚나무,Prunus,sargentii,36.03031619,126.7244584,13-L-1092
때죽나무,Styrax,japonicus,36.03030397,126.724443,13-L-1095
상수리나무,Quercus,acutissima,36.030293,126.7244265,13-L-1097
덜꿩나무,Viburnum,erosum,36.03032646,126.7244336,13-L-1098
상수리나무,Quercus,acutissima,36.03033231,126.7244366,13-L-1099
산벚나무,Prunus,sargentii,36.03035003,126.724452,13-L-1100
신갈나무,Quercus,mongolica,36.03034242,126.7244472,13-L-1101
신갈나무,Quercus,mongolica,36.03035164,126.7244448,13-L-1102
산벚나무,Prunus,sargentii,36.03037033,126.7244592,13-L-1104
산벚나무,Prunus,sargentii,36.03039373,126.72443,13-L-1108
산벚나무,Prunus,sargentii,36.03041292,126.7244129,13-L-1111
때죽나무,Styrax,japonicus,36.0303979,126.7243625,13-L-1119
상수리나무,Quercus,acutissima,36.03037725,126.7243551,13-L-1121
덜꿩나무,Viburnum,erosum,36.03035492,126.7244168,13-L-1125
상수리나무,Quercus,acutissima,36.03036549,126.7244136,13-L-1126
상수리나무,Quercus,acutissima,36.03038007,126.7244054,13-L-1127
상수리나무,Quercus,acutissima,36.03037561,126.7244112,13-L-1128
상수리나무,Quercus,acutissima,36.03037926,126.7244204,13-L-1130
상수리나무,Quercus,acutissima,36.03035123,126.7244375,13-L-1132
산벚나무,Prunus,sargentii,36.03033933,126.7244124,13-L-1134
팥배나무,Sorbus,alnifolia,36.03033385,126.7243929,13-L-1137
덜꿩나무,Viburnum,erosum,36.03031944,126.7244101,13-L-1139
산벚나무,Prunus,sargentii,36.03031518,126.7244113,13-L-1141
산벚나무,Prunus,sargentii,36.03028385,126.7243864,13-L-1145
상수리나무,Quercus,acutissima,36.03029141,126.7243685,13-L-1146
상수리나무,Quercus,acutissima,36.03031288,126.7243378,13-L-1148
상수리나무,Quercus,acutissima,36.03032303,126.72438,13-L-1150
산벚나무,Prunus,sargentii,36.03032868,126.7243636,13-L-1152
갈참나무,Quercus,aliena,36.03032729,126.7243543,13-L-1153
상수리나무,Quercus,acutissima,36.03034398,126.72434,13-L-1155
상수리나무,Quercus,acutissima,36.03035665,126.7243742,13-L-1156
산벚나무,Prunus,sargentii,36.03041761,126.724338,13-L-1160
쪽동백나무,Styrax,obassia,36.03042886,126.7243246,13-L-1166
쪽동백나무,Styrax,obassia,36.03042139,126.7243056,13-L-1168
산벚나무,Prunus,sargentii,36.03044337,126.724313,13-L-1169
갈참나무,Quercus,aliena,36.03041391,126.7242953,13-L-1170
상수리나무,Quercus,acutissima,36.03040445,126.7243069,13-L-1172
굴참나무,Quercus,variabilis,36.03039391,126.7242739,13-L-1173
상수리나무,Quercus,acutissima,36.03038028,126.7242607,13-L-1174
때죽나무,Styrax,japonicus,36.03038111,126.7242785,13-L-1175
상수리나무,Quercus,acutissima,36.03038005,126.7242974,13-L-1177
상수리나무,Quercus,acutissima,36.03037923,126.7243196,13-L-1179
상수리나무,Quercus,acutissima,36.03036001,126.7243266,13-L-1181
상수리나무,Quercus,acutissima,36.03033141,126.7243182,13-L-1183
상수리나무,Quercus,acutissima,36.0303267,126.724296,13-L-1184
상수리나무,Quercus,acutissima,36.03034595,126.7242784,13-L-1185
굴참나무,Quercus,variabilis,36.03035835,126.7242581,13-L-1186
상수리나무,Quercus,acutissima,36.03035066,126.7242449,13-L-1187
때죽나무,Styrax,japonicus,36.0303319,126.7242278,13-L-1188
상수리나무,Quercus,acutissima,36.03032021,126.7242428,13-L-1189
상수리나무,Quercus,acutissima,36.03033078,126.7242639,13-L-1190
상수리나무,Quercus,acutissima,36.03031702,126.7242663,13-L-1191
상수리나무,Quercus,acutissima,36.03029894,126.7243061,13-L-1192
상수리나무,Quercus,acutissima,36.03028518,126.724324,13-L-1194
산벚나무,Prunus,sargentii,36.03026907,126.7243018,13-L-1195
굴참나무,Quercus,variabilis,36.03027647,126.7242582,13-L-1199
쥐똥나무,Ligustrum,obtusifolium,36.03030251,126.7242451,13-L-1202
쥐똥나무,Ligustrum,obtusifolium,36.03030003,126.7242458,13-L-1203
산벚나무,Prunus,sargentii,36.03029749,126.7242353,13-L-1204
산벚나무,Prunus,sargentii,36.0302737,126.7241738,13-L-1208
산벚나무,Prunus,sargentii,36.03027756,126.7241643,13-L-1209
상수리나무,Quercus,acutissima,36.03029381,126.7241735,13-L-1210
상수리나무,Quercus,acutissima,36.030291,126.7241864,13-L-1211
산벚나무,Prunus,sargentii,36.03031636,126.7241762,13-L-1212
상수리나무,Quercus,acutissima,36.0303128,126.7241797,13-L-1213
상수리나무,Quercus,acutissima,36.03032708,126.7241838,13-L-1214
굴참나무,Quercus,variabilis,36.03032631,126.7241982,13-L-1216
상수리나무,Quercus,acutissima,36.03030978,126.7242037,13-L-1217
산벚나무,Prunus,sargentii,36.03033977,126.7242208,13-L-1218
상수리나무,Quercus,acutissima,36.0303532,126.7242258,13-L-1222
상수리나무,Quercus,acutissima,36.03036535,126.7242068,13-L-1223
산벚나무,Prunus,sargentii,36.03037312,126.7242261,13-L-1224
상수리나무,Quercus,acutissima,36.03039038,126.7242374,13-L-1225
때죽나무,Styrax,japonicus,36.03039092,126.7242595,13-L-1226
때죽나무,Styrax,japonicus,36.03042872,126.7242709,13-L-1228
쪽동백나무,Styrax,obassia,36.03043702,126.7242942,13-L-1230
쪽동백나무,Styrax,obassia,36.03044914,126.7242823,13-L-1231
산벚나무,Prunus,sargentii,36.03044765,126.724266,13-L-1233
때죽나무,Styrax,japonicus,36.03045005,126.7242532,13-L-1234
쪽동백나무,Styrax,obassia,36.03046545,126.7242545,13-L-1236
굴참나무,Quercus,variabilis,36.03045546,126.7242442,13-L-1237
쪽동백나무,Styrax,obassia,36.03045853,126.7242352,13-L-1239
상수리나무,Quercus,acutissima,36.03044077,126.7242402,13-L-1241
때죽나무,Styrax,japonicus,36.03042386,126.7242254,13-L-1243
팥배나무,Sorbus,alnifolia,36.03042279,126.724198,13-L-1245
산벚나무,Prunus,sargentii,36.03039903,126.7241769,13-L-1249
산벚나무,Prunus,sargentii,36.03034212,126.7241654,13-L-1253
산벚나무,Prunus,sargentii,36.0302978,126.72417,13-L-1256
산벚나무,Prunus,sargentii,36.03033298,126.7241356,13-L-1258
굴참나무,Quercus,variabilis,36.03030201,126.7241439,13-L-1259
굴참나무,Quercus,variabilis,36.0302905,126.7241588,13-L-1260
굴참나무,Quercus,variabilis,36.03028445,126.7241532,13-L-1261
굴참나무,Quercus,variabilis,36.03028675,126.7241521,13-L-1262
때죽나무,Styrax,japonicus,36.03028615,126.7241359,13-L-1263
산벚나무,Prunus,sargentii,36.03035526,126.7241317,13-L-1265
갈참나무,Quercus,aliena,36.03044158,126.7241812,13-L-1271
산벚나무,Prunus,sargentii,36.03048177,126.724194,13-L-1275
쪽동백나무,Styrax,obassia,36.03049005,126.7242155,13-L-1276
쪽동백나무,Styrax,obassia,36.03047973,126.7242312,13-L-1277
쪽동백나무,Styrax,obassia,36.03049321,126.7242087,13-L-1280
쪽동백나무,Styrax,obassia,36.03051327,126.7241923,13-L-1282
산벚나무,Prunus,sargentii,36.03048724,126.7241741,13-L-1283
쪽동백나무,Styrax,obassia,36.03050332,126.7241603,13-L-1287
쪽동백나무,Styrax,obassia,36.03049363,126.7241437,13-L-1288
때죽나무,Styrax,japonicus,36.03052617,126.7241365,13-L-1289
쪽동백나무,Styrax,obassia,36.03052772,126.7241449,13-L-1290
쪽동백나무,Styrax,obassia,36.0305276,126.724146,13-L-1291
쪽동백나무,Styrax,obassia,36.03051866,126.724141,13-L-1292
팽나무,Celtis,sinensis,36.03054042,126.7241524,13-L-1293
때죽나무,Styrax,japonicus,36.03052599,126.7241751,13-L-1294
때죽나무,Styrax,japonicus,36.03052987,126.7241731,13-L-1295
상수리나무,Quercus,acutissima,36.03054911,126.7241737,13-L-1296
쪽동백나무,Styrax,obassia,36.03053896,126.7241681,13-L-1297
산뽕나무,Morus,bombycis,36.03055306,126.7241664,13-L-1298
수수꽃다리,Syringa,oblata,36.03056736,126.7241768,13-L-1299
자귀나무,Albizia,julibrissin,36.03050926,126.724149,13-L-1300
산딸나무,Cornus,kousa,36.03051854,126.7241267,13-L-1301
함박꽃나무,Magnolia,sieboldii,36.03050858,126.7241203,13-L-1302
산딸나무,Cornus,kousa,36.03052293,126.7241367,13-L-1303
수수꽃다리,Syringa,oblata,36.03051525,126.7241224,13-L-1304
산뽕나무,Morus,bombycis,36.03050312,126.7241167,13-L-1305
수수꽃다리,Syringa,oblata,36.03052881,126.7241243,13-L-1306
수수꽃다리,Syringa,oblata,36.03051071,126.7241233,13-L-1307
쪽동백나무,Styrax,obassia,36.03052674,126.7241087,13-L-1310
쪽동백나무,Styrax,obassia,36.0305275,126.7241124,13-L-1311
수수꽃다리,Syringa,oblata,36.03054447,126.7241133,13-L-1312
수수꽃다리,Syringa,oblata,36.03054937,126.724106,13-L-1313
수수꽃다리,Syringa,oblata,36.03055183,126.7241028,13-L-1314
수수꽃다리,Syringa,oblata,36.03054953,126.7241067,13-L-1315
쪽동백나무,Styrax,obassia,36.03056636,126.724121,13-L-1316
산딸나무,Cornus,kousa,36.03055775,126.7241362,13-L-1317
자귀나무,Albizia,julibrissin,36.03057354,126.7240719,13-L-1318
쪽동백나무,Styrax,obassia,36.03052967,126.7240912,13-L-1319
쪽동백나무,Styrax,obassia,36.03054302,126.7240623,13-L-1320
함박꽃나무,Magnolia,sieboldii,36.0305145,126.7240811,13-L-1321
함박꽃나무,Magnolia,sieboldii,36.03051213,126.7240604,13-L-1322
산딸나무,Cornus,kousa,36.03050103,126.7240777,13-L-1323
산딸나무,Cornus,kousa,36.03051461,126.7240875,13-L-1324
산딸나무,Cornus,kousa,36.03052525,126.7240586,13-L-1325
산딸나무,Cornus,kousa,36.03054926,126.7240143,13-L-1326
팽나무,Celtis,sinensis,36.03053795,126.7240276,13-L-1327
때죽나무,Styrax,japonicus,36.03053413,126.7240296,13-L-1328
자귀나무,Albizia,julibrissin,36.03054989,126.7240301,13-L-1329
상수리나무,Quercus,acutissima,36.03055009,126.7240372,13-L-1330
상수리나무,Quercus,acutissima,36.03055668,126.724034,13-L-1331
상수리나무,Quercus,acutissima,36.03057175,126.7240427,13-L-1332
쪽동백나무,Styrax,obassia,36.0305576,126.7240595,13-L-1333
개서어나무,Carpinus,tschonoskii,36.03062611,126.724081,13-L-1335
산벚나무,Prunus,sargentii,36.03065407,126.7240894,13-L-1336
쪽동백나무,Styrax,obassia,36.03066291,126.7240773,13-L-1339
개서어나무,Carpinus,tschonoskii,36.03066403,126.7240601,13-L-1340
자귀나무,Albizia,julibrissin,36.03064212,126.7240647,13-L-1344
갈참나무,Quercus,aliena,36.03064735,126.7240379,13-L-1347
당단풍나무,Acer,pseudosieboldianum,36.03063645,126.724044,13-L-1349
당단풍나무,Acer,pseudosieboldianum,36.03061624,126.7240413,13-L-1350
당단풍나무,Acer,pseudosieboldianum,36.03062077,126.7240188,13-L-1351
노각나무,Stewartia,koreana,36.03066188,126.7240264,13-L-1353
상수리나무,Quercus,acutissima,36.03067231,126.7240064,13-L-1354
자귀나무,Albizia,julibrissin,36.03068311,126.7240412,13-L-1355
자귀나무,Albizia,julibrissin,36.03070891,126.7240501,13-L-1357
산뽕나무,Morus,bombycis,36.03070407,126.7240478,13-L-1358
자귀나무,Albizia,julibrissin,36.0306915,126.7240187,13-L-1362
노각나무,Stewartia,koreana,36.03067795,126.7240001,13-L-1364
쪽동백나무,Styrax,obassia,36.03075559,126.7240188,13-L-1383
비목나무,Lindera,erythrocarpa,36.0307596,126.7239951,13-L-1397
쪽동백나무,Styrax,obassia,36.03077202,126.723972,13-L-1401
쪽동백나무,Styrax,obassia,36.03078329,126.723961,13-L-1404
쪽동백나무,Styrax,obassia,36.03076161,126.7239403,13-L-1406
상수리나무,Quercus,acutissima,36.03075915,126.7239352,13-L-1407
상수리나무,Quercus,acutissima,36.03074952,126.7239293,13-L-1410
당단풍나무,Acer,pseudosieboldianum,36.03074705,126.7239288,13-L-1411
당단풍나무,Acer,pseudosieboldianum,36.03076062,126.7238918,13-L-1413
당단풍나무,Acer,pseudosieboldianum,36.0307564,126.7238729,13-L-1414
개서어나무,Carpinus,tschonoskii,36.03074924,126.7238558,13-L-1415
노각나무,Stewartia,koreana,36.03074372,126.7238343,13-L-1416
당단풍나무,Acer,pseudosieboldianum,36.03073852,126.7238456,13-L-1417
노각나무,Stewartia,koreana,36.03069915,126.723844,13-L-1418
상수리나무,Quercus,acutissima,36.03073632,126.7238839,13-L-1419
자귀나무,Albizia,julibrissin,36.03071698,126.7239186,13-L-1422
갈참나무,Quercus,aliena,36.03071729,126.7239767,13-L-1425
자귀나무,Albizia,julibrissin,36.03071075,126.723978,13-L-1426
개서어나무,Carpinus,tschonoskii,36.03068687,126.7239719,13-L-1434
당단풍나무,Acer,pseudosieboldianum,36.03068445,126.7239494,13-L-1435
느티나무,Zelkova,serrata,36.02980952,126.7214583,13-L-1436
덜꿩나무,Viburnum,erosum,36.02982582,126.7214246,13-L-1437
느티나무,Zelkova,serrata,36.02983795,126.721424,13-L-1438
덜꿩나무,Viburnum,erosum,36.02984529,126.7214045,13-L-1439
느티나무,Zelkova,serrata,36.02987281,126.7214009,13-L-1440
느티나무,Zelkova,serrata,36.02990935,126.7213895,13-L-1441
느티나무,Zelkova,serrata,36.02993516,126.7213864,13-L-1442
느티나무,Zelkova,serrata,36.02994814,126.721403,13-L-1443
느티나무,Zelkova,serrata,36.02999514,126.7214143,13-L-1444
상수리나무,Quercus,acutissima,36.03000615,126.7214201,13-L-1445
느티나무,Zelkova,serrata,36.02998334,126.7214201,13-L-1446
느티나무,Zelkova,serrata,36.02996539,126.7214393,13-L-1447
느티나무,Zelkova,serrata,36.02993194,126.7214572,13-L-1448
느티나무,Zelkova,serrata,36.02989688,126.7214436,13-L-1449
상수리나무,Quercus,acutissima,36.02989369,126.7214611,13-L-1450
쥐똥나무,Ligustrum,obtusifolium,36.0299063,126.7214813,13-L-1452
느티나무,Zelkova,serrata,36.0298838,126.7214718,13-L-1453
느티나무,Zelkova,serrata,36.02986189,126.7214396,13-L-1454
느티나무,Zelkova,serrata,36.02985018,126.7214793,13-L-1455
느티나무,Zelkova,serrata,36.02982586,126.7214924,13-L-1456
상수리나무,Quercus,acutissima,36.02981296,126.7214831,13-L-1457
쥐똥나무,Ligustrum,obtusifolium,36.02981108,126.7214865,13-L-1461
비목나무,Lindera,erythrocarpa,36.02982433,126.7215061,13-L-1462
쥐똥나무,Ligustrum,obtusifolium,36.02976288,126.7215152,13-L-1465
쥐똥나무,Ligustrum,obtusifolium,36.0297779,126.7215234,13-L-1466
쪽동백나무,Styrax,obassia,36.02978346,126.7215426,13-L-1467
쥐똥나무,Ligustrum,obtusifolium,36.02978168,126.7215703,13-L-1469
쥐똥나무,Ligustrum,obtusifolium,36.02979692,126.7215696,13-L-1470
느티나무,Zelkova,serrata,36.02980099,126.7215724,13-L-1471
비목나무,Lindera,erythrocarpa,36.02979375,126.7215924,13-L-1472
비목나무,Lindera,erythrocarpa,36.02979272,126.7215931,13-L-1473
느티나무,Zelkova,serrata,36.02979187,126.7216029,13-L-1474
느티나무,Zelkova,serrata,36.02979648,126.7216165,13-L-1476
쪽동백나무,Styrax,obassia,36.02981005,126.7216073,13-L-1477
상수리나무,Quercus,acutissima,36.02980661,126.7216034,13-L-1478
느티나무,Zelkova,serrata,36.02987611,126.7215814,13-L-1479
상수리나무,Quercus,acutissima,36.02987233,126.7215643,13-L-1480
상수리나무,Quercus,acutissima,36.0298717,126.7215638,13-L-1481
상수리나무,Quercus,acutissima,36.02985824,126.7215704,13-L-1482
상수리나무,Quercus,acutissima,36.02986363,126.7215617,13-L-1483
고로쇠나무,Acer,pictum,36.02986403,126.7215522,13-L-1484
상수리나무,Quercus,acutissima,36.02983996,126.7215315,13-L-1485
상수리나무,Quercus,acutissima,36.02984598,126.7215348,13-L-1486
느티나무,Zelkova,serrata,36.02985182,126.721503,13-L-1487
느티나무,Zelkova,serrata,36.02987332,126.721502,13-L-1488
느티나무,Zelkova,serrata,36.02987815,126.721537,13-L-1489
쥐똥나무,Ligustrum,obtusifolium,36.02988712,126.7215301,13-L-1490
느티나무,Zelkova,serrata,36.02989426,126.7215507,13-L-1491
상수리나무,Quercus,acutissima,36.02989442,126.7215608,13-L-1492
상수리나무,Quercus,acutissima,36.02989254,126.7215752,13-L-1493
상수리나무,Quercus,acutissima,36.02989198,126.7215778,13-L-1494
쥐똥나무,Ligustrum,obtusifolium,36.02989939,126.7215808,13-L-1495
느티나무,Zelkova,serrata,36.02991715,126.7215909,13-L-1496
느티나무,Zelkova,serrata,36.0299332,126.721542,13-L-1497
느티나무,Zelkova,serrata,36.02993846,126.7215065,13-L-1498
상수리나무,Quercus,acutissima,36.02993294,126.7214988,13-L-1499
느티나무,Zelkova,serrata,36.02990206,126.7215084,13-L-1500
곰솔,Pinus,thunbergii,36.02993495,126.7214845,13-L-1501
상수리나무,Quercus,acutissima,36.02994534,126.7214891,13-L-1502
쥐똥나무,Ligustrum,obtusifolium,36.0299459,126.7214794,13-L-1503
상수리나무,Quercus,acutissima,36.02994601,126.7214755,13-L-1504
느티나무,Zelkova,serrata,36.0299603,126.7214736,13-L-1505
때죽나무,Styrax,japonicus,36.02996977,126.7214635,13-L-1507
상수리나무,Quercus,acutissima,36.02997779,126.7214453,13-L-1509
쥐똥나무,Ligustrum,obtusifolium,36.02998738,126.7214412,13-L-1510
느티나무,Zelkova,serrata,36.03000112,126.7214475,13-L-1511
느티나무,Zelkova,serrata,36.03001568,126.7214163,13-L-1512
느티나무,Zelkova,serrata,36.03004714,126.7214441,13-L-1513
상수리나무,Quercus,acutissima,36.03005612,126.7214531,13-L-1514
느티나무,Zelkova,serrata,36.03003339,126.7214499,13-L-1516
느티나무,Zelkova,serrata,36.03000528,126.7214564,13-L-1519
상수리나무,Quercus,acutissima,36.03001398,126.7214734,13-L-1525
느티나무,Zelkova,serrata,36.03003416,126.7214702,13-L-1526
곰솔,Pinus,thunbergii,36.03003823,126.7214884,13-L-1527
느티나무,Zelkova,serrata,36.03003945,126.7215167,13-L-1528
상수리나무,Quercus,acutissima,36.03001155,126.721499,13-L-1529
느티나무,Zelkova,serrata,36.02999583,126.7215153,13-L-1530
상수리나무,Quercus,acutissima,36.03000111,126.7215196,13-L-1531
상수리나무,Quercus,acutissima,36.03000101,126.7215209,13-L-1532
느티나무,Zelkova,serrata,36.02997786,126.7214982,13-L-1533
고로쇠나무,Acer,pictum,36.02996589,126.7215112,13-L-1534
상수리나무,Quercus,acutissima,36.02997533,126.7215435,13-L-1535
느티나무,Zelkova,serrata,36.02999131,126.7215724,13-L-1536
쥐똥나무,Ligustrum,obtusifolium,36.0300324,126.7215667,13-L-1539
느티나무,Zelkova,serrata,36.03003424,126.7215469,13-L-1540
상수리나무,Quercus,acutissima,36.03002271,126.7215512,13-L-1541
상수리나무,Quercus,acutissima,36.03002001,126.7215546,13-L-1542
상수리나무,Quercus,acutissima,36.03001937,126.7215511,13-L-1543
곰솔,Pinus,thunbergii,36.03002158,126.7215497,13-L-1544
곰솔,Pinus,thunbergii,36.03001063,126.721555,13-L-1545
곰솔,Pinus,thunbergii,36.03000089,126.7215427,13-L-1546
쥐똥나무,Ligustrum,obtusifolium,36.030007,126.7215323,13-L-1547
느티나무,Zelkova,serrata,36.03001462,126.7215263,13-L-1548
느티나무,Zelkova,serrata,36.03006124,126.7214742,13-L-1549
느티나무,Zelkova,serrata,36.0300752,126.7214793,13-L-1550
느티나무,Zelkova,serrata,36.03007539,126.7214911,13-L-1551
상수리나무,Quercus,acutissima,36.03005097,126.7215229,13-L-1556
느티나무,Zelkova,serrata,36.03004952,126.7215351,13-L-1557
느티나무,Zelkova,serrata,36.03009008,126.7215315,13-L-1559
느티나무,Zelkova,serrata,36.03011931,126.7215414,13-L-1560
상수리나무,Quercus,acutissima,36.03011216,126.721544,13-L-1561
상수리나무,Quercus,acutissima,36.03010808,126.7215506,13-L-1562
팥배나무,Sorbus,alnifolia,36.03013718,126.7215481,13-L-1563
느티나무,Zelkova,serrata,36.03012772,126.7215671,13-L-1564
느티나무,Zelkova,serrata,36.03009531,126.7215854,13-L-1565
느티나무,Zelkova,serrata,36.03006009,126.7215895,13-L-1566
상수리나무,Quercus,acutissima,36.0300596,126.7215855,13-L-1567
상수리나무,Quercus,acutissima,36.03005824,126.7215873,13-L-1568
곰솔,Pinus,thunbergii,36.03000971,126.7215961,13-L-1569
느티나무,Zelkova,serrata,36.03001126,126.7215991,13-L-1570
상수리나무,Quercus,acutissima,36.03001636,126.721603,13-L-1571
상수리나무,Quercus,acutissima,36.03001953,126.7216141,13-L-1572
쥐똥나무,Ligustrum,obtusifolium,36.03000449,126.7216184,13-L-1573
느티나무,Zelkova,serrata,36.02998689,126.7216168,13-L-1574
느티나무,Zelkova,serrata,36.02998375,126.7215955,13-L-1575
쥐똥나무,Ligustrum,obtusifolium,36.02996833,126.7216177,13-L-1576
느티나무,Zelkova,serrata,36.02995046,126.721571,13-L-1577
느티나무,Zelkova,serrata,36.02993484,126.7216081,13-L-1578
쥐똥나무,Ligustrum,obtusifolium,36.02992887,126.7216262,13-L-1583
고로쇠나무,Acer,pictum,36.0298965,126.721646,13-L-1584
쥐똥나무,Ligustrum,obtusifolium,36.02990829,126.7215963,13-L-1585
상수리나무,Quercus,acutissima,36.02989955,126.7215897,13-L-1586
느티나무,Zelkova,serrata,36.02989191,126.7215941,13-L-1587
곰솔,Pinus,thunbergii,36.02988353,126.7215972,13-L-1588
상수리나무,Quercus,acutissima,36.02987067,126.7215931,13-L-1589
쥐똥나무,Ligustrum,obtusifolium,36.02986707,126.7216015,13-L-1590
쥐똥나무,Ligustrum,obtusifolium,36.02987238,126.7216175,13-L-1591
고로쇠나무,Acer,pictum,36.0298731,126.7216179,13-L-1592
때죽나무,Styrax,japonicus,36.02988174,126.7216244,13-L-1593
때죽나무,Styrax,japonicus,36.02988267,126.7216216,13-L-1594
물푸레나무,Fraxinus,rhynchophylla,36.02984046,126.7216409,13-L-1595
느티나무,Zelkova,serrata,36.02982815,126.7216388,13-L-1598
비목나무,Lindera,erythrocarpa,36.02982139,126.7216172,13-L-1599
덜꿩나무,Viburnum,erosum,36.02979982,126.721617,13-L-1600
쥐똥나무,Ligustrum,obtusifolium,36.02979988,126.7216462,13-L-1601
쪽동백나무,Styrax,obassia,36.02980707,126.7216463,13-L-1602
쥐똥나무,Ligustrum,obtusifolium,36.02981428,126.7216621,13-L-1603
덜꿩나무,Viburnum,erosum,36.02980677,126.7216821,13-L-1604
쥐똥나무,Ligustrum,obtusifolium,36.02980879,126.7216999,13-L-1605
느티나무,Zelkova,serrata,36.02984793,126.7217341,13-L-1606
산딸나무,Cornus,kousa,36.02984351,126.7217129,13-L-1607
느티나무,Zelkova,serrata,36.0298606,126.7217179,13-L-1609
곰솔,Pinus,thunbergii,36.02988143,126.7216942,13-L-1610
붉나무,Rhus,javanica,36.02989384,126.7217121,13-L-1611
느티나무,Zelkova,serrata,36.02989993,126.721726,13-L-1613
붉나무,Rhus,javanica,36.0299091,126.7217246,13-L-1614
붉나무,Rhus,javanica,36.02991315,126.721733,13-L-1615
붉나무,Rhus,javanica,36.02991295,126.7217271,13-L-1616
붉나무,Rhus,javanica,36.02992232,126.7217355,13-L-1617
붉나무,Rhus,javanica,36.02991961,126.7217207,13-L-1618
붉나무,Rhus,javanica,36.0299219,126.7217199,13-L-1619
붉나무,Rhus,javanica,36.02993865,126.7217425,13-L-1620
붉나무,Rhus,javanica,36.02994686,126.721727,13-L-1623
붉나무,Rhus,javanica,36.02994928,126.7217173,13-L-1624
곰솔,Pinus,thunbergii,36.029947,126.7217365,13-L-1625
곰솔,Pinus,thunbergii,36.02994971,126.7217193,13-L-1626
붉나무,Rhus,javanica,36.02995649,126.7217153,13-L-1627
붉나무,Rhus,javanica,36.02994786,126.7217134,13-L-1628
붉나무,Rhus,javanica,36.02995692,126.7217043,13-L-1629
붉나무,Rhus,javanica,36.02994355,126.7216977,13-L-1630
붉나무,Rhus,javanica,36.02993703,126.7217022,13-L-1632
상수리나무,Quercus,acutissima,36.02992383,126.7216889,13-L-1634
고로쇠나무,Acer,pictum,36.02993586,126.7216727,13-L-1636
쥐똥나무,Ligustrum,obtusifolium,36.02994597,126.7216787,13-L-1637
느티나무,Zelkova,serrata,36.02996176,126.7217029,13-L-1638
느티나무,Zelkova,serrata,36.02997003,126.7216667,13-L-1639
때죽나무,Styrax,japonicus,36.02998513,126.7216425,13-L-1640
느티나무,Zelkova,serrata,36.02999801,126.7216663,13-L-1641
느티나무,Zelkova,serrata,36.02998681,126.7216934,13-L-1642
느티나무,Zelkova,serrata,36.02997731,126.7217297,13-L-1643
쥐똥나무,Ligustrum,obtusifolium,36.02997996,126.7217409,13-L-1644
쥐똥나무,Ligustrum,obtusifolium,36.02999146,126.7217191,13-L-1646
쥐똥나무,Ligustrum,obtusifolium,36.0300046,126.7217172,13-L-1647
곰솔,Pinus,thunbergii,36.03001151,126.7217307,13-L-1648
붉나무,Rhus,javanica,36.03002506,126.721727,13-L-1650
쥐똥나무,Ligustrum,obtusifolium,36.0300364,126.721708,13-L-1653
상수리나무,Quercus,acutissima,36.03003282,126.7216811,13-L-1655
쥐똥나무,Ligustrum,obtusifolium,36.03000176,126.7216563,13-L-1656
쥐똥나무,Ligustrum,obtusifolium,36.03001831,126.7216486,13-L-1657
쥐똥나무,Ligustrum,obtusifolium,36.03002541,126.7216666,13-L-1658
곰솔,Pinus,thunbergii,36.0300238,126.721668,13-L-1659
상수리나무,Quercus,acutissima,36.03003628,126.7216571,13-L-1660
고로쇠나무,Acer,pictum,36.03004005,126.7216414,13-L-1661
고로쇠나무,Acer,pictum,36.03007026,126.7216617,13-L-1662
상수리나무,Quercus,acutissima,36.03007295,126.7216647,13-L-1664
느티나무,Zelkova,serrata,36.03007655,126.7216194,13-L-1665
상수리나무,Quercus,acutissima,36.03006629,126.7216188,13-L-1666
곰솔,Pinus,thunbergii,36.0300682,126.721616,13-L-1667
느티나무,Zelkova,serrata,36.03010452,126.7216417,13-L-1668
쥐똥나무,Ligustrum,obtusifolium,36.03010421,126.7216388,13-L-1669
쥐똥나무,Ligustrum,obtusifolium,36.03012256,126.7216328,13-L-1670
느티나무,Zelkova,serrata,36.0301312,126.7216099,13-L-1671
쥐똥나무,Ligustrum,obtusifolium,36.03013794,126.7215826,13-L-1672
때죽나무,Styrax,japonicus,36.03014738,126.7215938,13-L-1673
때죽나무,Styrax,japonicus,36.03015191,126.7216099,13-L-1675
느티나무,Zelkova,serrata,36.03016229,126.7215724,13-L-1676
팥배나무,Sorbus,alnifolia,36.03016514,126.7215575,13-L-1677
팥배나무,Sorbus,alnifolia,36.03017568,126.7215923,13-L-1678
팥배나무,Sorbus,alnifolia,36.03019232,126.7215907,13-L-1679
팥배나무,Sorbus,alnifolia,36.03020075,126.721611,13-L-1680
느티나무,Zelkova,serrata,36.0301696,126.7216272,13-L-1681
느티나무,Zelkova,serrata,36.0301421,126.7216414,13-L-1682
고로쇠나무,Acer,pictum,36.03012623,126.7216721,13-L-1683
느티나무,Zelkova,serrata,36.03010885,126.7216696,13-L-1684
상수리나무,Quercus,acutissima,36.03010531,126.7216734,13-L-1688
상수리나무,Quercus,acutissima,36.03008663,126.7216809,13-L-1689
상수리나무,Quercus,acutissima,36.03010098,126.7216938,13-L-1690
느티나무,Zelkova,serrata,36.03006483,126.721728,13-L-1691
곰솔,Pinus,thunbergii,36.0300509,126.7217273,13-L-1692
쥐똥나무,Ligustrum,obtusifolium,36.03005947,126.7217395,13-L-1694
상수리나무,Quercus,acutissima,36.03003862,126.721729,13-L-1695
고로쇠나무,Acer,pictum,36.03000453,126.7217613,13-L-1696
쥐똥나무,Ligustrum,obtusifolium,36.02993086,126.7217804,13-L-1697
곰솔,Pinus,thunbergii,36.0299155,126.7217717,13-L-1698
느티나무,Zelkova,serrata,36.0298988,126.7217822,13-L-1699
느티나무,Zelkova,serrata,36.02986607,126.721779,13-L-1700
쥐똥나무,Ligustrum,obtusifolium,36.02984,126.7217745,13-L-1701
덜꿩나무,Viburnum,erosum,36.02982419,126.7218062,13-L-1702
쥐똥나무,Ligustrum,obtusifolium,36.0298313,126.7218349,13-L-1706
쥐똥나무,Ligustrum,obtusifolium,36.02984412,126.7218281,13-L-1707
느티나무,Zelkova,serrata,36.02984513,126.721809,13-L-1708
고로쇠나무,Acer,pictum,36.02986638,126.7218203,13-L-1709
느티나무,Zelkova,serrata,36.02988135,126.7218165,13-L-1710
느티나무,Zelkova,serrata,36.02991763,126.7217997,13-L-1711
느티나무,Zelkova,serrata,36.02994912,126.7218111,13-L-1712
느티나무,Zelkova,serrata,36.03001124,126.7217996,13-L-1713
느티나무,Zelkova,serrata,36.03004707,126.7218057,13-L-1714
고로쇠나무,Acer,pictum,36.03007091,126.7217758,13-L-1715
느티나무,Zelkova,serrata,36.03008483,126.7217573,13-L-1716
느티나무,Zelkova,serrata,36.0301018,126.7217543,13-L-1717
상수리나무,Quercus,acutissima,36.03012145,126.7217292,13-L-1718
상수리나무,Quercus,acutissima,36.03012078,126.7217293,13-L-1719
상수리나무,Quercus,acutissima,36.0301156,126.7217353,13-L-1720
느티나무,Zelkova,serrata,36.03011371,126.7217281,13-L-1721
쥐똥나무,Ligustrum,obtusifolium,36.03013083,126.7217215,13-L-1722
느티나무,Zelkova,serrata,36.03013806,126.7217087,13-L-1723
상수리나무,Quercus,acutissima,36.03015141,126.7217161,13-L-1724
때죽나무,Styrax,japonicus,36.03016857,126.7216682,13-L-1725
느티나무,Zelkova,serrata,36.03017776,126.7216831,13-L-1726
상수리나무,Quercus,acutissima,36.03017899,126.7216819,13-L-1727
상수리나무,Quercus,acutissima,36.03018797,126.7216561,13-L-1729
상수리나무,Quercus,acutissima,36.0301896,126.7216396,13-L-1737
상수리나무,Quercus,acutissima,36.03019703,126.7216424,13-L-1738
느티나무,Zelkova,serrata,36.03019555,126.7216307,13-L-1739
팥배나무,Sorbus,alnifolia,36.03021874,126.7216224,13-L-1740
팥배나무,Sorbus,alnifolia,36.03025025,126.7216578,13-L-1741
상수리나무,Quercus,acutissima,36.03023392,126.721651,13-L-1742
상수리나무,Quercus,acutissima,36.03022086,126.7216733,13-L-1743
느티나무,Zelkova,serrata,36.03021716,126.7216785,13-L-1744
쥐똥나무,Ligustrum,obtusifolium,36.03018581,126.721688,13-L-1745
상수리나무,Quercus,acutissima,36.03021511,126.7217054,13-L-1746
상수리나무,Quercus,acutissima,36.03022056,126.7217092,13-L-1747
느티나무,Zelkova,serrata,36.03020636,126.7217105,13-L-1751
상수리나무,Quercus,acutissima,36.03020688,126.721711,13-L-1752
붉나무,Rhus,javanica,36.03020906,126.7217267,13-L-1754
느티나무,Zelkova,serrata,36.03019556,126.721759,13-L-1755
느티나무,Zelkova,serrata,36.03017103,126.7217461,13-L-1756
상수리나무,Quercus,acutissima,36.03014387,126.721755,13-L-1757
상수리나무,Quercus,acutissima,36.03014702,126.721765,13-L-1758
쥐똥나무,Ligustrum,obtusifolium,36.0301418,126.7217635,13-L-1759
상수리나무,Quercus,acutissima,36.03014084,126.7217748,13-L-1760
상수리나무,Quercus,acutissima,36.03015242,126.7217776,13-L-1761
쥐똥나무,Ligustrum,obtusifolium,36.03016812,126.721778,13-L-1762
쥐똥나무,Ligustrum,obtusifolium,36.03017045,126.7217757,13-L-1763
쥐똥나무,Ligustrum,obtusifolium,36.03016154,126.7217822,13-L-1764
쥐똥나무,Ligustrum,obtusifolium,36.03013757,126.7217834,13-L-1765
느티나무,Zelkova,serrata,36.03012311,126.7217851,13-L-1766
상수리나무,Quercus,acutissima,36.03012411,126.7217949,13-L-1767
쥐똥나무,Ligustrum,obtusifolium,36.03011078,126.7218212,13-L-1768
느티나무,Zelkova,serrata,36.03009502,126.7218087,13-L-1769
때죽나무,Styrax,japonicus,36.03007265,126.7218029,13-L-1770
쥐똥나무,Ligustrum,obtusifolium,36.03003598,126.7218379,13-L-1773
느티나무,Zelkova,serrata,36.03003916,126.7218457,13-L-1774
느티나무,Zelkova,serrata,36.02999417,126.7218259,13-L-1775
느티나무,Zelkova,serrata,36.02991866,126.7218396,13-L-1776
느티나무,Zelkova,serrata,36.02988172,126.721869,13-L-1777
느티나무,Zelkova,serrata,36.029853,126.7218494,13-L-1778
쥐똥나무,Ligustrum,obtusifolium,36.02984154,126.7218505,13-L-1779
때죽나무,Styrax,japonicus,36.02985164,126.7218644,13-L-1780
쥐똥나무,Ligustrum,obtusifolium,36.02983698,126.7218818,13-L-1782
쥐똥나무,Ligustrum,obtusifolium,36.02986228,126.7219136,13-L-1783
산벚나무,Prunus,sargentii,36.0298635,126.7219119,13-L-1784
쥐똥나무,Ligustrum,obtusifolium,36.02990607,126.7218786,13-L-1785
쥐똥나무,Ligustrum,obtusifolium,36.02994386,126.7219027,13-L-1786
물푸레나무,Fraxinus,rhynchophylla,36.02995588,126.7218663,13-L-1787
쥐똥나무,Ligustrum,obtusifolium,36.02996139,126.7218669,13-L-1788
상수리나무,Quercus,acutissima,36.02997613,126.7219086,13-L-1789
고로쇠나무,Acer,pictum,36.02998202,126.7219191,13-L-1790
느티나무,Zelkova,serrata,36.03001669,126.7218767,13-L-1791
쥐똥나무,Ligustrum,obtusifolium,36.03006141,126.7218803,13-L-1792
상수리나무,Quercus,acutissima,36.03007495,126.7218761,13-L-1793
때죽나무,Styrax,japonicus,36.03008501,126.7218953,13-L-1794
쥐똥나무,Ligustrum,obtusifolium,36.03007146,126.7219231,13-L-1795
산벚나무,Prunus,sargentii,36.03007351,126.7219527,13-L-1796
상수리나무,Quercus,acutissima,36.03006573,126.7219743,13-L-1799
붉나무,Rhus,javanica,36.03006462,126.7219896,13-L-1800
쥐똥나무,Ligustrum,obtusifolium,36.03008537,126.721995,13-L-1801
쥐똥나무,Ligustrum,obtusifolium,36.03010013,126.7219792,13-L-1802
고로쇠나무,Acer,pictum,36.03008967,126.7220085,13-L-1803
붉나무,Rhus,javanica,36.03012103,126.7219965,13-L-1804
붉나무,Rhus,javanica,36.03012413,126.7220124,13-L-1805
붉나무,Rhus,javanica,36.03013134,126.7220065,13-L-1807
상수리나무,Quercus,acutissima,36.03013897,126.7219893,13-L-1808
쥐똥나무,Ligustrum,obtusifolium,36.03013108,126.7219731,13-L-1809
때죽나무,Styrax,japonicus,36.03013176,126.7219449,13-L-1810
상수리나무,Quercus,acutissima,36.03016071,126.7219486,13-L-1811
때죽나무,Styrax,japonicus,36.03015496,126.7219608,13-L-1813
쥐똥나무,Ligustrum,obtusifolium,36.03016191,126.7219888,13-L-1814
층층나무,Cornus,controversa,36.03015669,126.7219942,13-L-1815
상수리나무,Quercus,acutissima,36.03018207,126.7219812,13-L-1816
상수리나무,Quercus,acutissima,36.03018135,126.721976,13-L-1817
쥐똥나무,Ligustrum,obtusifolium,36.03017309,126.7219427,13-L-1819
느티나무,Zelkova,serrata,36.03016305,126.7219275,13-L-1820
쥐똥나무,Ligustrum,obtusifolium,36.0301376,126.7219148,13-L-1821
상수리나무,Quercus,acutissima,36.03014408,126.7218993,13-L-1822
쥐똥나무,Ligustrum,obtusifolium,36.03014397,126.7218909,13-L-1823
고로쇠나무,Acer,pictum,36.03015337,126.7218796,13-L-1824
상수리나무,Quercus,acutissima,36.03013238,126.7218803,13-L-1825
느티나무,Zelkova,serrata,36.03012695,126.7219102,13-L-1826
상수리나무,Quercus,acutissima,36.0301112,126.7218911,13-L-1827
쥐똥나무,Ligustrum,obtusifolium,36.0301025,126.7218945,13-L-1828
쥐똥나무,Ligustrum,obtusifolium,36.03010006,126.7218886,13-L-1829
쥐똥나무,Ligustrum,obtusifolium,36.03009904,126.7218737,13-L-1830
물푸레나무,Fraxinus,rhynchophylla,36.030102,126.7218661,13-L-1831
비목나무,Lindera,erythrocarpa,36.03011585,126.7218706,13-L-1835
고로쇠나무,Acer,pictum,36.03009973,126.7218305,13-L-1836
때죽나무,Styrax,japonicus,36.03012948,126.7218254,13-L-1837
느티나무,Zelkova,serrata,36.03015183,126.7218269,13-L-1839
쥐똥나무,Ligustrum,obtusifolium,36.0301596,126.721817,13-L-1840
쥐똥나무,Ligustrum,obtusifolium,36.03016179,126.7218074,13-L-1841
곰솔,Pinus,thunbergii,36.0301671,126.7218011,13-L-1842
느티나무,Zelkova,serrata,36.03018474,126.7217842,13-L-1843
쥐똥나무,Ligustrum,obtusifolium,36.0301832,126.7218178,13-L-1844
쥐똥나무,Ligustrum,obtusifolium,36.03017711,126.7218507,13-L-1845
느티나무,Zelkova,serrata,36.03016421,126.7218621,13-L-1846
쥐똥나무,Ligustrum,obtusifolium,36.03016796,126.7218887,13-L-1847
비목나무,Lindera,erythrocarpa,36.03017377,126.7218936,13-L-1848
느티나무,Zelkova,serrata,36.03019506,126.7219124,13-L-1850
생강나무,Lindera,obtusiloba,36.03018819,126.7219262,13-L-1851
쥐똥나무,Ligustrum,obtusifolium,36.03018728,126.7219676,13-L-1852
층층나무,Cornus,controversa,36.03019514,126.7219953,13-L-1853
쪽동백나무,Styrax,obassia,36.03021842,126.7219851,13-L-1854
비목나무,Lindera,erythrocarpa,36.03019957,126.7219454,13-L-1855
쥐똥나무,Ligustrum,obtusifolium,36.03023503,126.7219255,13-L-1860
쥐똥나무,Ligustrum,obtusifolium,36.03022233,126.7219235,13-L-1861
쥐똥나무,Ligustrum,obtusifolium,36.03023754,126.7219274,13-L-1862
붉나무,Rhus,javanica,36.03022756,126.7219054,13-L-1863
붉나무,Rhus,javanica,36.0302358,126.721894,13-L-1864
느티나무,Zelkova,serrata,36.03023425,126.7218867,13-L-1865
느티나무,Zelkova,serrata,36.03024496,126.7218586,13-L-1866
비목나무,Lindera,erythrocarpa,36.0302655,126.721816,13-L-1867
붉나무,Rhus,javanica,36.03025561,126.7218134,13-L-1873
붉나무,Rhus,javanica,36.03024596,126.7218143,13-L-1874
덜꿩나무,Viburnum,erosum,36.03024591,126.7218105,13-L-1877
붉나무,Rhus,javanica,36.03021372,126.7217795,13-L-1879
붉나무,Rhus,javanica,36.03024765,126.7218267,13-L-1880
붉나무,Rhus,javanica,36.03023409,126.721812,13-L-1881
붉나무,Rhus,javanica,36.03022614,126.7218319,13-L-1885
붉나무,Rhus,javanica,36.03022052,126.7218277,13-L-1886
붉나무,Rhus,javanica,36.03021109,126.7218085,13-L-1887
붉나무,Rhus,javanica,36.03022104,126.7218225,13-L-1888
붉나무,Rhus,javanica,36.03022744,126.7218088,13-L-1889
붉나무,Rhus,javanica,36.03021555,126.7217984,13-L-1890
붉나무,Rhus,javanica,36.03021224,126.7217932,13-L-1891
붉나무,Rhus,javanica,36.03021547,126.7217794,13-L-1892
붉나무,Rhus,javanica,36.03023883,126.7218349,13-L-1895
노린재나무,Symplocos,sawafutagi,36.03021563,126.7218102,13-L-1897
붉나무,Rhus,javanica,36.0302076,126.7218099,13-L-1899
느티나무,Zelkova,serrata,36.03025894,126.7218728,13-L-1902
쥐똥나무,Ligustrum,obtusifolium,36.03020028,126.7218616,13-L-1903
고로쇠나무,Acer,pictum,36.03023088,126.7217282,13-L-1904
느티나무,Zelkova,serrata,36.03025586,126.7217287,13-L-1905
팥배나무,Sorbus,alnifolia,36.03025763,126.7217059,13-L-1906
팥배나무,Sorbus,alnifolia,36.03025488,126.7216795,13-L-1907
팥배나무,Sorbus,alnifolia,36.03027066,126.7216896,13-L-1908
팥배나무,Sorbus,alnifolia,36.03027647,126.7217072,13-L-1909
느티나무,Zelkova,serrata,36.03026573,126.7217321,13-L-1910
느티나무,Zelkova,serrata,36.03025784,126.7217501,13-L-1912
노린재나무,Symplocos,sawafutagi,36.03025965,126.7217678,13-L-1914
쥐똥나무,Ligustrum,obtusifolium,36.03025904,126.7217792,13-L-1916
느티나무,Zelkova,serrata,36.03028972,126.7217701,13-L-1917
층층나무,Cornus,controversa,36.03029625,126.721802,13-L-1918
때죽나무,Styrax,japonicus,36.03030505,126.7218247,13-L-1919
층층나무,Cornus,controversa,36.03030623,126.7218064,13-L-1920
층층나무,Cornus,controversa,36.03031946,126.7217681,13-L-1922
팥배나무,Sorbus,alnifolia,36.03030185,126.7217434,13-L-1924
팥배나무,Sorbus,alnifolia,36.0302941,126.7217166,13-L-1925
분비나무,Abies,nephrolepis,36.03982167,126.7173319,14-L-0001
분비나무,Abies,nephrolepis,36.03981561,126.7173252,14-L-0002
분비나무,Abies,nephrolepis,36.03980774,126.7173215,14-L-0003
주목,Taxus,cuspidata,36.03983366,126.7171611,14-L-0004
주목,Taxus,cuspidata,36.03983241,126.7171436,14-L-0005
주목,Taxus,cuspidata,36.03985467,126.7171011,14-L-0006
자작나무,Betula,pendula,36.03996207,126.7171461,14-L-0007
자작나무,Betula,pendula,36.0399591,126.7171688,14-L-0008
자작나무,Betula,pendula,36.03996487,126.717181,14-L-0009
자작나무,Betula,pendula,36.03997698,126.7171884,14-L-0010
자작나무,Betula,pendula,36.0399771,126.7172409,14-L-0011
자작나무,Betula,pendula,36.03999644,126.7172386,14-L-0012
뜰보리수,Elaeagnus,multiflora,36.03980895,126.717064,14-L-0013
뜰보리수,Elaeagnus,multiflora,36.03979417,126.7170767,14-L-0014
뜰보리수,Elaeagnus,multiflora,36.03977729,126.7170969,14-L-0015
말오줌때,Euscaphis,japonica,36.03979256,126.7170362,14-L-0016
물들메나무,Fraxinus,chiisanensis,36.03977376,126.7170102,14-L-0017
뜰보리수,Elaeagnus,multiflora,36.03975086,126.7170393,14-L-0018
뜰보리수,Elaeagnus,multiflora,36.03973762,126.7170654,14-L-0019
주목,Taxus,cuspidata,36.03969709,126.7170506,14-L-0020
주목,Taxus,cuspidata,36.03968188,126.7170075,14-L-0021
뜰보리수,Elaeagnus,multiflora,36.03970474,126.7169647,14-L-0022
물들메나무,Fraxinus,chiisanensis,36.03972525,126.7169445,14-L-0023
주목,Taxus,cuspidata,36.03971798,126.71694,14-L-0024
쇠물푸레,Fraxinus,sieboldiana,36.03969834,126.7169401,14-L-0025
뜰보리수,Elaeagnus,multiflora,36.0396717,126.7169209,14-L-0026
뜰보리수,Elaeagnus,multiflora,36.03967838,126.7169357,14-L-0027
뜰보리수,Elaeagnus,multiflora,36.0396605,126.7169157,14-L-0028
뜰보리수,Elaeagnus,multiflora,36.03964358,126.7169172,14-L-0029
뜰보리수,Elaeagnus,multiflora,36.03965291,126.7169005,14-L-0030
뜰보리수,Elaeagnus,multiflora,36.03963386,126.7168961,14-L-0031
쇠물푸레,Fraxinus,sieboldiana,36.03962138,126.7168604,14-L-0032
쇠물푸레,Fraxinus,sieboldiana,36.03961979,126.7168243,14-L-0033
쇠물푸레,Fraxinus,sieboldiana,36.03961731,126.7167994,14-L-0034
마가목,Sorbus,commixta,36.0396877,126.7167354,14-L-0035
마가목,Sorbus,commixta,36.03970961,126.7166714,14-L-0036
주목,Taxus,cuspidata,36.03971631,126.7166156,14-L-0037
주목,Taxus,cuspidata,36.03975445,126.7166396,14-L-0038
마가목,Sorbus,commixta,36.039757,126.7166954,14-L-0039
자작나무,Betula,pendula,36.03977132,126.716746,14-L-0040
마가목,Sorbus,commixta,36.03978324,126.7168006,14-L-0041
주목,Taxus,cuspidata,36.03977337,126.7168427,14-L-0042
주목,Taxus,cuspidata,36.03975915,126.7168376,14-L-0043
주목,Taxus,cuspidata,36.03977421,126.7168178,14-L-0044
자작나무,Betula,pendula,36.03981431,126.7166472,14-L-0045
구상나무,Abies,koreana,36.03981433,126.716658,14-L-0046
구상나무,Abies,koreana,36.03982673,126.716658,14-L-0047
구상나무,Abies,koreana,36.03982253,126.716674,14-L-0048
자작나무,Betula,pendula,36.03982075,126.7166885,14-L-0049
자작나무,Betula,pendula,36.03984013,126.7167033,14-L-0050
주목,Taxus,cuspidata,36.03985078,126.7167342,14-L-0051
주목,Taxus,cuspidata,36.03986958,126.7167575,14-L-0052
주목,Taxus,cuspidata,36.0398774,126.7167419,14-L-0053
주목,Taxus,cuspidata,36.03991929,126.7166926,14-L-0054
주목,Taxus,cuspidata,36.03992165,126.716668,14-L-0055
주목,Taxus,cuspidata,36.03993497,126.7166769,14-L-0056
자작나무,Betula,pendula,36.03986254,126.7167207,14-L-0057
자작나무,Betula,pendula,36.03986016,126.7166106,14-L-0058
자작나무,Betula,pendula,36.03986376,126.7165979,14-L-0059
자작나무,Betula,pendula,36.03987558,126.7166128,14-L-0060
자작나무,Betula,pendula,36.03988736,126.716609,14-L-0061
자작나무,Betula,pendula,36.03988467,126.7166239,14-L-0062
자작나무,Betula,pendula,36.03989195,126.7166339,14-L-0063
주목,Taxus,cuspidata,36.03994188,126.716531,14-L-0064
주목,Taxus,cuspidata,36.03992473,126.7165657,14-L-0065
주목,Taxus,cuspidata,36.03992682,126.7165545,14-L-0066
주목,Taxus,cuspidata,36.03992105,126.7165434,14-L-0067
주목,Taxus,cuspidata,36.03991806,126.716556,14-L-0068
주목,Taxus,cuspidata,36.03991471,126.7165434,14-L-0069
주목,Taxus,cuspidata,36.03990869,126.7165568,14-L-0070
주목,Taxus,cuspidata,36.03990715,126.7165449,14-L-0071
주목,Taxus,cuspidata,36.03989658,126.7165472,14-L-0072
주목,Taxus,cuspidata,36.03988965,126.7165554,14-L-0073
자작나무,Betula,pendula,36.03983952,126.7165723,14-L-0074
자작나무,Betula,pendula,36.03982261,126.7165791,14-L-0075
자작나무,Betula,pendula,36.0398311,126.716591,14-L-0076
잣나무,Pinus,koraiensis,36.04000476,126.7165375,14-L-0077
마가목,Sorbus,commixta,36.04001177,126.7165635,14-L-0078
잣나무,Pinus,koraiensis,36.04002211,126.7165903,14-L-0079
자작나무,Betula,pendula,36.04003267,126.7165821,14-L-0080
잣나무,Pinus,koraiensis,36.0400312,126.7166018,14-L-0081
마가목,Sorbus,commixta,36.0400596,126.7165976,14-L-0082
잣나무,Pinus,koraiensis,36.04005227,126.7165637,14-L-0083
마가목,Sorbus,commixta,36.04008352,126.7166157,14-L-0084
잣나무,Pinus,koraiensis,36.0400855,126.7165558,14-L-0085
잣나무,Pinus,koraiensis,36.04010944,126.7165836,14-L-0086
마가목,Sorbus,commixta,36.0401233,126.7165672,14-L-0087
마가목,Sorbus,commixta,36.0401264,126.7165973,14-L-0088
마가목,Sorbus,commixta,36.04015327,126.7165879,14-L-0089
마가목,Sorbus,commixta,36.04007725,126.7166466,14-L-0090
마가목,Sorbus,commixta,36.04009963,126.7166521,14-L-0091
마가목,Sorbus,commixta,36.04016045,126.716685,14-L-0092
마가목,Sorbus,commixta,36.04017888,126.7166801,14-L-0093
마가목,Sorbus,commixta,36.0401967,126.7166775,14-L-0094
마가목,Sorbus,commixta,36.04020271,126.7166611,14-L-0095
잣나무,Pinus,koraiensis,36.0402028,126.7167009,14-L-0096
잣나무,Pinus,koraiensis,36.04018831,126.7167054,14-L-0097
주목,Taxus,cuspidata,36.04027253,126.7166631,14-L-0098
주목,Taxus,cuspidata,36.04025716,126.7166832,14-L-0099
자작나무,Betula,pendula,36.04025285,126.7167378,14-L-0100
갈참나무,Quercus,aliena,36.04024635,126.7167621,14-L-0101
자작나무,Betula,pendula,36.0402771,126.7168212,14-L-0102
갈참나무,Quercus,aliena,36.04028328,126.7168449,14-L-0103
갈참나무,Quercus,aliena,36.04030437,126.7168857,14-L-0104
갈참나무,Quercus,aliena,36.04032532,126.7168684,14-L-0105
갈참나무,Quercus,aliena,36.04032482,126.716842,14-L-0106
자작나무,Betula,pendula,36.04034533,126.716821,14-L-0107
자작나무,Betula,pendula,36.04034539,126.7168474,14-L-0108
갈참나무,Quercus,aliena,36.04037031,126.7168435,14-L-0109
갈참나무,Quercus,aliena,36.04038563,126.7168494,14-L-0110
주목,Taxus,cuspidata,36.04036644,126.7168721,14-L-0111
자작나무,Betula,pendula,36.04038246,126.7168047,14-L-0112
자작나무,Betula,pendula,36.0403667,126.7167999,14-L-0113
주목,Taxus,cuspidata,36.04033464,126.7167424,14-L-0114
주목,Taxus,cuspidata,36.04033864,126.7167677,14-L-0115
자작나무,Betula,pendula,36.04031757,126.716736,14-L-0116
갈참나무,Quercus,aliena,36.04030188,126.7167603,14-L-0117
갈참나무,Quercus,aliena,36.0403129,126.7167963,14-L-0118
신나무,Acer,tataricum,36.04029556,126.7169528,14-L-0119
주목,Taxus,cuspidata,36.04033097,126.716946,14-L-0120
주목,Taxus,cuspidata,36.04034216,126.7169634,14-L-0121
주목,Taxus,cuspidata,36.04035237,126.7169346,14-L-0122
주목,Taxus,cuspidata,36.04036269,126.7170449,14-L-0123
전나무,Abies,holophylla,36.04042359,126.716996,14-L-0124
전나무,Abies,holophylla,36.04041438,126.7169847,14-L-0125
주목,Taxus,cuspidata,36.04041064,126.7169758,14-L-0126
구상나무,Abies,koreana,36.04042328,126.7169596,14-L-0127
구상나무,Abies,koreana,36.04042128,126.7169472,14-L-0128
주목,Taxus,cuspidata,36.04042868,126.7169303,14-L-0129
분비나무,Abies,nephrolepis,36.04042426,126.716913,14-L-0130
분비나무,Abies,nephrolepis,36.04042081,126.71693,14-L-0131
분비나무,Abies,nephrolepis,36.0404162,126.7169249,14-L-0132
분비나무,Abies,nephrolepis,36.04040986,126.7169241,14-L-0133
주목,Taxus,cuspidata,36.04040112,126.7169293,14-L-0134
주목,Taxus,cuspidata,36.04036722,126.7171332,14-L-0135
주목,Taxus,cuspidata,36.04036922,126.7171464,14-L-0136
측백나무,Platycladus,orientalis,36.04035392,126.7171505,14-L-0137
측백나무,Platycladus,orientalis,36.04035783,126.7171408,14-L-0138
측백나무,Platycladus,orientalis,36.04035431,126.7171232,14-L-0139
측백나무,Platycladus,orientalis,36.04034454,126.7171209,14-L-0140
측백나무,Platycladus,orientalis,36.04033798,126.7171233,14-L-0141
측백나무,Platycladus,orientalis,36.04033418,126.7171192,14-L-0142
측백나무,Platycladus,orientalis,36.04032676,126.7171248,14-L-0143
측백나무,Platycladus,orientalis,36.04031131,126.7171255,14-L-0144
자작나무,Betula,pendula,36.04031421,126.7171191,14-L-0145
측백나무,Platycladus,orientalis,36.04031606,126.7170993,14-L-0146
측백나무,Platycladus,orientalis,36.04028178,126.7171526,14-L-0147
측백나무,Platycladus,orientalis,36.04028676,126.7171612,14-L-0148
구상나무,Abies,koreana,36.04022394,126.7171976,14-L-0149
주목,Taxus,cuspidata,36.04014355,126.717232,14-L-0150
주목,Taxus,cuspidata,36.04011858,126.7172144,14-L-0151
주목,Taxus,cuspidata,36.04016223,126.7170869,14-L-0152
주목,Taxus,cuspidata,36.04016893,126.717054,14-L-0153
구상나무,Abies,koreana,36.04009844,126.7171132,14-L-0154
마가목,Sorbus,commixta,36.03983523,126.7170119,14-L-0155
자작나무,Betula,pendula,36.03984385,126.716957,14-L-0156
주목,Taxus,cuspidata,36.03986443,126.7169661,14-L-0157
주목,Taxus,cuspidata,36.03987604,126.7169744,14-L-0158
주목,Taxus,cuspidata,36.03988524,126.7169816,14-L-0159
주목,Taxus,cuspidata,36.03989443,126.7169853,14-L-0160
주목,Taxus,cuspidata,36.03990052,126.7169729,14-L-0161
자작나무,Betula,pendula,36.03989363,126.7169036,14-L-0162
주목,Taxus,cuspidata,36.03991727,126.7169286,14-L-0163
주목,Taxus,cuspidata,36.03989312,126.7168779,14-L-0164
주목,Taxus,cuspidata,36.03991313,126.7169019,14-L-0165
자작나무,Betula,pendula,36.03992899,126.7169024,14-L-0166
구상나무,Abies,koreana,36.03994318,126.7169587,14-L-0167
자작나무,Betula,pendula,36.0399654,126.7169614,14-L-0168
마가목,Sorbus,commixta,36.04004577,126.7170141,14-L-0169
마가목,Sorbus,commixta,36.0400576,126.7170347,14-L-0170
주목,Taxus,cuspidata,36.03995777,126.7168018,14-L-0171
주목,Taxus,cuspidata,36.03996387,126.7167945,14-L-0172
주목,Taxus,cuspidata,36.03994165,126.7167926,14-L-0173
주목,Taxus,cuspidata,36.03994567,126.7167641,14-L-0174
주목,Taxus,cuspidata,36.03992679,126.7167385,14-L-0175
주목,Taxus,cuspidata,36.0400025,126.7167374,14-L-0176
주목,Taxus,cuspidata,36.04009195,126.7164613,14-L-0177
주목,Taxus,cuspidata,36.04009667,126.7164449,14-L-0178
주목,Taxus,cuspidata,36.04010105,126.7164265,14-L-0179
주목,Taxus,cuspidata,36.04010889,126.7164353,14-L-0180
주목,Taxus,cuspidata,36.04010917,126.7164093,14-L-0181
주목,Taxus,cuspidata,36.04011192,126.7164231,14-L-0182
주목,Taxus,cuspidata,36.04013164,126.7164243,14-L-0183
주목,Taxus,cuspidata,36.04012347,126.7164189,14-L-0184
주목,Taxus,cuspidata,36.0401248,126.7164063,14-L-0185
전나무,Abies,holophylla,36.04007665,126.7164618,14-L-0186
전나무,Abies,holophylla,36.04005827,126.7164556,14-L-0187
전나무,Abies,holophylla,36.0400735,126.7164241,14-L-0188
주목,Taxus,cuspidata,36.04003949,126.7164188,14-L-0189
물푸레나무,Fraxinus,rhynchophylla,36.040015,126.716418,14-L-0190
잣나무,Pinus,koraiensis,36.04001519,126.7164054,14-L-0191
잣나무,Pinus,koraiensis,36.04000697,126.7163974,14-L-0192
잣나무,Pinus,koraiensis,36.04003025,126.7163965,14-L-0193
잣나무,Pinus,koraiensis,36.0400158,126.7163876,14-L-0194
잣나무,Pinus,koraiensis,36.0400017,126.7163873,14-L-0195
주목,Taxus,cuspidata,36.03999315,126.7163792,14-L-0196
잣나무,Pinus,koraiensis,36.03998366,126.7163894,14-L-0197
잣나무,Pinus,koraiensis,36.03997487,126.7164169,14-L-0198
전나무,Abies,holophylla,36.03995224,126.7164179,14-L-0199
전나무,Abies,holophylla,36.0399638,126.7164516,14-L-0200
전나무,Abies,holophylla,36.03993714,126.7164494,14-L-0201
주목,Taxus,cuspidata,36.0399565,126.7163825,14-L-0202
전나무,Abies,holophylla,36.0399112,126.7164348,14-L-0203
전나무,Abies,holophylla,36.03989936,126.7164251,14-L-0204
잣나무,Pinus,koraiensis,36.039894,126.7164471,14-L-0205
잣나무,Pinus,koraiensis,36.03988432,126.7164451,14-L-0206
잣나무,Pinus,koraiensis,36.03988867,126.7164112,14-L-0207
잣나무,Pinus,koraiensis,36.0398929,126.7163956,14-L-0208
잣나무,Pinus,koraiensis,36.03990455,126.7164006,14-L-0209
잣나무,Pinus,koraiensis,36.03991895,126.7163863,14-L-0210
측백나무,Platycladus,orientalis,36.03984519,126.716437,14-L-0211
측백나무,Platycladus,orientalis,36.03981677,126.716453,14-L-0211
측백나무,Platycladus,orientalis,36.03983938,126.7164412,14-L-0212
측백나무,Platycladus,orientalis,36.03983869,126.7164282,14-L-0213
측백나무,Platycladus,orientalis,36.03984589,126.7164222,14-L-0214
측백나무,Platycladus,orientalis,36.03983142,126.7164061,14-L-0215
측백나무,Platycladus,orientalis,36.03984085,126.7164071,14-L-0216
측백나무,Platycladus,orientalis,36.03983444,126.7164365,14-L-0217
측백나무,Platycladus,orientalis,36.03983266,126.7164444,14-L-0218
측백나무,Platycladus,orientalis,36.03982396,126.71644,14-L-0219
측백나무,Platycladus,orientalis,36.03982184,126.7164475,14-L-0220
측백나무,Platycladus,orientalis,36.03982809,126.7164547,14-L-0222
측백나무,Platycladus,orientalis,36.0398358,126.7164557,14-L-0223
측백나무,Platycladus,orientalis,36.03980477,126.7164393,14-L-0224
측백나무,Platycladus,orientalis,36.03980261,126.7164276,14-L-0225
측백나무,Platycladus,orientalis,36.03981506,126.7164217,14-L-0226
측백나무,Platycladus,orientalis,36.03981503,126.7164102,14-L-0227
자작나무,Betula,pendula,36.03981113,126.7164585,14-L-0228
자작나무,Betula,pendula,36.03979407,126.7164594,14-L-0229
측백나무,Platycladus,orientalis,36.03980202,126.7164583,14-L-0230
측백나무,Platycladus,orientalis,36.03978245,126.7164359,14-L-0231
측백나무,Platycladus,orientalis,36.03977505,126.7164271,14-L-0232
측백나무,Platycladus,orientalis,36.03978453,126.7164119,14-L-0233
측백나무,Platycladus,orientalis,36.03977802,126.7164703,14-L-0234
측백나무,Platycladus,orientalis,36.03976886,126.7164766,14-L-0235
측백나무,Platycladus,orientalis,36.03976297,126.7164834,14-L-0236
자작나무,Betula,pendula,36.03976152,126.7164974,14-L-0237
측백나무,Platycladus,orientalis,36.03975381,126.7164956,14-L-0238
측백나무,Platycladus,orientalis,36.03977012,126.7164568,14-L-0239
측백나무,Platycladus,orientalis,36.03975674,126.7164525,14-L-0240
측백나무,Platycladus,orientalis,36.0397534,126.7164417,14-L-0241
측백나무,Platycladus,orientalis,36.03975485,126.7164313,14-L-0242
측백나무,Platycladus,orientalis,36.03974046,126.7164324,14-L-0243
측백나무,Platycladus,orientalis,36.03974382,126.7164472,14-L-0244
측백나무,Platycladus,orientalis,36.03973506,126.7164366,14-L-0245
측백나무,Platycladus,orientalis,36.03972941,126.7164418,14-L-0246
측백나무,Platycladus,orientalis,36.03972021,126.7164506,14-L-0247
측백나무,Platycladus,orientalis,36.03973253,126.7164597,14-L-0248
측백나무,Platycladus,orientalis,36.0397381,126.7164736,14-L-0249
측백나무,Platycladus,orientalis,36.03972887,126.7164715,14-L-0250
자작나무,Betula,pendula,36.03972,126.7164662,14-L-0251
측백나무,Platycladus,orientalis,36.03970843,126.7164635,14-L-0252
측백나무,Platycladus,orientalis,36.03970858,126.7164735,14-L-0253
측백나무,Platycladus,orientalis,36.03970404,126.716478,14-L-0254
측백나무,Platycladus,orientalis,36.03969616,126.7164775,14-L-0255
자작나무,Betula,pendula,36.03969872,126.7165023,14-L-0256
측백나무,Platycladus,orientalis,36.03972463,126.7165003,14-L-0257
측백나무,Platycladus,orientalis,36.03972022,126.7165084,14-L-0258
자작나무,Betula,pendula,36.0397273,126.7165211,14-L-0259
측백나무,Platycladus,orientalis,36.0397179,126.7165335,14-L-0260
측백나무,Platycladus,orientalis,36.03970487,126.7165353,14-L-0261
자작나무,Betula,pendula,36.03969782,126.7165364,14-L-0262
측백나무,Platycladus,orientalis,36.03970255,126.7165263,14-L-0263
측백나무,Platycladus,orientalis,36.03968768,126.7165483,14-L-0264
측백나무,Platycladus,orientalis,36.03968438,126.7165382,14-L-0265
측백나무,Platycladus,orientalis,36.03969895,126.7165275,14-L-0266
측백나무,Platycladus,orientalis,36.03969761,126.716516,14-L-0267
측백나무,Platycladus,orientalis,36.03971746,126.7165204,14-L-0268
측백나무,Platycladus,orientalis,36.03971072,126.7165121,14-L-0269
측백나무,Platycladus,orientalis,36.03970334,126.7165146,14-L-0270
측백나무,Platycladus,orientalis,36.03960268,126.7170138,14-L-0271
측백나무,Platycladus,orientalis,36.03958316,126.7170153,14-L-0272
측백나무,Platycladus,orientalis,36.03958444,126.7169989,14-L-0273
측백나무,Platycladus,orientalis,36.03958405,126.7169749,14-L-0274
측백나무,Platycladus,orientalis,36.03956876,126.7169602,14-L-0275
측백나무,Platycladus,orientalis,36.03956542,126.7169342,14-L-0276
측백나무,Platycladus,orientalis,36.0395603,126.7169873,14-L-0277
측백나무,Platycladus,orientalis,36.03953999,126.7169304,14-L-0278
신나무,Acer,tataricum,36.03955028,126.7169116,14-L-0279
측백나무,Platycladus,orientalis,36.03955847,126.7169051,14-L-0280
신나무,Acer,tataricum,36.03953649,126.7169062,14-L-0281
신나무,Acer,tataricum,36.03951363,126.7168764,14-L-0282
신나무,Acer,tataricum,36.03950457,126.7168633,14-L-0283
물푸레나무,Fraxinus,rhynchophylla,36.03951621,126.7168582,14-L-0284
물푸레나무,Fraxinus,rhynchophylla,36.03953113,126.7168567,14-L-0285
신나무,Acer,tataricum,36.03953557,126.716863,14-L-0286
물푸레나무,Fraxinus,rhynchophylla,36.0395292,126.7168755,14-L-0287
신나무,Acer,tataricum,36.03954578,126.7168817,14-L-0288
물푸레나무,Fraxinus,rhynchophylla,36.03954475,126.7168627,14-L-0289
층층나무,Cornus,controversa,36.03955506,126.7168526,14-L-0290
층층나무,Cornus,controversa,36.03955477,126.7168663,14-L-0291
층층나무,Cornus,controversa,36.03955182,126.7168706,14-L-0292
층층나무,Cornus,controversa,36.03955824,126.716877,14-L-0293
곰의말채나무,Cornus,macrophylla,36.0395654,126.7168568,14-L-0294
측백나무,Platycladus,orientalis,36.03945979,126.7168606,14-L-0295
측백나무,Platycladus,orientalis,36.03945474,126.7168748,14-L-0296
측백나무,Platycladus,orientalis,36.03946475,126.7168743,14-L-0297
측백나무,Platycladus,orientalis,36.03945463,126.7168956,14-L-0298
측백나무,Platycladus,orientalis,36.03946907,126.7168986,14-L-0299
측백나무,Platycladus,orientalis,36.03948349,126.7168929,14-L-0300
측백나무,Platycladus,orientalis,36.03948811,126.7169072,14-L-0301
측백나무,Platycladus,orientalis,36.039478,126.7169308,14-L-0302
측백나무,Platycladus,orientalis,36.03948294,126.7169403,14-L-0303
측백나무,Platycladus,orientalis,36.03949149,126.7169467,14-L-0304
측백나무,Platycladus,orientalis,36.03950121,126.7169673,14-L-0305
측백나무,Platycladus,orientalis,36.03948367,126.7169692,14-L-0306
측백나무,Platycladus,orientalis,36.03948976,126.7169807,14-L-0307
측백나무,Platycladus,orientalis,36.03949667,126.7169893,14-L-0308
버들개회나무,Syringa,fauriei,36.03946105,126.7167665,14-L-0309
노간주나무,Juniperus,rigida,36.0393993,126.7166951,14-L-0310
노간주나무,Juniperus,rigida,36.03937927,126.7167176,14-L-0311
노간주나무,Juniperus,rigida,36.03939552,126.7166886,14-L-0312
노간주나무,Juniperus,rigida,36.03940223,126.7166797,14-L-0313
왕느릅나무,Ulmus,macrocarpa,36.03940712,126.716669,14-L-0314
왕느릅나무,Ulmus,macrocarpa,36.03941758,126.7166778,14-L-0315
왕느릅나무,Ulmus,macrocarpa,36.03942202,126.7166629,14-L-0316
왕느릅나무,Ulmus,macrocarpa,36.03942665,126.7166549,14-L-0317
왕느릅나무,Ulmus,macrocarpa,36.03942574,126.7166452,14-L-0318
왕느릅나무,Ulmus,macrocarpa,36.03943131,126.7166379,14-L-0319
고로쇠나무,Acer,pictum,36.03943756,126.7166244,14-L-0320
고로쇠나무,Acer,pictum,36.03944287,126.71662,14-L-0321
고로쇠나무,Acer,pictum,36.03944407,126.7166093,14-L-0322
측백나무,Platycladus,orientalis,36.03945356,126.7165929,14-L-0323
측백나무,Platycladus,orientalis,36.0394675,126.7165918,14-L-0324
측백나무,Platycladus,orientalis,36.03947341,126.716586,14-L-0325
팽나무,Celtis,sinensis,36.03949617,126.7165888,14-L-0326
측백나무,Platycladus,orientalis,36.03949244,126.7165479,14-L-0327
측백나무,Platycladus,orientalis,36.03950602,126.7165503,14-L-0328
측백나무,Platycladus,orientalis,36.03951311,126.7165496,14-L-0329
측백나무,Platycladus,orientalis,36.03951835,126.7165405,14-L-0330
측백나무,Platycladus,orientalis,36.03951803,126.7165345,14-L-0331
측백나무,Platycladus,orientalis,36.03953077,126.7165317,14-L-0332
측백나무,Platycladus,orientalis,36.03953761,126.7165229,14-L-0333
측백나무,Platycladus,orientalis,36.03954131,126.7165141,14-L-0334
측백나무,Platycladus,orientalis,36.03954519,126.7165112,14-L-0335
측백나무,Platycladus,orientalis,36.03955245,126.7165013,14-L-0336
측백나무,Platycladus,orientalis,36.03954803,126.7164891,14-L-0337
곰솔,Pinus,thunbergii,36.03955753,126.7164895,14-L-0338
측백나무,Platycladus,orientalis,36.0395567,126.7164789,14-L-0339
측백나무,Platycladus,orientalis,36.03956347,126.7164757,14-L-0340
곰솔,Pinus,thunbergii,36.03956371,126.7164675,14-L-0341
곰솔,Pinus,thunbergii,36.03957837,126.7164561,14-L-0342
측백나무,Platycladus,orientalis,36.03957152,126.7164599,14-L-0343
측백나무,Platycladus,orientalis,36.03958254,126.7164426,14-L-0344
곰솔,Pinus,thunbergii,36.03958612,126.7164313,14-L-0345
곰솔,Pinus,thunbergii,36.039606,126.7164217,14-L-0346
곰솔,Pinus,thunbergii,36.03961921,126.7163906,14-L-0347
자작나무,Betula,pendula,36.03964213,126.716391,14-L-0348
자작나무,Betula,pendula,36.03962326,126.7164189,14-L-0349
자작나무,Betula,pendula,36.03962737,126.7164226,14-L-0350
자작나무,Betula,pendula,36.03962565,126.7164301,14-L-0351
자작나무,Betula,pendula,36.03964104,126.7164305,14-L-0352
굴참나무,Quercus,variabilis,36.03964855,126.7164344,14-L-0353
굴참나무,Quercus,variabilis,36.03965806,126.7164463,14-L-0354
굴참나무,Quercus,variabilis,36.03964473,126.7164926,14-L-0355
졸참나무,Quercus,serrata,36.03287408,126.7175373,14-L-0356
신갈나무,Quercus,mongolica,36.03961202,126.716459,14-L-0357
굴참나무,Quercus,variabilis,36.03959777,126.7164746,14-L-0358
굴참나무,Quercus,variabilis,36.03955811,126.7165322,14-L-0359
곰솔,Pinus,thunbergii,36.0394837,126.7165356,14-L-0360
곰솔,Pinus,thunbergii,36.03947067,126.7165544,14-L-0361
곰솔,Pinus,thunbergii,36.0394724,126.7165698,14-L-0362
곰솔,Pinus,thunbergii,36.03945891,126.7165375,14-L-0363
곰솔,Pinus,thunbergii,36.03945283,126.7165131,14-L-0364
곰솔,Pinus,thunbergii,36.03946016,126.7165807,14-L-0365
측백나무,Platycladus,orientalis,36.03945103,126.7165798,14-L-0366
곰솔,Pinus,thunbergii,36.03946461,126.7165637,14-L-0367
측백나무,Platycladus,orientalis,36.0394391,126.7165812,14-L-0368
측백나무,Platycladus,orientalis,36.03943334,126.7165899,14-L-0369
측백나무,Platycladus,orientalis,36.03943866,126.7165964,14-L-0370
측백나무,Platycladus,orientalis,36.03942964,126.7165989,14-L-0371
측백나무,Platycladus,orientalis,36.03942609,126.7166052,14-L-0372
측백나무,Platycladus,orientalis,36.03943345,126.716614,14-L-0373
측백나무,Platycladus,orientalis,36.03942697,126.7166149,14-L-0374
측백나무,Platycladus,orientalis,36.03942286,126.7166255,14-L-0375
측백나무,Platycladus,orientalis,36.03941539,126.7166191,14-L-0376
측백나무,Platycladus,orientalis,36.03941428,126.716629,14-L-0377
측백나무,Platycladus,orientalis,36.03941585,126.7166358,14-L-0378
측백나무,Platycladus,orientalis,36.03940659,126.7166367,14-L-0379
측백나무,Platycladus,orientalis,36.0394064,126.7166451,14-L-0380
측백나무,Platycladus,orientalis,36.03939977,126.7166517,14-L-0381
측백나무,Platycladus,orientalis,36.03939078,126.7166439,14-L-0382
측백나무,Platycladus,orientalis,36.03938543,126.7166519,14-L-0383
측백나무,Platycladus,orientalis,36.03938731,126.7166711,14-L-0384
노간주나무,Juniperus,rigida,36.03938177,126.7166845,14-L-0385
노간주나무,Juniperus,rigida,36.03934758,126.7167051,14-L-0386
측백나무,Platycladus,orientalis,36.03935657,126.7166703,14-L-0387
측백나무,Platycladus,orientalis,36.03935745,126.7166621,14-L-0388
측백나무,Platycladus,orientalis,36.03935167,126.716649,14-L-0389
측백나무,Platycladus,orientalis,36.03935903,126.7166371,14-L-0390
측백나무,Platycladus,orientalis,36.03937029,126.7166263,14-L-0391
측백나무,Platycladus,orientalis,36.03936111,126.7166171,14-L-0392
측백나무,Platycladus,orientalis,36.03936798,126.7166131,14-L-0393
측백나무,Platycladus,orientalis,36.03936235,126.7166044,14-L-0394
측백나무,Platycladus,orientalis,36.03936762,126.7166003,14-L-0395
측백나무,Platycladus,orientalis,36.03937762,126.7166,14-L-0396
측백나무,Platycladus,orientalis,36.0393813,126.7166091,14-L-0397
측백나무,Platycladus,orientalis,36.03939583,126.7166279,14-L-0398
측백나무,Platycladus,orientalis,36.03939525,126.7166164,14-L-0399
측백나무,Platycladus,orientalis,36.03939582,126.7166097,14-L-0400
측백나무,Platycladus,orientalis,36.03939274,126.7166001,14-L-0401
측백나무,Platycladus,orientalis,36.03939994,126.7165919,14-L-0402
측백나무,Platycladus,orientalis,36.0394069,126.716607,14-L-0403
측백나무,Platycladus,orientalis,36.0394136,126.7166055,14-L-0404
측백나무,Platycladus,orientalis,36.0394156,126.7165944,14-L-0405
측백나무,Platycladus,orientalis,36.03942248,126.716589,14-L-0406
측백나무,Platycladus,orientalis,36.03942748,126.7165829,14-L-0407
측백나무,Platycladus,orientalis,36.03941834,126.7165781,14-L-0408
곰솔,Pinus,thunbergii,36.03942326,126.7165668,14-L-0409
곰솔,Pinus,thunbergii,36.03943851,126.7165387,14-L-0410
곰솔,Pinus,thunbergii,36.03944297,126.7165535,14-L-0411
곰솔,Pinus,thunbergii,36.03943184,126.7165318,14-L-0412
곰솔,Pinus,thunbergii,36.03943012,126.7165352,14-L-0413
곰솔,Pinus,thunbergii,36.03941249,126.7165248,14-L-0414
곰솔,Pinus,thunbergii,36.03940767,126.7165427,14-L-0415
곰솔,Pinus,thunbergii,36.03942664,126.7165549,14-L-0416
곰솔,Pinus,thunbergii,36.03943665,126.7165746,14-L-0417
측백나무,Platycladus,orientalis,36.03940306,126.7165767,14-L-0418
측백나무,Platycladus,orientalis,36.03939627,126.7165865,14-L-0419
측백나무,Platycladus,orientalis,36.03938507,126.7165913,14-L-0420
측백나무,Platycladus,orientalis,36.03937559,126.7165926,14-L-0421
측백나무,Platycladus,orientalis,36.03936893,126.7165858,14-L-0423
측백나무,Platycladus,orientalis,36.03936072,126.7165918,14-L-0424
측백나무,Platycladus,orientalis,36.03936305,126.7165773,14-L-0425
측백나무,Platycladus,orientalis,36.03937148,126.7165764,14-L-0426
측백나무,Platycladus,orientalis,36.03937916,126.7165826,14-L-0427
측백나무,Platycladus,orientalis,36.03939091,126.7165761,14-L-0428
측백나무,Platycladus,orientalis,36.03937149,126.7165693,14-L-0429
곰솔,Pinus,thunbergii,36.03937815,126.7165611,14-L-0430
곰솔,Pinus,thunbergii,36.03940205,126.7165541,14-L-0431
곰솔,Pinus,thunbergii,36.03939056,126.7165341,14-L-0432
곰솔,Pinus,thunbergii,36.03939716,126.7165107,14-L-0433
곰솔,Pinus,thunbergii,36.03939935,126.7165123,14-L-0434
곰솔,Pinus,thunbergii,36.03937079,126.7165153,14-L-0435
곰솔,Pinus,thunbergii,36.03937282,126.7165289,14-L-0436
측백나무,Platycladus,orientalis,36.03935295,126.7165807,14-L-0437
측백나무,Platycladus,orientalis,36.03934567,126.7165881,14-L-0438
측백나무,Platycladus,orientalis,36.03935363,126.716593,14-L-0439
측백나무,Platycladus,orientalis,36.0393529,126.7166027,14-L-0440
측백나무,Platycladus,orientalis,36.03935112,126.7166204,14-L-0441
측백나무,Platycladus,orientalis,36.03934232,126.7166216,14-L-0442
측백나무,Platycladus,orientalis,36.03934052,126.7166334,14-L-0443
측백나무,Platycladus,orientalis,36.03933785,126.7166518,14-L-0444
측백나무,Platycladus,orientalis,36.03932933,126.7166441,14-L-0445
측백나무,Platycladus,orientalis,36.0393254,126.7166255,14-L-0446
측백나무,Platycladus,orientalis,36.03932655,126.7166154,14-L-0447
측백나무,Platycladus,orientalis,36.03932207,126.7166083,14-L-0448
측백나무,Platycladus,orientalis,36.03932984,126.7166011,14-L-0449
측백나무,Platycladus,orientalis,36.03934017,126.7166091,14-L-0450
측백나무,Platycladus,orientalis,36.03933783,126.7165873,14-L-0451
측백나무,Platycladus,orientalis,36.03933127,126.7165831,14-L-0452
측백나무,Platycladus,orientalis,36.03933004,126.7165744,14-L-0453
측백나무,Platycladus,orientalis,36.03934513,126.7165747,14-L-0454
측백나무,Platycladus,orientalis,36.03934159,126.716565,14-L-0455
측백나무,Platycladus,orientalis,36.03932822,126.7165605,14-L-0456
측백나무,Platycladus,orientalis,36.03933608,126.7165533,14-L-0457
곰솔,Pinus,thunbergii,36.03933298,126.7165225,14-L-0458
곰솔,Pinus,thunbergii,36.03935079,126.7165169,14-L-0459
곰솔,Pinus,thunbergii,36.03936443,126.716489,14-L-0460
곰솔,Pinus,thunbergii,36.03939603,126.7164663,14-L-0461
곰솔,Pinus,thunbergii,36.03944665,126.7163542,14-L-0462
곰솔,Pinus,thunbergii,36.03947997,126.7162173,14-L-0463
곰솔,Pinus,thunbergii,36.03934355,126.7165061,14-L-0464
곰솔,Pinus,thunbergii,36.0393065,126.7165135,14-L-0465
곰솔,Pinus,thunbergii,36.03929953,126.7164977,14-L-0466
측백나무,Platycladus,orientalis,36.03929993,126.7164995,14-L-0467
측백나무,Platycladus,orientalis,36.03929512,126.7165006,14-L-0468
측백나무,Platycladus,orientalis,36.03928228,126.716508,14-L-0469
측백나무,Platycladus,orientalis,36.03929748,126.7165238,14-L-0470
측백나무,Platycladus,orientalis,36.03929672,126.7165378,14-L-0471
측백나무,Platycladus,orientalis,36.039302,126.7165502,14-L-0472
측백나무,Platycladus,orientalis,36.03931957,126.7165462,14-L-0473
측백나무,Platycladus,orientalis,36.03931533,126.7165612,14-L-0474
측백나무,Platycladus,orientalis,36.03930374,126.7165644,14-L-0475
측백나무,Platycladus,orientalis,36.0393087,126.7165749,14-L-0476
측백나무,Platycladus,orientalis,36.03931438,126.7165831,14-L-0477
측백나무,Platycladus,orientalis,36.03932455,126.7165901,14-L-0478
측백나무,Platycladus,orientalis,36.03931949,126.7165938,14-L-0479
은행나무,Ginkgo,biloba,36.04178984,126.7172167,14-L-0480
이팝나무,Chionanthus,retusus,36.04182585,126.7173113,14-L-0481
이팝나무,Chionanthus,retusus,36.04185805,126.7173452,14-L-0482
이팝나무,Chionanthus,retusus,36.04187437,126.717313,14-L-0483
이팝나무,Chionanthus,retusus,36.04189557,126.717261,14-L-0484
이팝나무,Chionanthus,retusus,36.04190732,126.7172445,14-L-0485
이팝나무,Chionanthus,retusus,36.04191643,126.717196,14-L-0486
이팝나무,Chionanthus,retusus,36.0419441,126.7172019,14-L-0487
이팝나무,Chionanthus,retusus,36.0419775,126.7172199,14-L-0488
이팝나무,Chionanthus,retusus,36.04194641,126.7172578,14-L-0489
이팝나무,Chionanthus,retusus,36.04193087,126.7172795,14-L-0490
이팝나무,Chionanthus,retusus,36.04189934,126.7173119,14-L-0491
이팝나무,Chionanthus,retusus,36.04190444,126.7173502,14-L-0492
이팝나무,Chionanthus,retusus,36.04192567,126.7173531,14-L-0493
이팝나무,Chionanthus,retusus,36.04193551,126.7173865,14-L-0494
이팝나무,Chionanthus,retusus,36.04196168,126.7173592,14-L-0495
이팝나무,Chionanthus,retusus,36.04194878,126.7173152,14-L-0496
이팝나무,Chionanthus,retusus,36.04198026,126.7173172,14-L-0497
이팝나무,Chionanthus,retusus,36.0419752,126.7172798,14-L-0498
이팝나무,Chionanthus,retusus,36.04198163,126.7172583,14-L-0499
이팝나무,Chionanthus,retusus,36.04201015,126.7172873,14-L-0500
이팝나무,Chionanthus,retusus,36.04200738,126.7173089,14-L-0501
이팝나무,Chionanthus,retusus,36.04199638,126.7173525,14-L-0502
이팝나무,Chionanthus,retusus,36.04197838,126.7174012,14-L-0503
이팝나무,Chionanthus,retusus,36.04205732,126.717401,14-L-0504
이팝나무,Chionanthus,retusus,36.0420895,126.7173965,14-L-0505
이팝나무,Chionanthus,retusus,36.04207605,126.7173568,14-L-0506
이팝나무,Chionanthus,retusus,36.04205411,126.7173152,14-L-0507
이팝나무,Chionanthus,retusus,36.04208004,126.7172751,14-L-0508
이팝나무,Chionanthus,retusus,36.04209634,126.717311,14-L-0509
이팝나무,Chionanthus,retusus,36.04212256,126.7172763,14-L-0510
이팝나무,Chionanthus,retusus,36.04216204,126.717271,14-L-0511
이팝나무,Chionanthus,retusus,36.0421447,126.7173325,14-L-0512
이팝나무,Chionanthus,retusus,36.04212733,126.717387,14-L-0513
이팝나무,Chionanthus,retusus,36.04216284,126.7173811,14-L-0514
이팝나무,Chionanthus,retusus,36.0421983,126.717382,14-L-0515
이팝나무,Chionanthus,retusus,36.04218219,126.717329,14-L-0516
이팝나무,Chionanthus,retusus,36.04219717,126.7172737,14-L-0517
이팝나무,Chionanthus,retusus,36.04222985,126.7172034,14-L-0518
이팝나무,Chionanthus,retusus,36.04219274,126.7172787,14-L-0519
이팝나무,Chionanthus,retusus,36.04224062,126.7172609,14-L-0520
이팝나무,Chionanthus,retusus,36.04223666,126.7173272,14-L-0521
이팝나무,Chionanthus,retusus,36.04223437,126.7173782,14-L-0522
이팝나무,Chionanthus,retusus,36.04227259,126.7173714,14-L-0523
이팝나무,Chionanthus,retusus,36.04226634,126.717329,14-L-0524
이팝나무,Chionanthus,retusus,36.04228596,126.7172772,14-L-0525
이팝나무,Chionanthus,retusus,36.04230061,126.7172296,14-L-0526
이팝나무,Chionanthus,retusus,36.04230682,126.7173255,14-L-0527
이팝나무,Chionanthus,retusus,36.04232369,126.7173734,14-L-0528
이팝나무,Chionanthus,retusus,36.04236125,126.7173695,14-L-0529
이팝나무,Chionanthus,retusus,36.04238197,126.71737,14-L-0530
이팝나무,Chionanthus,retusus,36.04240231,126.7172728,14-L-0531
이팝나무,Chionanthus,retusus,36.04243332,126.7173183,14-L-0532
이팝나무,Chionanthus,retusus,36.04252748,126.7173561,14-L-0533
이팝나무,Chionanthus,retusus,36.04254836,126.7173853,14-L-0534
이팝나무,Chionanthus,retusus,36.04251351,126.7174113,14-L-0535
이팝나무,Chionanthus,retusus,36.0424832,126.7174024,14-L-0536
이팝나무,Chionanthus,retusus,36.04243588,126.7174126,14-L-0537
이팝나무,Chionanthus,retusus,36.04244359,126.7174113,14-L-0538
이팝나무,Chionanthus,retusus,36.04240906,126.7174136,14-L-0539
이팝나무,Chionanthus,retusus,36.04237428,126.7174164,14-L-0540
이팝나무,Chionanthus,retusus,36.04233709,126.7174176,14-L-0541
이팝나무,Chionanthus,retusus,36.04229757,126.71742,14-L-0542
이팝나무,Chionanthus,retusus,36.04226077,126.7174238,14-L-0543
이팝나무,Chionanthus,retusus,36.04222748,126.7174227,14-L-0544
이팝나무,Chionanthus,retusus,36.04218836,126.7174254,14-L-0545
이팝나무,Chionanthus,retusus,36.04214994,126.7174273,14-L-0546
이팝나무,Chionanthus,retusus,36.0421154,126.7174354,14-L-0547
이팝나무,Chionanthus,retusus,36.04207861,126.7174383,14-L-0548
이팝나무,Chionanthus,retusus,36.04203992,126.7174423,14-L-0549
이팝나무,Chionanthus,retusus,36.04200331,126.7174426,14-L-0550
이팝나무,Chionanthus,retusus,36.04196261,126.7174374,14-L-0551
이팝나무,Chionanthus,retusus,36.04184053,126.7173814,14-L-0552
이팝나무,Chionanthus,retusus,36.04180797,126.7173581,14-L-0553
이팝나무,Chionanthus,retusus,36.0417819,126.7173347,14-L-0554
이팝나무,Chionanthus,retusus,36.04175112,126.7173071,14-L-0555
이팝나무,Chionanthus,retusus,36.04172308,126.7172824,14-L-0556
이팝나무,Chionanthus,retusus,36.04169389,126.7172545,14-L-0557
이팝나무,Chionanthus,retusus,36.04167096,126.7172283,14-L-0558
이팝나무,Chionanthus,retusus,36.04164615,126.7172045,14-L-0559
버드나무,Salix,pierotii?,36.0385711,126.7180372,13-W-00001
버드나무,Salix,pierotii?,36.03860763,126.7180671,13-W-00002
버드나무,Salix,pierotii?,36.03864578,126.7180732,13-W-00003
버드나무,Salix,pierotii?,36.03872914,126.7180913,13-W-00004
버드나무,Salix,pierotii?,36.03875847,126.7180885,13-W-00005
버드나무,Salix,pierotii?,36.03879243,126.7180819,13-W-00006
버드나무,Salix,pierotii?,36.03886214,126.7181221,13-W-00007
버드나무,Salix,pierotii?,36.03891878,126.71817,13-W-00008
버드나무,Salix,pierotii?,36.03893955,126.7181937,13-W-00009
갯버들,Salix,gracilistyla,36.03896276,126.7182299,13-W-00010
갯버들,Salix,gracilistyla,36.03897117,126.7182626,13-W-00011
갯버들,Salix,gracilistyla,36.03899104,126.7182578,13-W-00012
갯버들,Salix,gracilistyla,36.03899047,126.7183026,13-W-00013
갯버들,Salix,gracilistyla,36.03901448,126.7183038,13-W-00014
갯버들,Salix,gracilistyla,36.03900532,126.7183487,13-W-00015
갯버들,Salix,gracilistyla,36.03902405,126.7183488,13-W-00016
버드나무,Salix,pierotii?,36.03899796,126.7184729,13-W-00017
버드나무,Salix,pierotii?,36.03906996,126.7185349,13-W-00018
버드나무,Salix,pierotii?,36.03911705,126.718637,13-W-00019
버드나무,Salix,pierotii?,36.03912834,126.7187705,13-W-00020
버드나무,Salix,pierotii?,36.03914072,126.718836,13-W-00021
버드나무,Salix,pierotii?,36.03912417,126.7189657,13-W-00022
버드나무,Salix,pierotii?,36.03910451,126.7190158,13-W-00023
버드나무,Salix,pierotii?,36.03906916,126.7190495,13-W-00024
버드나무,Salix,pierotii?,36.03902646,126.7190883,13-W-00025
버드나무,Salix,pierotii?,36.03898113,126.7191127,13-W-00026
버드나무,Salix,pierotii?,36.03895472,126.7191282,13-W-00027
버드나무,Salix,pierotii?,36.03917057,126.7179691,13-W-00028
버드나무,Salix,pierotii?,36.03913788,126.7178182,13-W-00029
버드나무,Salix,pierotii?,36.03910152,126.717845,13-W-00030
버드나무,Salix,pierotii?,36.03907252,126.7178229,13-W-00031
버드나무,Salix,pierotii?,36.03939226,126.7178063,13-W-00032
버드나무,Salix,pierotii?,36.03924944,126.7183537,13-W-00034
버드나무,Salix,pierotii?,36.03927387,126.7184484,13-W-00035
버드나무,Salix,pierotii?,36.03938328,126.7187524,13-W-00036
버드나무,Salix,pierotii?,36.0398446,126.7189841,13-W-00037
버드나무,Salix,pierotii?,36.0396479,126.7186031,13-W-00039
버드나무,Salix,pierotii?,36.03959492,126.718507,13-W-00040
버드나무,Salix,pierotii?,36.03950123,126.718293,13-W-00041
버드나무,Salix,pierotii?,36.03954725,126.7179193,13-W-00042
버드나무,Salix,pierotii?,36.03971499,126.717793,13-W-00043
버드나무,Salix,pierotii?,36.03969116,126.7178109,13-W-00044
버드나무,Salix,pierotii?,36.03984247,126.7179608,13-W-00045
버드나무,Salix,pierotii?,36.03987121,126.7179599,13-W-00046
버드나무,Salix,pierotii?,36.03988805,126.7182927,13-W-00047
버드나무,Salix,pierotii?,36.03987003,126.7184811,13-W-00048
버드나무,Salix,pierotii?,36.03993551,126.7186616,13-W-00049
버드나무,Salix,pierotii?,36.03993853,126.718825,13-W-00050
버드나무,Salix,pierotii?,36.03995,126.7191111,13-W-00051
버드나무,Salix,pierotii?,36.03992781,126.7191186,13-W-00052
버드나무,Salix,pierotii?,36.03990833,126.7191136,13-W-00053
버드나무,Salix,pierotii?,36.03993728,126.7191497,13-W-00054
버드나무,Salix,pierotii?,36.03991984,126.7191638,13-W-00055
버드나무,Salix,pierotii?,36.03997359,126.7191366,13-W-00056
버드나무,Salix,pierotii?,36.04000943,126.7191415,13-W-00057
버드나무,Salix,pierotii?,36.04003202,126.7191433,13-W-00058
버드나무,Salix,pierotii?,36.04006142,126.7191336,13-W-00059
버드나무,Salix,pierotii?,36.04009382,126.7191239,13-W-00060
버드나무,Salix,pierotii?,36.04013209,126.7190792,13-W-00061
버드나무,Salix,pierotii?,36.04017596,126.7190396,13-W-00062
버드나무,Salix,pierotii?,36.04020405,126.7190211,13-W-00063
버드나무,Salix,pierotii?,36.04018395,126.7190731,13-W-00064
버드나무,Salix,pierotii?,36.04018889,126.7190946,13-W-00065
버드나무,Salix,pierotii?,36.0402059,126.7190614,13-W-00066
버드나무,Salix,pierotii?,36.04017567,126.7191027,13-W-00067
버드나무,Salix,pierotii?,36.04020069,126.7190896,13-W-00068
버드나무,Salix,pierotii?,36.04019242,126.7191229,13-W-00069
버드나무,Salix,pierotii?,36.04017312,126.7191425,13-W-00070
버드나무,Salix,pierotii?,36.04019643,126.7191472,13-W-00071
버드나무,Salix,pierotii?,36.04023772,126.7187294,13-W-00073
버드나무,Salix,pierotii?,36.04023422,126.7186716,13-W-00074
버드나무,Salix,pierotii?,36.04022167,126.7186628,13-W-00075
버드나무,Salix,pierotii?,36.04021503,126.7186449,13-W-00076
버드나무,Salix,pierotii?,36.04011394,126.7185456,13-W-00077
오리나무,Alnus?,japonica ,36.04012417,126.7181381,13-W-00078
능수버들,Salix,pseudolasiogyne ,36.04035113,126.7179449,13-W-00079
뜰보리수,Elaeagnus,multiflora ,36.04040322,126.7179185,13-W-00080
양버즘나무,Platanus ,occidentalis,36.04044928,126.7180158,13-W-00081
배롱나무,Lagerstroemia,indica ,36.04033581,126.7181347,13-W-00082
배롱나무,Lagerstroemia,indica ,36.04031341,126.7181396,13-W-00083
버드나무,Salix,pierotii?,36.04034851,126.7182052,13-W-00084
버드나무,Salix,pierotii?,36.04032846,126.7183742,13-W-00085
버드나무,Salix,pierotii?,36.04031705,126.7185691,13-W-00086
버드나무,Salix,pierotii?,36.04027906,126.7186739,13-W-00087
버드나무,Salix,pierotii?,36.04027656,126.7187332,13-W-00088
버드나무,Salix,pierotii?,36.04027737,126.7188619,13-W-00089
은사시나무,Populus,tomentiglandulosa,36.04028034,126.7189394,13-W-00090
버드나무,Salix,pierotii?,36.04026663,126.7190085,13-W-00091
왕버들,Salix,chaenomeloides,36.04044682,126.7193647,13-W-00095
능수버들,Salix,pseudolasiogyne ,36.04047062,126.7182105,13-W-00096
버드나무,Salix,pierotii?,36.04170462,126.7198839,13-W-00097
버드나무,Salix,pierotii?,36.04172809,126.7198755,13-W-00098
버드나무,Salix,pierotii?,36.04175515,126.7198531,13-W-00099
버드나무,Salix,pierotii?,36.04179167,126.7198218,13-W-00100
버드나무,Salix,pierotii?,36.0418264,126.7197995,13-W-00101
버드나무,Salix,pierotii?,36.04185393,126.7197866,13-W-00102
버드나무,Salix,pierotii?,36.04189275,126.7197731,13-W-00103
버드나무,Salix,pierotii?,36.04191803,126.7197635,13-W-00104
버드나무,Salix,pierotii?,36.04195142,126.7197462,13-W-00105
버드나무,Salix,pierotii?,36.04196358,126.7197289,13-W-00106
버드나무,Salix,pierotii?,36.04199385,126.7197321,13-W-00107
버드나무,Salix,pierotii?,36.04202319,126.7197212,13-W-00108
버드나무,Salix,pierotii?,36.04206878,126.7197027,13-W-00109
버드나무,Salix,pierotii?,36.04209723,126.7196987,13-W-00110
버드나무,Salix,pierotii?,36.04213561,126.7196896,13-W-00111
버드나무,Salix,pierotii?,36.04217086,126.7196934,13-W-00112
버드나무,Salix,pierotii?,36.04221093,126.719681,13-W-00113
버드나무,Salix,pierotii?,36.0422317,126.7196765,13-W-00114
버드나무,Salix,pierotii?,36.04224936,126.7196937,13-W-00115
버드나무,Salix,pierotii?,36.04227105,126.7196992,13-W-00116
버드나무,Salix,pierotii?,36.04229996,126.7196974,13-W-00117
버드나무,Salix,pierotii?,36.04239862,126.7197685,13-W-00118
버드나무,Salix,pierotii?,36.04244786,126.71977,13-W-00119
버드나무,Salix,pierotii?,36.04245122,126.7197028,13-W-00120
버드나무,Salix,pierotii?,36.04250341,126.7197626,13-W-00121
버드나무,Salix,pierotii?,36.04247729,126.7196979,13-W-00122
버드나무,Salix,pierotii?,36.0425409,126.7197586,13-W-00123
버드나무,Salix,pierotii?,36.04251619,126.719829,13-W-00124
버드나무,Salix,pierotii?,36.04251997,126.7196952,13-W-00125
버드나무,Salix,pierotii?,36.04259055,126.7197367,13-W-00126
버드나무,Salix,pierotii?,36.04256738,126.7196817,13-W-00127
버드나무,Salix,pierotii?,36.04262034,126.7197243,13-W-00128
버드나무,Salix,pierotii?,36.04260053,126.7196582,13-W-00129
버드나무,Salix,pierotii?,36.04264154,126.7197115,13-W-00130
버드나무,Salix,pierotii?,36.04265463,126.7197053,13-W-00131
버드나무,Salix,pierotii?,36.04267266,126.7196913,13-W-00132
버드나무,Salix,pierotii?,36.04270829,126.7196651,13-W-00133
버드나무,Salix,pierotii?,36.04274437,126.719636,13-W-00134
버드나무,Salix,pierotii?,36.04276193,126.7196131,13-W-00135
버드나무,Salix,pierotii?,36.04277726,126.7195981,13-W-00136
버드나무,Salix,pierotii?,36.04284214,126.7195255,13-W-00137
버드나무,Salix,pierotii?,36.04287098,126.7194937,13-W-00138
버드나무,Salix,pierotii?,36.04289396,126.7194647,13-W-00139
버드나무,Salix,pierotii?,36.04292998,126.7194134,13-W-00140
버드나무,Salix,pierotii?,36.04295743,126.7193699,13-W-00141
버드나무,Salix,pierotii?,36.04298083,126.7193298,13-W-00142
버드나무,Salix,pierotii?,36.04302865,126.7192897,13-W-00143
버드나무,Salix,pierotii?,36.04304979,126.7192716,13-W-00144
버드나무,Salix,pierotii?,36.04305488,126.7192954,13-W-00145
버드나무,Salix,pierotii?,36.0430139,126.7192193,13-W-00146
버드나무,Salix,pierotii?,36.04303291,126.7192098,13-W-00147
버드나무,Salix,pierotii?,36.04303001,126.7191928,13-W-00148
버드나무,Salix,pierotii?,36.04300976,126.7191807,13-W-00149
버드나무,Salix,pierotii?,36.04302945,126.7191631,13-W-00150
버드나무,Salix,pierotii?,36.04301357,126.7191515,13-W-00151
버드나무,Salix,pierotii?,36.04302986,126.7191181,13-W-00152
버드나무,Salix,pierotii?,36.0430119,126.7191113,13-W-00153
버드나무,Salix,pierotii?,36.04302886,126.7190923,13-W-00154
버드나무,Salix,pierotii?,36.04301213,126.7190819,13-W-00155
버드나무,Salix,pierotii?,36.04302858,126.7190655,13-W-00156
버드나무,Salix,pierotii?,36.04301452,126.7190414,13-W-00157
버드나무,Salix,pierotii?,36.04311742,126.7189455,13-W-00158
버드나무,Salix,pierotii?,36.04313905,126.7189217,13-W-00159
버드나무,Salix,pierotii?,36.04317114,126.7189038,13-W-00160
버드나무,Salix,pierotii?,36.04320242,126.7188868,13-W-00161
버드나무,Salix,pierotii?,36.0432305,126.7188744,13-W-00162
버드나무,Salix,pierotii?,36.04325938,126.7188609,13-W-00163
버드나무,Salix,pierotii?,36.04328984,126.7188361,13-W-00164
버드나무,Salix,pierotii?,36.04317583,126.7188494,13-W-00165
버드나무,Salix,pierotii?,36.04311886,126.7188748,13-W-00166
버드나무,Salix,pierotii?,36.04307474,126.7188977,13-W-00167
버드나무,Salix,pierotii?,36.04301377,126.7189266,13-W-00168
버드나무,Salix,pierotii?,36.04296017,126.7190163,13-W-00169
버드나무,Salix,pierotii?,36.04295827,126.7190613,13-W-00170
버드나무,Salix,pierotii?,36.04295402,126.7191355,13-W-00171
버드나무,Salix,pierotii?,36.04294615,126.7192017,13-W-00172
버드나무,Salix,pierotii?,36.04291664,126.7192465,13-W-00173
버드나무,Salix,pierotii?,36.04291252,126.719288,13-W-00174
버드나무,Salix,pierotii?,36.04289636,126.7193333,13-W-00175
버드나무,Salix,pierotii?,36.04288679,126.7193641,13-W-00176
버드나무,Salix,pierotii?,36.04286821,126.7194039,13-W-00177
버드나무,Salix,pierotii?,36.04284151,126.7194471,13-W-00178
버드나무,Salix,pierotii?,36.04280637,126.7194884,13-W-00179
버드나무,Salix,pierotii?,36.04275497,126.7195342,13-W-00180
버드나무,Salix,pierotii?,36.04268374,126.7195962,13-W-00181
버드나무,Salix,pierotii?,36.04266212,126.7196238,13-W-00182
버드나무,Salix,pierotii?,36.04323666,126.7187435,13-W-00183
버드나무,Salix,pierotii?,36.04323284,126.7187051,13-W-00184
버드나무,Salix,pierotii?,36.04320704,126.718686,13-W-00185
버드나무,Salix,pierotii?,36.04323953,126.71867,13-W-00186
버드나무,Salix,pierotii?,36.0432144,126.7186459,13-W-00187
버드나무,Salix,pierotii?,36.04323295,126.7186075,13-W-00188
버드나무,Salix,pierotii?,36.04321553,126.718547,13-W-00189
버드나무,Salix,pierotii?,36.04320771,126.718392,13-W-00190
버드나무,Salix,pierotii?,36.04318513,126.718396,13-W-00191
버드나무,Salix,pierotii?,36.04316882,126.7183782,13-W-00192
버드나무,Salix,pierotii?,36.04319901,126.7183431,13-W-00193
버드나무,Salix,pierotii?,36.04318322,126.7183509,13-W-00194
버드나무,Salix,pierotii?,36.04315564,126.7183438,13-W-00195
버드나무,Salix,pierotii?,36.0431944,126.7183036,13-W-00196
버드나무,Salix,pierotii?,36.04317456,126.7183198,13-W-00197
버드나무,Salix,pierotii?,36.04315192,126.7182965,13-W-00198
버드나무,Salix,pierotii?,36.0431704,126.7182798,13-W-00199
버드나무,Salix,pierotii?,36.04319023,126.7182597,13-W-00200
버드나무,Salix,pierotii?,36.04315721,126.7182431,13-W-00201
버드나무,Salix,pierotii?,36.04317796,126.7182297,13-W-00202
버드나무,Salix,pierotii?,36.04314946,126.718212,13-W-00203
버드나무,Salix,pierotii?,36.04317561,126.7181919,13-W-00204
버드나무,Salix,pierotii?,36.04315118,126.7181758,13-W-00205
버드나무,Salix,pierotii?,36.04316784,126.7181535,13-W-00206
버드나무,Salix,pierotii?,36.04315873,126.7181213,13-W-00207
버드나무,Salix,pierotii?,36.04315723,126.7180959,13-W-00208
버드나무,Salix,pierotii?,36.04313834,126.7180963,13-W-00209
버드나무,Salix,pierotii?,36.04315147,126.7180614,13-W-00210
버드나무,Salix,pierotii?,36.04313663,126.7180398,13-W-00211
버드나무,Salix,pierotii?,36.04312177,126.7180146,13-W-00212
버드나무,Salix,pierotii?,36.04311758,126.7179604,13-W-00213
버드나무,Salix,pierotii?,36.04311244,126.7179349,13-W-00214
버드나무,Salix,pierotii?,36.04310933,126.7179078,13-W-00215
버드나무,Salix,pierotii?,36.04311454,126.7178642,13-W-00216
버드나무,Salix,pierotii?,36.04309538,126.7178633,13-W-00217
버드나무,Salix,pierotii?,36.04309246,126.7178368,13-W-00218
버드나무,Salix,pierotii?,36.0431052,126.7178158,13-W-00219
버드나무,Salix,pierotii?,36.04308871,126.7177844,13-W-00220
버드나무,Salix,pierotii?,36.04308526,126.7177623,13-W-00221
버드나무,Salix,pierotii?,36.04306782,126.7177339,13-W-00222
버드나무,Salix,pierotii?,36.0430794,126.7177194,13-W-00223
버드나무,Salix,pierotii?,36.04307631,126.7177006,13-W-00224
버드나무,Salix,pierotii?,36.04307456,126.7176752,13-W-00225
버드나무,Salix,pierotii?,36.04306739,126.7176531,13-W-00226
버드나무,Salix,pierotii?,36.04306427,126.7176255,13-W-00227
버드나무,Salix,pierotii?,36.04305338,126.7176022,13-W-00228
물오리나무,Alnus,hirsuta?,36.03922143,126.7193066,13-W-00229
물오리나무,Alnus,hirsuta?,36.03925725,126.719338,13-W-00230
물오리나무,Alnus,hirsuta?,36.03929256,126.7193362,13-W-00231
물오리나무,Alnus,hirsuta?,36.03933468,126.7193228,13-W-00232
물오리나무,Alnus,hirsuta?,36.03936201,126.7193064,13-W-00233
물오리나무,Alnus,hirsuta?,36.03941341,126.7192997,13-W-00234
물오리나무,Alnus,hirsuta?,36.03948711,126.7192961,13-W-00235
물오리나무,Alnus,hirsuta?,36.03957502,126.7193295,13-W-00236
물오리나무,Alnus,hirsuta?,36.03959888,126.7193387,13-W-00237
물오리나무,Alnus,hirsuta?,36.03962404,126.7193408,13-W-00238
물오리나무,Alnus,hirsuta?,36.03964743,126.7193407,13-W-00239
물오리나무,Alnus,hirsuta?,36.03970528,126.7193513,13-W-00240
이태리포플러,Populus,euramericana ,36.03935783,126.7190542,13-W-00241
버드나무,Salix,pierotii?,36.04055823,126.7179053,13-W-00242
버드나무,Salix,pierotii?,36.04057851,126.7178836,13-W-00243
버드나무,Salix,pierotii?,36.04059772,126.717942,13-W-00244
버드나무,Salix,pierotii?,36.0405963,126.7178684,13-W-00245
버드나무,Salix,pierotii?,36.04061799,126.717915,13-W-00246
버드나무,Salix,pierotii?,36.04061356,126.7178464,13-W-00247
버드나무,Salix,pierotii?,36.04064006,126.7179087,13-W-00248
버드나무,Salix,pierotii?,36.04063736,126.7178253,13-W-00249
버드나무,Salix,pierotii?,36.04065913,126.7179071,13-W-00250
버드나무,Salix,pierotii?,36.04065595,126.7178324,13-W-00251
버드나무,Salix,pierotii?,36.04067395,126.7179086,13-W-00252
버드나무,Salix,pierotii?,36.04066541,126.7178014,13-W-00253
버드나무,Salix,pierotii?,36.04069074,126.7178974,13-W-00254
버드나무,Salix,pierotii?,36.04068848,126.7177914,13-W-00256
버드나무,Salix,pierotii?,36.04071177,126.7178782,13-W-00257
버드나무,Salix,pierotii?,36.04072105,126.7177675,13-W-00258
버드나무,Salix,pierotii?,36.04072592,126.7178102,13-W-00259
버드나무,Salix,pierotii?,36.04074261,126.7178651,13-W-00260
버드나무,Salix,pierotii?,36.04076467,126.7178514,13-W-00261
버드나무,Salix,pierotii?,36.04074651,126.7178144,13-W-00262
버드나무,Salix,pierotii?,36.04074686,126.7177501,13-W-00263
버드나무,Salix,pierotii?,36.04076049,126.7177804,13-W-00264
버드나무,Salix,pierotii?,36.04078566,126.7178124,13-W-00265
버드나무,Salix,pierotii?,36.04077039,126.7177235,13-W-00266
버드나무,Salix,pierotii?,36.04079957,126.7177506,13-W-00267
버드나무,Salix,pierotii?,36.04082174,126.7177845,13-W-00268
버드나무,Salix,pierotii?,36.04080448,126.7177042,13-W-00269
버드나무,Salix,pierotii?,36.04082512,126.7177295,13-W-00270
버드나무,Salix,pierotii?,36.04083809,126.7176929,13-W-00271
버드나무,Salix,pierotii?,36.04089182,126.7177549,13-W-00272
버드나무,Salix,pierotii?,36.04092226,126.7177316,13-W-00273
버드나무,Salix,pierotii?,36.04093748,126.7176397,13-W-00274
버드나무,Salix,pierotii?,36.04096626,126.7177134,13-W-00275
버드나무,Salix,pierotii?,36.04100243,126.7177239,13-W-00276
버드나무,Salix,pierotii?,36.04097427,126.7175951,13-W-00277
버드나무,Salix,pierotii?,36.04104904,126.717694,13-W-00278
버드나무,Salix,pierotii?,36.04102468,126.7175806,13-W-00279
버드나무,Salix,pierotii?,36.04104959,126.7176064,13-W-00280
버드나무,Salix,pierotii?,36.04108451,126.7175692,13-W-00281
버드나무,Salix,pierotii?,36.04117144,126.7175532,13-W-00282
버드나무,Salix,pierotii?,36.04124286,126.7175038,13-W-00283
버드나무,Salix,pierotii?,36.04127844,126.7174281,13-W-00284
버드나무,Salix,pierotii?,36.04132099,126.7174275,13-W-00285
버드나무,Salix,pierotii?,36.0413254,126.7173848,13-W-00286
버드나무,Salix,pierotii?,36.0414014,126.7173618,13-W-00287
버드나무,Salix,pierotii?,36.04147852,126.7173379,13-W-00288
버드나무,Salix,pierotii?,36.04155437,126.7172533,13-W-00289
버드나무,Salix,pierotii?,36.04156469,126.7173181,13-W-00290
버드나무,Salix,pierotii?,36.04160529,126.7172957,13-W-00291
버드나무,Salix,pierotii?,36.04163592,126.7173536,13-W-00292
버드나무,Salix,pierotii?,36.04166109,126.7173275,13-W-00293
버드나무,Salix,pierotii?,36.04166118,126.7173674,13-W-00294
버드나무,Salix,pierotii?,36.04165335,126.717398,13-W-00295
버드나무,Salix,pierotii?,36.04165532,126.7174383,13-W-00296
버드나무,Salix,pierotii?,36.04169013,126.7173506,13-W-00297
버드나무,Salix,pierotii?,36.04168119,126.7173928,13-W-00298
버드나무,Salix,pierotii?,36.04168804,126.7174211,13-W-00299
버드나무,Salix,pierotii?,36.04170945,126.7174015,13-W-00300
버드나무,Salix,pierotii?,36.04173734,126.7174125,13-W-00301
버드나무,Salix,pierotii?,36.04171257,126.7174469,13-W-00302
버드나무,Salix,pierotii?,36.04172729,126.7174645,13-W-00303
버드나무,Salix,pierotii?,36.04175544,126.7174273,13-W-00304
버드나무,Salix,pierotii?,36.0417484,126.7174751,13-W-00305
버드나무,Salix,pierotii?,36.04178071,126.7174453,13-W-00306
버드나무,Salix,pierotii?,36.04179098,126.7174921,13-W-00307
버드나무,Salix,pierotii?,36.04179843,126.7174559,13-W-00308
버드나무,Salix,pierotii?,36.04181767,126.7174734,13-W-00309
버드나무,Salix,pierotii?,36.04183548,126.7175207,13-W-00310
버드나무,Salix,pierotii?,36.04186285,126.7174761,13-W-00311
버드나무,Salix,pierotii?,36.04188862,126.7175462,13-W-00312
버드나무,Salix,pierotii?,36.04190056,126.717503,13-W-00313
버드나무,Salix,pierotii?,36.04191272,126.7175498,13-W-00314
버드나무,Salix,pierotii?,36.04192542,126.717508,13-W-00315
버드나무,Salix,pierotii?,36.04193457,126.7175562,13-W-00316
버드나무,Salix,pierotii?,36.04194652,126.717514,13-W-00317
버드나무,Salix,pierotii?,36.04196662,126.7175737,13-W-00318
버드나무,Salix,pierotii?,36.04197439,126.7175185,13-W-00319
버드나무,Salix,pierotii?,36.04199112,126.7175875,13-W-00320
버드나무,Salix,pierotii?,36.0419985,126.7175235,13-W-00321
버드나무,Salix,pierotii?,36.04207013,126.7175678,13-W-00322
버드나무,Salix,pierotii?,36.04211585,126.7175307,13-W-00323
버드나무,Salix,pierotii?,36.04216217,126.7175361,13-W-00324
버드나무,Salix,pierotii?,36.04219039,126.7175295,13-W-00325
버드나무,Salix,pierotii?,36.04222578,126.7175298,13-W-00326
버드나무,Salix,pierotii?,36.04223812,126.7174932,13-W-00327
버드나무,Salix,pierotii?,36.04224762,126.7175312,13-W-00328
버드나무,Salix,pierotii?,36.0422709,126.7175051,13-W-00329
버드나무,Salix,pierotii?,36.04228675,126.7175213,13-W-00330
버드나무,Salix,pierotii?,36.04232022,126.7175077,13-W-00331
버드나무,Salix,pierotii?,36.04235184,126.7175048,13-W-00332
버드나무,Salix,pierotii?,36.04240608,126.7175153,13-W-00333
버드나무,Salix,pierotii?,36.04242257,126.7174837,13-W-00334
버드나무,Salix,pierotii?,36.04244071,126.7175133,13-W-00335
버드나무,Salix,pierotii?,36.04247456,126.7175002,13-W-00336
버드나무,Salix,pierotii?,36.04249644,126.7175178,13-W-00337
버드나무,Salix,pierotii?,36.04252276,126.7175028,13-W-00338
버드나무,Salix,pierotii?,36.04255658,126.7174786,13-W-00339
버드나무,Salix,pierotii?,36.04257399,126.7175165,13-W-00340
버드나무,Salix,pierotii?,36.04260189,126.7175313,13-W-00341
버드나무,Salix,pierotii?,36.04261611,126.717496,13-W-00342
버드나무,Salix,pierotii?,36.04264104,126.7175293,13-W-00343
버드나무,Salix,pierotii?,36.04264737,126.7175008,13-W-00344
버드나무,Salix,pierotii?,36.0426696,126.7175106,13-W-00345
버드나무,Salix,pierotii?,36.04269367,126.7175004,13-W-00346
버드나무,Salix,pierotii?,36.04272087,126.7174853,13-W-00347
버드나무,Salix,pierotii?,36.04274347,126.7174894,13-W-00348
버드나무,Salix,pierotii?,36.04276268,126.7174949,13-W-00349
버드나무,Salix,pierotii?,36.0427815,126.7174911,13-W-00350
버드나무,Salix,pierotii?,36.0427973,126.717485,13-W-00351
버드나무,Salix,pierotii?,36.04282401,126.7174789,13-W-00352
버드나무,Salix,pierotii?,36.04286546,126.7174931,13-W-00353
버드나무,Salix,pierotii?,36.04287592,126.7174592,13-W-00354
버드나무,Salix,pierotii?,36.04289668,126.7174828,13-W-00355
버드나무,Salix,pierotii?,36.04290299,126.7174443,13-W-00356
버드나무,Salix,pierotii?,36.04292113,126.717472,13-W-00357
버드나무,Salix,pierotii?,36.04291462,126.7174262,13-W-00358
버드나무,Salix,pierotii?,36.04293758,126.7174256,13-W-00359
버드나무,Salix,pierotii?,36.04294256,126.7174632,13-W-00360
버드나무,Salix,pierotii?,36.04296015,126.7174153,13-W-00361
버드나무,Salix,pierotii?,36.04297794,126.7174565,13-W-00362
버드나무,Salix,pierotii?,36.04300117,126.7174087,13-W-00363
버드나무,Salix,pierotii?,36.04301479,126.7174397,13-W-00364
버드나무,Salix,pierotii?,36.04302424,126.7174601,13-W-00365
버드나무,Salix,pierotii?,36.0430352,126.7175088,13-W-00366
왕버들,Salix,chaenomeloides,36.04132766,126.7192342,13-W-00367
왕버들,Salix,chaenomeloides,36.04132374,126.7192993,13-W-00368
왕버들,Salix,chaenomeloides,36.04131236,126.7193578,13-W-00369
왕버들,Salix,chaenomeloides,36.04129249,126.7192644,13-W-00370
왕버들,Salix,chaenomeloides,36.04126793,126.719196,13-W-00371
왕버들,Salix,chaenomeloides,36.0412389,126.7192437,13-W-00372
왕버들,Salix,chaenomeloides,36.04122141,126.719298,13-W-00373
왕버들,Salix,chaenomeloides,36.04126153,126.7193546,13-W-00374
왕버들,Salix,chaenomeloides,36.04123107,126.7193706,13-W-00375
왕버들,Salix,chaenomeloides,36.04113715,126.7191982,13-W-00376
왕버들,Salix,chaenomeloides,36.0411327,126.7193242,13-W-00377
왕버들,Salix,chaenomeloides,36.04110165,126.7193769,13-W-00378
왕버들,Salix,chaenomeloides,36.0410905,126.7192442,13-W-00379
왕버들,Salix,chaenomeloides,36.04104854,126.7192677,13-W-00380
왕버들,Salix,chaenomeloides,36.04105139,126.7193303,13-W-00381
버드나무,Salix,pierotii?,36.04045176,126.7182907,13-W-00382
버드나무,Salix,pierotii?,36.04044731,126.7184167,13-W-00383
버드나무,Salix,pierotii?,36.04021673,126.7193335,13-W-00384
버드나무,Salix,pierotii?,36.04022843,126.7192113,13-W-00385
버드나무,Salix,pierotii?,36.04014865,126.7192443,13-W-00386
버드나무,Salix,pierotii?,36.03786879,126.7186071,14-W-00001
오리나무,Alnus?,japonica ,36.03798072,126.7184549,14-W-00002
오리나무,Alnus?,japonica ,36.03801593,126.7184278,14-W-00003
버드나무,Salix,pierotii?,36.03819333,126.7183402,14-W-00004
오리나무,Alnus?,japonica ,36.03820566,126.7184899,14-W-00005
오리나무,Alnus?,japonica ,36.03823457,126.718526,14-W-00006
오리나무,Alnus?,japonica ,36.03826732,126.7185197,14-W-00007
오리나무,Alnus?,japonica ,36.03843947,126.7187823,14-W-00008
오리나무,Alnus?,japonica ,36.03844565,126.7187599,14-W-00009
오리나무,Alnus?,japonica ,36.03844539,126.7187078,14-W-00010
오리나무,Alnus?,japonica ,36.03831573,126.7183532,14-W-00011
왕버들,Salix,chaenomeloides,36.03835671,126.7183677,14-W-00012
오리나무,Alnus?,japonica ,36.0385448,126.7182315,14-W-00013
오리나무,Alnus?,japonica ,36.03857177,126.7182134,14-W-00014
오리나무,Alnus?,japonica ,36.03819947,126.7184752,14-W-00015
산수유,Cornus,officinalis,36.04042499,126.7177176,16-W-00001
산수유,Cornus,officinalis,36.04044521,126.7177136,16-W-00002
산수유,Cornus,officinalis,36.04046285,126.7177088,16-W-00003
산수유,Cornus,officinalis,36.04048326,126.7177081,16-W-00004
산수유,Cornus,officinalis,36.04050799,126.7177063,16-W-00005
산수유,Cornus,officinalis,36.04052931,126.7176996,16-W-00006
산수유,Cornus,officinalis,36.04055183,126.7176951,16-W-00007
산수유,Cornus,officinalis,36.04057664,126.7176899,16-W-00008
산수유,Cornus,officinalis,36.04059154,126.7176893,16-W-00009
산수유,Cornus,officinalis,36.04059598,126.7177028,16-W-00010
산수유,Cornus,officinalis,36.04060575,126.7176841,16-W-00011
산수유,Cornus,officinalis,36.04061166,126.7176973,16-W-00012
산수유,Cornus,officinalis,36.04061948,126.7176833,16-W-00013
산수유,Cornus,officinalis,36.04062784,126.7176937,16-W-00014
산수유,Cornus,officinalis,36.04063761,126.7176793,16-W-00015
산수유,Cornus,officinalis,36.04063814,126.7176956,16-W-00016
산수유,Cornus,officinalis,36.04065088,126.7176892,16-W-00017
산수유,Cornus,officinalis,36.04066802,126.7176775,16-W-00018
산수유,Cornus,officinalis,36.04067969,126.7176893,16-W-00019
산수유,Cornus,officinalis,36.04068823,126.7176714,16-W-00020
산수유,Cornus,officinalis,36.04070653,126.7176849,16-W-00021
산수유,Cornus,officinalis,36.04069601,126.7176952,16-W-00022
산수유,Cornus,officinalis,36.04067803,126.7177145,16-W-00023
산수유,Cornus,officinalis,36.0406571,126.7177266,16-W-00024
산수유,Cornus,officinalis,36.04064053,126.7177184,16-W-00025
산수유,Cornus,officinalis,36.04064278,126.7177374,16-W-00026
산수유,Cornus,officinalis,36.04062555,126.7177113,16-W-00027
산수유,Cornus,officinalis,36.04062893,126.7177383,16-W-00028
산수유,Cornus,officinalis,36.04061236,126.7177342,16-W-00029
산수유,Cornus,officinalis,36.04060962,126.717715,16-W-00030
산수유,Cornus,officinalis,36.04059277,126.7177359,16-W-00031
산수유,Cornus,officinalis,36.04058292,126.7177268,16-W-00032
산수유,Cornus,officinalis,36.04060333,126.7177457,16-W-00033
산수유,Cornus,officinalis,36.04061109,126.7177537,16-W-00034
산수유,Cornus,officinalis,36.04060766,126.717766,16-W-00035
산수유,Cornus,officinalis,36.04059416,126.7177613,16-W-00036
산수유,Cornus,officinalis,36.0405898,126.7177854,16-W-00037
산수유,Cornus,officinalis,36.04058237,126.7177519,16-W-00038
산수유,Cornus,officinalis,36.04057996,126.7177728,16-W-00039
산수유,Cornus,officinalis,36.04056327,126.7177626,16-W-00040
산수유,Cornus,officinalis,36.04057438,126.7177952,16-W-00041
산수유,Cornus,officinalis,36.0405616,126.7177828,16-W-00042
산수유,Cornus,officinalis,36.04055945,126.7178097,16-W-00043
산수유,Cornus,officinalis,36.04054608,126.7178036,16-W-00044
산수유,Cornus,officinalis,36.0405419,126.7177877,16-W-00045
산수유,Cornus,officinalis,36.04054268,126.7177686,16-W-00046
산수유,Cornus,officinalis,36.04052428,126.7177643,16-W-00047
산수유,Cornus,officinalis,36.04053049,126.7177837,16-W-00048
산수유,Cornus,officinalis,36.04053008,126.7178044,16-W-00049
산수유,Cornus,officinalis,36.04055228,126.7178224,16-W-00050
산수유,Cornus,officinalis,36.04051598,126.7177925,16-W-00051
산수유,Cornus,officinalis,36.04050931,126.7177719,16-W-00052
산수유,Cornus,officinalis,36.04049712,126.7177881,16-W-00053
산수유,Cornus,officinalis,36.04049126,126.7177602,16-W-00054
산수유,Cornus,officinalis,36.04047862,126.7177791,16-W-00055
산수유,Cornus,officinalis,36.04047406,126.7177582,16-W-00056
산수유,Cornus,officinalis,36.04045322,126.7177722,16-W-00057
산수유,Cornus,officinalis,36.040446,126.7177502,16-W-00058
산수유,Cornus,officinalis,36.04045997,126.7177471,16-W-00059
산수유,Cornus,officinalis,36.04042667,126.7177433,16-W-00060
산수유,Cornus,officinalis,36.04050451,126.7177261,16-W-00061
산수유,Cornus,officinalis,36.04052284,126.7177186,16-W-00062
산수유,Cornus,officinalis,36.04052289,126.7177392,16-W-00063
산수유,Cornus,officinalis,36.04053511,126.7177231,16-W-00064
산수유,Cornus,officinalis,36.04053812,126.7177491,16-W-00065
산수유,Cornus,officinalis,36.04054735,126.7177137,16-W-00066
산수유,Cornus,officinalis,36.04055676,126.7177523,16-W-00067
산수유,Cornus,officinalis,36.04055572,126.7177273,16-W-00068
산수유,Cornus,officinalis,36.04056475,126.7177106,16-W-00069
산수유,Cornus,officinalis,36.04057069,126.7177314,16-W-00070
산수유,Cornus,officinalis,36.04057654,126.717716,16-W-00071
산벚나무,Prunus,sargentii,36.04131716,126.720019,17-W-00001
산벚나무,Prunus,sargentii,36.04134719,126.7199795,17-W-00002
산벚나무,Prunus,sargentii,36.04138082,126.7199349,17-W-00003
산벚나무,Prunus,sargentii,36.04141024,126.7198933,17-W-00004
산벚나무,Prunus,sargentii,36.04144087,126.7198546,17-W-00005
산벚나무,Prunus,sargentii,36.0414727,126.7198152,17-W-00006
산벚나무,Prunus,sargentii,36.04151055,126.7197713,17-W-00007
산벚나무,Prunus,sargentii,36.04155116,126.7197496,17-W-00008
산벚나무,Prunus,sargentii,36.04161635,126.7198102,17-W-00009
산벚나무,Prunus,sargentii,36.04164774,126.7198368,17-W-00010
능수버들,Salix,pseudolasiogyne ,36.03919812,126.7190123,17-W-00011
버드나무,Salix,pierotii?,36.03912937,126.7190586,17-W-00012
버드나무,Salix,pierotii?,36.03908216,126.7191105,17-W-00013
버드나무,Salix,pierotii?,36.03904019,126.719142,17-W-00014
버드나무,Salix,pierotii?,36.03900161,126.7192053,17-W-00015
버드나무,Salix,pierotii?,36.03904338,126.7192321,17-W-00016
버드나무,Salix,pierotii?,36.03908447,126.7192515,17-W-00017
버드나무,Salix,pierotii?,36.03914038,126.7192338,17-W-00018
버드나무,Salix,pierotii?,36.03903897,126.7191877,17-W-00019
버드나무,Salix,pierotii?,36.03969357,126.7192518,17-W-00020
버드나무,Salix,pierotii?,36.0396321,126.7191558,17-W-00021
버드나무,Salix,pierotii?,36.03953472,126.7191289,17-W-00022
능수버들,Salix,pseudolasiogyne ,36.04046842,126.7179613,18-W-00001
능수버들,Salix,pseudolasiogyne ,36.04043172,126.7180623,18-W-00002
능수버들,Salix,pseudolasiogyne ,36.04036119,126.71847,18-W-00004
능수버들,Salix,pseudolasiogyne ,36.0403511,126.7186164,18-W-00005
능수버들,Salix,pseudolasiogyne ,36.04033613,126.7187421,18-W-00006
능수버들,Salix,pseudolasiogyne ,36.04033154,126.71884,18-W-00007
능수버들,Salix,pseudolasiogyne ,36.04032777,126.7189428,18-W-00008
능수버들,Salix,pseudolasiogyne ,36.04032976,126.719107,18-W-00009
능수버들,Salix,pseudolasiogyne ,36.04038342,126.7193857,18-W-00010
능수버들,Salix,pseudolasiogyne ,36.04039798,126.7194311,18-W-00011
왕버들,Salix,chaenomeloides,36.04032026,126.7177544,18-W-00012
왕버들,Salix,chaenomeloides,36.04037509,126.7177567,18-W-00013
왕버들,Salix,chaenomeloides,36.04039219,126.7178127,18-W-00014
왕버들,Salix,chaenomeloides,36.04035041,126.7178169,18-W-00015
왕버들,Salix,chaenomeloides,36.04031935,126.7178076,18-W-00016
왕버들,Salix,chaenomeloides,36.04017622,126.7178546,18-W-00017
왕버들,Salix,chaenomeloides,36.04017392,126.7178126,18-W-00018
오리나무,Alnus?,japonica ,36.03943914,126.7191444,18-W-00019
오리나무,Alnus?,japonica ,36.03932094,126.7191338,18-W-00020
동백나무,Camellia,japonica,36.03326415,126.7183979,13-N-00001
동백나무,Camellia,japonica,36.03323966,126.7183821,13-N-00002
동백나무,Camellia,japonica,36.03328503,126.7184354,13-N-00003
동백나무,Camellia,japonica,36.03329307,126.718476,13-N-00004
소나무,Pinus,densiflora,36.03325058,126.7184462,13-N-00005
소나무,Pinus,densiflora,36.03321538,126.7184256,13-N-00006
소나무,Pinus,densiflora,36.03321549,126.7184723,13-N-00007
소나무,Pinus,densiflora,36.03324736,126.7185034,13-N-00008
소나무,Pinus,densiflora,36.03321103,126.7185257,13-N-00009
소나무,Pinus,densiflora,36.03317982,126.7185142,13-N-00010
소나무,Pinus,densiflora,36.03314615,126.7184974,13-N-00011
소나무,Pinus,densiflora,36.03318123,126.7184649,13-N-00012
동백나무,Camellia,japonica,36.03315851,126.7185538,13-N-00013
소나무,Pinus,densiflora,36.03315062,126.7184484,13-N-00014
소나무,Pinus,densiflora,36.03310791,126.7184855,13-N-00015
소나무,Pinus,densiflora,36.03314379,126.718535,13-N-00016
동백나무,Camellia,japonica,36.03313652,126.7185629,13-N-00017
소나무,Pinus,densiflora,36.03310774,126.7185453,13-N-00018
소나무,Pinus,densiflora,36.03305965,126.7185052,13-N-00019
소나무,Camellia,japonica,36.03306471,126.7185775,13-N-00020
동백나무,Pinus,densiflora,36.03306466,126.7185541,13-N-00021
동백나무,Camellia,japonica,36.03303543,126.7184767,13-N-00022
동백나무,Camellia,japonica,36.03301743,126.7184911,13-N-00023
동백나무,Camellia,japonica,36.03301845,126.718534,13-N-00024
동백나무,Camellia,japonica,36.03301199,126.718517,13-N-00025
동백나무,Camellia,japonica,36.0330084,126.7185543,13-N-00026
동백나무,Camellia,japonica,36.03301918,126.718587,13-N-00027
팽나무,Celtis,sinensis,36.03298606,126.7185427,13-N-00028
소나무,Pinus,densiflora,36.0329977,126.7184877,13-N-00029
소나무,Pinus,densiflora,36.03298735,126.718419,13-N-00030
소나무,Pinus,densiflora,36.03296099,126.7184788,13-N-00031
소나무,Pinus,densiflora,36.03296645,126.7183698,13-N-00032
소나무,Pinus,densiflora,36.03292948,126.7184232,13-N-00033
소나무,Pinus,densiflora,36.03292761,126.7183243,13-N-00034
소나무,Pinus,densiflora,36.03290164,126.7183736,13-N-00035
소나무,Pinus,densiflora,36.03287826,126.7183094,13-N-00036
소나무,Pinus,densiflora,36.03290017,126.7182677,13-N-00037
소나무,Pinus,densiflora,36.03285082,126.7182553,13-N-00038
소나무,Pinus,densiflora,36.03287839,126.7181935,13-N-00039
소나무,Pinus,densiflora,36.03284647,126.7181409,13-N-00040
소나무,Pinus,densiflora,36.03282622,126.7181967,13-N-00041
소나무,Pinus,densiflora,36.03304916,126.7177057,13-N-00042
소나무,Pinus,densiflora,36.03306371,126.7176537,13-N-00043
소나무,Pinus,densiflora,36.03308829,126.7177045,13-N-00044
소나무,Pinus,densiflora,36.03315125,126.7176971,13-N-00045
소나무,Pinus,densiflora,36.0331236,126.7176392,13-N-00046
소나무,Pinus,densiflora,36.03316915,126.7176413,13-N-00047
소나무,Pinus,densiflora,36.03320809,126.7176901,13-N-00048
소나무,Pinus,densiflora,36.03325118,126.7176832,13-N-00049
소나무,Pinus,densiflora,36.03322997,126.7176309,13-N-00050
소나무,Pinus,densiflora,36.0331978,126.7176017,13-N-00051
소나무,Pinus,densiflora,36.03325828,126.7175808,13-N-00052
소나무,Pinus,densiflora,36.0332869,126.7176624,13-N-00053
소나무,Pinus,densiflora,36.03332221,126.7175964,13-N-00054
소나무,Pinus,densiflora,36.03333278,126.7176682,13-N-00055
소나무,Pinus,densiflora,36.0333859,126.7176405,13-N-00056
소나무,Pinus,densiflora,36.03335956,126.7176158,13-N-00057
동백나무,Camellia,japonica,36.03344191,126.7176641,13-N-00058
동백나무,Camellia,japonica,36.03343479,126.7176276,13-N-00059
동백나무,Camellia,japonica,36.03346663,126.7176459,13-N-00060
동백나무,Camellia,japonica,36.0334782,126.7176282,13-N-00061
동백나무,Camellia,japonica,36.03344939,126.7175955,13-N-00062
동백나무,Camellia,japonica,36.03349742,126.7176104,13-N-00063
동백나무,Camellia,japonica,36.03349642,126.7175762,13-N-00064
동백나무,Camellia,japonica,36.03352829,126.7176092,13-N-00065
동백나무,Camellia,japonica,36.03352577,126.7175772,13-N-00066
동백나무,Camellia,japonica,36.03356283,126.717606,13-N-00067
동백나무,Camellia,japonica,36.03356827,126.7175797,13-N-00068
동백나무,Camellia,japonica,36.03360501,126.7176014,13-N-00069
동백나무,Camellia,japonica,36.0336325,126.7175919,13-N-00070
동백나무,Camellia,japonica,36.03345127,126.7177468,13-N-00071
동백나무,Camellia,japonica,36.03347272,126.7177663,13-N-00072
동백나무,Camellia,japonica,36.03347815,126.7177362,13-N-00073
동백나무,Camellia,japonica,36.0334744,126.7176997,13-N-00074
동백나무,Camellia,japonica,36.03349699,126.7176876,13-N-00075
동백나무,Camellia,japonica,36.03351632,126.7177176,13-N-00076
동백나무,Camellia,japonica,36.03350023,126.7177643,13-N-00077
동백나무,Camellia,japonica,36.03352436,126.7177579,13-N-00078
소나무,Pinus,densiflora,36.03356775,126.7177449,13-N-00079
소나무,Pinus,densiflora,36.03353666,126.7176551,13-N-00080
소나무,Pinus,densiflora,36.03356903,126.7176418,13-N-00081
소나무,Pinus,densiflora,36.03357986,126.7176978,13-N-00082
소나무,Pinus,densiflora,36.03360968,126.7176352,13-N-00083
소나무,Pinus,densiflora,36.03363456,126.7176852,13-N-00084
소나무,Pinus,densiflora,36.03361265,126.7177289,13-N-00085
소나무,Pinus,densiflora,36.03364059,126.717649,13-N-00086
소나무,Pinus,densiflora,36.03364691,126.7177367,13-N-00087
소나무,Pinus,densiflora,36.03367609,126.7176659,13-N-00088
소나무,Pinus,densiflora,36.03367471,126.717731,13-N-00089
소나무,Pinus,densiflora,36.03369811,126.717671,13-N-00090
소나무,Pinus,densiflora,36.03371292,126.7177263,13-N-00091
소나무,Pinus,densiflora,36.03371804,126.7176928,13-N-00092
팽나무,Celtis,sinensis,36.03373202,126.7176574,13-N-00093
팽나무,Celtis,sinensis,36.03415543,126.7177857,13-N-00094
팽나무,Celtis,sinensis,36.03423502,126.7178314,13-N-00095
팽나무,Celtis,sinensis,36.03430581,126.7177716,13-N-00096
팽나무,Celtis,sinensis,36.0343852,126.7177322,13-N-00097
팽나무,Celtis,sinensis,36.03444357,126.717854,13-N-00098
참나무,#N/A,#N/A,36.03431674,126.7178695,13-N-00099
참나무,#N/A,#N/A,36.03429109,126.7178816,13-N-00100
참나무,#N/A,#N/A,36.03426392,126.7179001,13-N-00101
참나무,#N/A,#N/A,36.03424134,126.717919,13-N-00102
참나무,#N/A,#N/A,36.03424112,126.7179548,13-N-00103
참나무,#N/A,#N/A,36.03429367,126.7179392,13-N-00104
참나무,#N/A,#N/A,36.03429666,126.7179117,13-N-00105
참나무,#N/A,#N/A,36.03433425,126.7179059,13-N-00106
참나무,#N/A,#N/A,36.03438681,126.7178967,13-N-00107
참나무,#N/A,#N/A,36.03435323,126.7179175,13-N-00108
참나무,#N/A,#N/A,36.03432853,126.7179421,13-N-00109
참나무,#N/A,#N/A,36.03429008,126.7179757,13-N-00110
참나무,#N/A,#N/A,36.03431735,126.7180019,13-N-00111
참나무,#N/A,#N/A,36.03426445,126.7179935,13-N-00112
참나무,#N/A,#N/A,36.03434385,126.7179571,13-N-00113
참나무,#N/A,#N/A,36.03437272,126.7180164,13-N-00114
참나무,#N/A,#N/A,36.03438747,126.7180472,13-N-00115
참나무,#N/A,#N/A,36.03441518,126.7179993,13-N-00116
참나무,#N/A,#N/A,36.03445391,126.7179612,13-N-00117
참나무,#N/A,#N/A,36.03444791,126.7180075,13-N-00118
참나무,#N/A,#N/A,36.03444188,126.7180459,13-N-00119
참나무,#N/A,#N/A,36.03441164,126.7180551,13-N-00120
참나무,#N/A,#N/A,36.0344212,126.7180919,13-N-00121
참나무,#N/A,#N/A,36.03445086,126.7180937,13-N-00122
참나무,#N/A,#N/A,36.03447987,126.7180785,13-N-00123
참나무,#N/A,#N/A,36.03447184,126.718042,13-N-00124
참나무,#N/A,#N/A,36.03447604,126.7180085,13-N-00125
느티나무,Zelkova,serrata,36.03452367,126.7179839,13-N-00126
참나무,#N/A,#N/A,36.0345321,126.7180576,13-N-00127
참나무,#N/A,#N/A,36.03455628,126.7180704,13-N-00128
참나무,#N/A,#N/A,36.03456311,126.7181155,13-N-00129
참나무,#N/A,#N/A,36.03455801,126.7181554,13-N-00130
참나무,#N/A,#N/A,36.03459435,126.7181372,13-N-00131
참나무,#N/A,#N/A,36.03459596,126.7181748,13-N-00132
참나무,#N/A,#N/A,36.03461631,126.7181187,13-N-00133
참나무,#N/A,#N/A,36.03464473,126.7181129,13-N-00134
느티나무,Zelkova,serrata,36.0346263,126.7180746,13-N-00135
느릅나무,Ulmus,davidiana,36.03467168,126.7181162,13-N-00136
참나무,#N/A,#N/A,36.03463734,126.7181389,13-N-00137
참나무,#N/A,#N/A,36.03462871,126.7182063,13-N-00138
참나무,#N/A,#N/A,36.03465311,126.7181817,13-N-00139
참나무,#N/A,#N/A,36.03467524,126.7181675,13-N-00140
참나무,#N/A,#N/A,36.03469582,126.7181444,13-N-00141
참나무,#N/A,#N/A,36.03470352,126.7181693,13-N-00142
참나무,#N/A,#N/A,36.03471391,126.7181975,13-N-00143
참나무,#N/A,#N/A,36.03469295,126.7182211,13-N-00144
참나무,#N/A,#N/A,36.0347159,126.7182323,13-N-00145
참나무,#N/A,#N/A,36.03474994,126.7182439,13-N-00146
참나무,#N/A,#N/A,36.0347407,126.7182139,13-N-00147
참나무,#N/A,#N/A,36.03473412,126.7181791,13-N-00148
참나무,#N/A,#N/A,36.03476473,126.7181982,13-N-00149
참나무,#N/A,#N/A,36.03477554,126.7182424,13-N-00150
왕버들,Salix,chaenomeloides,36.03476076,126.7181319,13-N-00151
상수리나무,Quercus,acutissima,36.0348487,126.7181535,13-N-00152
상수리나무,Quercus,acutissima,36.0348671,126.7181779,13-N-00153
상수리나무,Quercus,acutissima,36.03488094,126.7182136,13-N-00154
상수리나무,Quercus,acutissima,36.03490992,126.7181857,13-N-00155
굴참나무,Quercus,variabilis,36.03489263,126.7181472,13-N-00156
느티나무,Zelkova,serrata,36.03488784,126.7180569,13-N-00157
상수리나무,Quercus,acutissima,36.03491508,126.7181062,13-N-00158
참나무,#N/A,#N/A,36.03492512,126.7181476,13-N-00159
상수리나무,Quercus,acutissima,36.03491155,126.7182276,13-N-00160
상수리나무,Quercus,acutissima,36.03493873,126.7182482,13-N-00161
상수리나무,Quercus,acutissima,36.03497281,126.7182772,13-N-00162
상수리나무,Quercus,acutissima,36.03498609,126.7182367,13-N-00163
상수리나무,Quercus,acutissima,36.03495047,126.718202,13-N-00164
상수리나무,Quercus,acutissima,36.03494722,126.7181211,13-N-00165
상수리나무,Quercus,acutissima,36.03494214,126.7180732,13-N-00166
상수리나무,Quercus,acutissima,36.03497647,126.7180453,13-N-00167
상수리나무,Quercus,acutissima,36.03499221,126.7180791,13-N-00168
상수리나무,Quercus,acutissima,36.03498396,126.7181455,13-N-00169
상수리나무,Quercus,acutissima,36.03501287,126.7182498,13-N-00170
상수리나무,Quercus,acutissima,36.03502883,126.7182116,13-N-00171
상수리나무,Quercus,acutissima,36.03502106,126.7181571,13-N-00172
상수리나무,Quercus,acutissima,36.03501743,126.7180776,13-N-00173
상수리나무,Quercus,acutissima,36.03500704,126.7180461,13-N-00174
느티나무,Zelkova,serrata,36.03501959,126.7180202,13-N-00175
상수리나무,Quercus,acutissima,36.03505639,126.7180709,13-N-00176
상수리나무,Quercus,acutissima,36.03505115,126.7181156,13-N-00177
상수리나무,Quercus,acutissima,36.03505626,126.7181767,13-N-00178
상수리나무,Quercus,acutissima,36.03507245,126.7182374,13-N-00179
상수리나무,Quercus,acutissima,36.03510689,126.7182547,13-N-00180
상수리나무,Quercus,acutissima,36.03509415,126.7182029,13-N-00181
상수리나무,Quercus,acutissima,36.03508983,126.7181503,13-N-00182
상수리나무,Quercus,acutissima,36.03509047,126.7180976,13-N-00183
느티나무,Zelkova,serrata,36.03510402,126.7180105,13-N-00184
상수리나무,Quercus,acutissima,36.03512147,126.7181191,13-N-00185
상수리나무,Quercus,acutissima,36.03514141,126.7181477,13-N-00186
상수리나무,Quercus,acutissima,36.03514349,126.7182197,13-N-00187
상수리나무,Quercus,acutissima,36.0351459,126.71827,13-N-00188
참나무,#N/A,#N/A,36.03514598,126.7183034,13-N-00189
상수리나무,Quercus,acutissima,36.03517762,126.7182685,13-N-00190
참나무,#N/A,#N/A,36.03518938,126.7182313,13-N-00191
상수리나무,Quercus,acutissima,36.03522223,126.7182284,13-N-00192
상수리나무,Quercus,acutissima,36.03518466,126.7181772,13-N-00193
참나무,#N/A,#N/A,36.035201,126.7181367,13-N-00194
상수리나무,Quercus,acutissima,36.0351566,126.7181086,13-N-00195
참나무,#N/A,#N/A,36.03516474,126.7181566,13-N-00196
굴참나무,Quercus,variabilis,36.0351458,126.7180644,13-N-00197
팽나무,Celtis,sinensis,36.03513387,126.7180268,13-N-00198
팽나무,Celtis,sinensis,36.03522516,126.7180096,13-N-00199
상수리나무,Quercus,acutissima,36.03524634,126.718081,13-N-00200
상수리나무,Quercus,acutissima,36.03524803,126.7181502,13-N-00201
느티나무,Zelkova,serrata,36.03526148,126.7181802,13-N-00202
상수리나무,Quercus,acutissima,36.03529478,126.7180394,13-N-00203
왕버들,Salix,chaenomeloides,36.03532323,126.7179514,13-N-00204
상수리나무,Quercus,acutissima,36.03541815,126.7180122,13-N-00205
느릅나무,Ulmus,davidiana,36.03543202,126.7180634,13-N-00206
느티나무,Zelkova,serrata,36.03550243,126.7181017,13-N-00207
느티나무,Zelkova,serrata,36.03447126,126.7177152,13-N-00208
느티나무,Zelkova,serrata,36.03454374,126.7177422,13-N-00209
느티나무,Zelkova,serrata,36.03460827,126.7177194,13-N-00210
느티나무,Zelkova,serrata,36.03456683,126.7176499,13-N-00211
느티나무,Zelkova,serrata,36.0346222,126.7177946,13-N-00212
느티나무,Zelkova,serrata,36.03454358,126.7178367,13-N-00213
팽나무,Celtis,sinensis,36.03461565,126.717932,13-N-00214
느티나무,Zelkova,serrata,36.03466674,126.7178852,13-N-00215
서어나무,Carpinus,laxiflora,36.03474225,126.71798,13-N-00216
왕느릅나무,Ulmus,macrocarpa,36.03473439,126.7178883,13-N-00217
느릅나무,Ulmus,davidiana,36.03476631,126.717811,13-N-00218
느릅나무,Ulmus,davidiana,36.03476718,126.7176939,13-N-00219
왕느릅나무,Ulmus,macrocarpa,36.03464402,126.7176482,13-N-00220
팽나무,Celtis,sinensis,36.03466678,126.717578,13-N-00221
왕느릅나무,Ulmus,macrocarpa,36.03469988,126.717513,13-N-00222
왕느릅나무,Ulmus,macrocarpa,36.03478909,126.7175875,13-N-00223
서어나무,Carpinus,laxiflora,36.03485817,126.71771,13-N-00224
느티나무,Zelkova,serrata,36.03487788,126.7176445,13-N-00225
서어나무,Carpinus,laxiflora,36.03489305,126.7177546,13-N-00226
서어나무,Carpinus,laxiflora,36.03494561,126.7176815,13-N-00227
느릅나무,Ulmus,davidiana,36.03496337,126.7175953,13-N-00228
느티나무,Zelkova,serrata,36.03504065,126.7176317,13-N-00229
서어나무,Carpinus,laxiflora,36.03499543,126.7177392,13-N-00230
느티나무,Zelkova,serrata,36.03496188,126.7179369,13-N-00231
팽나무,Celtis,sinensis,36.03505356,126.717922,13-N-00232
팽나무,Celtis,sinensis,36.03510349,126.7178663,13-N-00233
서어나무,Carpinus,laxiflora,36.03506436,126.717802,13-N-00234
서어나무,Carpinus,laxiflora,36.03508521,126.7177294,13-N-00235
서어나무,Carpinus,laxiflora,36.03510106,126.7176456,13-N-00236
느릅나무,Ulmus,davidiana,36.03519913,126.717585,13-N-00237
팽나무,Celtis,sinensis,36.0351786,126.717795,13-N-00238
팽나무,Celtis,sinensis,36.03517733,126.7179041,13-N-00239
참나무,#N/A,#N/A,36.03567621,126.7181407,13-N-00240
참나무,#N/A,#N/A,36.03569711,126.7181735,13-N-00241
참나무,#N/A,#N/A,36.03571635,126.7181469,13-N-00242
참나무,#N/A,#N/A,36.03569791,126.7181081,13-N-00243
참나무,#N/A,#N/A,36.03573575,126.7181108,13-N-00244
참나무,#N/A,#N/A,36.03574087,126.7181736,13-N-00245
참나무,#N/A,#N/A,36.03576009,126.7181401,13-N-00246
참나무,#N/A,#N/A,36.03578173,126.7181631,13-N-00247
참나무,#N/A,#N/A,36.03577913,126.7181137,13-N-00248
참나무,#N/A,#N/A,36.03580785,126.7181404,13-N-00249
참나무,#N/A,#N/A,36.03584076,126.7181577,13-N-00250
참나무,#N/A,#N/A,36.03582248,126.7181037,13-N-00251
참나무,#N/A,#N/A,36.03585231,126.7181146,13-N-00252
참나무,#N/A,#N/A,36.03587017,126.7181522,13-N-00253
참나무,#N/A,#N/A,36.03589186,126.7181109,13-N-00254
느티나무,Zelkova,serrata,36.035933,126.7180576,13-N-00255
느티나무,Zelkova,serrata,36.0360094,126.7180435,13-N-00256
팽나무,Celtis,sinensis,36.03617621,126.7179645,13-N-00257
팽나무,Celtis,sinensis,36.0362663,126.7179238,13-N-00258
느티나무,Zelkova,serrata,36.03525995,126.7178523,13-N-00259
느티나무,Zelkova,serrata,36.03529348,126.7178927,13-N-00260
느티나무,Zelkova,serrata,36.03533932,126.7178861,13-N-00261
느티나무,Zelkova,serrata,36.0353739,126.717886,13-N-00262
느티나무,Zelkova,serrata,36.03541004,126.7178953,13-N-00263
느티나무,Zelkova,serrata,36.03546171,126.7179311,13-N-00264
느티나무,Zelkova,serrata,36.03550491,126.7180189,13-N-00265
느티나무,Zelkova,serrata,36.03554338,126.7180484,13-N-00266
느티나무,Zelkova,serrata,36.0355946,126.7180504,13-N-00267
이팝나무,Chionanthus,retusus,36.03552504,126.7178867,13-N-00268
이팝나무,Chionanthus,retusus,36.03556017,126.7178757,13-N-00269
이팝나무,Chionanthus,retusus,36.03559399,126.7178753,13-N-00270
이팝나무,Chionanthus,retusus,36.03563641,126.717875,13-N-00271
이팝나무,Chionanthus,retusus,36.03567022,126.7178697,13-N-00272
느릅나무,Ulmus,davidiana,36.03568561,126.7179943,13-N-00273
느티나무,Zelkova,serrata,36.03575062,126.7180152,13-N-00274
느티나무,Zelkova,serrata,36.03578729,126.7180064,13-N-00275
느티나무,Zelkova,serrata,36.03582243,126.7180013,13-N-00276
느티나무,Zelkova,serrata,36.03586024,126.7179904,13-N-00277
느티나무,Zelkova,serrata,36.035905,126.7179328,13-N-00278
이팝나무,Chionanthus,retusus,36.0356897,126.7178654,13-N-00279
이팝나무,Chionanthus,retusus,36.03571013,126.7178618,13-N-00280
이팝나무,Chionanthus,retusus,36.035734,126.7178558,13-N-00281
이팝나무,Chionanthus,retusus,36.03577373,126.7178467,13-N-00282
이팝나무,Chionanthus,retusus,36.03579987,126.7178339,13-N-00283
이팝나무,Chionanthus,retusus,36.03583021,126.717815,13-N-00284
이팝나무,Chionanthus,retusus,36.03585766,126.7177885,13-N-00285
이팝나무,Chionanthus,retusus,36.03588588,126.7177637,13-N-00286
이팝나무,Chionanthus,retusus,36.0359011,126.7177373,13-N-00287
이팝나무,Chionanthus,retusus,36.03592948,126.7176991,13-N-00288
이팝나무,Chionanthus,retusus,36.03594777,126.7176767,13-N-00289
이팝나무,Chionanthus,retusus,36.0359733,126.7176437,13-N-00290
이팝나무,Chionanthus,retusus,36.03600691,126.7176349,13-N-00291
이팝나무,Chionanthus,retusus,36.03603192,126.7176275,13-N-00292
이팝나무,Chionanthus,retusus,36.03605369,126.7176218,13-N-00293
이팝나무,Chionanthus,retusus,36.03607084,126.7176031,13-N-00294
느티나무,Zelkova,serrata,36.03579944,126.7174862,13-N-00295
느티나무,Zelkova,serrata,36.03584596,126.7174463,13-N-00296
느티나무,Zelkova,serrata,36.03593176,126.7174486,13-N-00297
느티나무,Zelkova,serrata,36.03596469,126.7174783,13-N-00298
느티나무,Zelkova,serrata,36.03599935,126.7175071,13-N-00299
느티나무,Zelkova,serrata,36.03603572,126.7175364,13-N-00300
느티나무,Zelkova,serrata,36.03608126,126.717564,13-N-00301
느티나무,Zelkova,serrata,36.03611244,126.7175799,13-N-00302
느티나무,Zelkova,serrata,36.03614286,126.7175965,13-N-00303
느티나무,Zelkova,serrata,36.03605064,126.7179495,13-N-00304
느티나무,Zelkova,serrata,36.0360995,126.7179277,13-N-00305
느티나무,Zelkova,serrata,36.03614852,126.7178896,13-N-00306
느티나무,Zelkova,serrata,36.03617634,126.7178585,13-N-00307
느티나무,Zelkova,serrata,36.03620032,126.7178188,13-N-00308
느티나무,Zelkova,serrata,36.03622868,126.7177722,13-N-00309
느티나무,Zelkova,serrata,36.03624886,126.7177373,13-N-00310
느티나무,Zelkova,serrata,36.03626346,126.7176902,13-N-00311
느티나무,Zelkova,serrata,36.0362813,126.7176381,13-N-00312
느티나무,Zelkova,serrata,36.03619775,126.7176184,13-N-00313
팽나무,Celtis,sinensis,36.03630818,126.7178592,13-N-00314
팽나무,Celtis,sinensis,36.03629671,126.7177754,13-N-00315
팽나무,Celtis,sinensis,36.03636565,126.7179192,13-N-00316
느티나무,Zelkova,serrata,36.03637323,126.7178133,13-N-00317
팽나무,Celtis,sinensis,36.03642262,126.7178524,13-N-00318
느티나무,Zelkova,serrata,36.03635898,126.7176842,13-N-00319
팽나무,Celtis,sinensis,36.03644378,126.7177498,13-N-00320
팽나무,Celtis,sinensis,36.03648518,126.7178844,13-N-00321
팽나무,Celtis,sinensis,36.03650603,126.7178128,13-N-00322
팽나무,Celtis,sinensis,36.03649005,126.7176802,13-N-00323
느티나무,Zelkova,serrata,36.03656296,126.7177279,13-N-00324
팽나무,Celtis,sinensis,36.03659417,126.7178386,13-N-00325
느티나무,Zelkova,serrata,36.03667618,126.7177717,13-N-00326
팽나무,Celtis,sinensis,36.03663835,126.7176952,13-N-00327
느티나무,Zelkova,serrata,36.0365772,126.7176102,13-N-00328
느티나무,Zelkova,serrata,36.03667151,126.7175739,13-N-00329
팽나무,Celtis,sinensis,36.03671219,126.7176476,13-N-00330
뜰보리수,Elaeagnus,multiflora,36.03703627,126.7172121,13-N-00331
뜰보리수,Elaeagnus,multiflora,36.03709443,126.7172023,13-N-00332
뜰보리수,Elaeagnus,multiflora,36.03714056,126.717199,13-N-00333
뜰보리수,Elaeagnus,multiflora,36.03719643,126.7171889,13-N-00334
뜰보리수,Elaeagnus,multiflora,36.03728758,126.7171942,13-N-00335
뜰보리수,Elaeagnus,multiflora,36.03733685,126.7171821,13-N-00336
뜰보리수,Elaeagnus,multiflora,36.03738727,126.7171699,13-N-00337
뜰보리수,Elaeagnus,multiflora,36.03744397,126.717152,13-N-00338
뜰보리수,Elaeagnus,multiflora,36.03751215,126.7171359,13-N-00339
뜰보리수,Elaeagnus,multiflora,36.03756257,126.7171294,13-N-00340
뜰보리수,Elaeagnus,multiflora,36.03761386,126.7171229,13-N-00341
뜰보리수,Elaeagnus,multiflora,36.03767206,126.7171294,13-N-00342
뜰보리수,Elaeagnus,multiflora,36.03772312,126.71715,13-N-00343
뜰보리수,Elaeagnus,multiflora,36.03778194,126.7171752,13-N-00344
뜰보리수,Elaeagnus,multiflora,36.0378273,126.7172093,13-N-00345
소나무,Pinus,densiflora,36.03827061,126.717054,13-N-00346
소나무,Pinus,densiflora,36.03826815,126.7169855,13-N-00347
소나무,Pinus,densiflora,36.03827832,126.7169213,13-N-00348
소나무,Pinus,densiflora,36.03830805,126.7168901,13-N-00349
소나무,Pinus,densiflora,36.03829133,126.7169689,13-N-00350
소나무,Pinus,densiflora,36.03828716,126.7170232,13-N-00351
소나무,Pinus,densiflora,36.0383225,126.7170595,13-N-00352
소나무,Pinus,densiflora,36.03834837,126.7169715,13-N-00353
소나무,Pinus,densiflora,36.03832047,126.7169282,13-N-00354
소나무,Pinus,densiflora,36.03833501,126.7168981,13-N-00355
소나무,Pinus,densiflora,36.03835341,126.7169214,13-N-00356
소나무,Pinus,densiflora,36.03836653,126.7170159,13-N-00357
소나무,Pinus,densiflora,36.03835802,126.7170516,13-N-00358
소나무,Pinus,densiflora,36.03840333,126.7170637,13-N-00359
소나무,Pinus,densiflora,36.03839477,126.7169597,13-N-00360
상수리나무,Quercus,acutissima,36.03845334,126.7168808,13-N-00361
상수리나무,Quercus,acutissima,36.03847949,126.7169096,13-N-00362
상수리나무,Quercus,acutissima,36.03847272,126.7169569,13-N-00363
상수리나무,Quercus,acutissima,36.03850409,126.7168894,13-N-00364
상수리나무,Quercus,acutissima,36.03850629,126.7168499,13-N-00365
상수리나무,Quercus,acutissima,36.03853497,126.7168568,13-N-00366
상수리나무,Quercus,acutissima,36.03851727,126.7168887,13-N-00367
상수리나무,Quercus,acutissima,36.0385317,126.7169303,13-N-00368
상수리나무,Quercus,acutissima,36.03853621,126.7168957,13-N-00369
상수리나무,Quercus,acutissima,36.03856416,126.7168401,13-N-00370
상수리나무,Quercus,acutissima,36.03859086,126.7168598,13-N-00371
상수리나무,Quercus,acutissima,36.03859329,126.7169177,13-N-00372
상수리나무,Quercus,acutissima,36.0385586,126.7169104,13-N-00373
상수리나무,Quercus,acutissima,36.03861348,126.7168499,13-N-00374
상수리나무,Quercus,acutissima,36.03860814,126.7168919,13-N-00375
상수리나무,Quercus,acutissima,36.03861541,126.7169384,13-N-00376
상수리나무,Quercus,acutissima,36.03863622,126.7168889,13-N-00377
상수리나무,Quercus,acutissima,36.03863323,126.7168388,13-N-00378
상수리나무,Quercus,acutissima,36.03865819,126.7168508,13-N-00379
상수리나무,Quercus,acutissima,36.03865238,126.716939,13-N-00380
상수리나무,Quercus,acutissima,36.03867934,126.7169453,13-N-00381
상수리나무,Quercus,acutissima,36.03869248,126.7169265,13-N-00382
상수리나무,Quercus,acutissima,36.03869029,126.7168471,13-N-00383
상수리나무,Quercus,acutissima,36.03872236,126.7168353,13-N-00384
상수리나무,Quercus,acutissima,36.03870647,126.7169021,13-N-00385
상수리나무,Quercus,acutissima,36.03872506,126.7168851,13-N-00386
상수리나무,Quercus,acutissima,36.03874532,126.7168504,13-N-00387
소나무,Pinus,densiflora,36.03873307,126.7170005,13-N-00388
소나무,Pinus,densiflora,36.03878123,126.7170056,13-N-00389
소나무,Pinus,densiflora,36.03875755,126.717054,13-N-00390
소나무,Pinus,densiflora,36.03872002,126.717058,13-N-00391
소나무,Pinus,densiflora,36.03877885,126.7170906,13-N-00392
소나무,Pinus,densiflora,36.03873218,126.7171127,13-N-00393
소나무,Pinus,densiflora,36.03878038,126.7171298,13-N-00394
소나무,Pinus,densiflora,36.03871286,126.7171805,13-N-00395
소나무,Pinus,densiflora,36.03877507,126.7171884,13-N-00396
소나무,Pinus,densiflora,36.03874042,126.7172016,13-N-00397
소나무,Pinus,densiflora,36.03868485,126.7172162,13-N-00398
소나무,Pinus,densiflora,36.03876664,126.7172604,13-N-00399
소나무,Pinus,densiflora,36.03872163,126.717256,13-N-00400
소나무,Pinus,densiflora,36.03874924,126.7172968,13-N-00401
소나무,Pinus,densiflora,36.03871749,126.7173234,13-N-00402
소나무,Pinus,densiflora,36.03866611,126.7172901,13-N-00403
소나무,Pinus,densiflora,36.03868025,126.7173317,13-N-00404
소나무,Pinus,densiflora,36.03865909,126.7173522,13-N-00405
소나무,Pinus,densiflora,36.03869093,126.717363,13-N-00406
소나무,Pinus,densiflora,36.03874052,126.717366,13-N-00407
소나무,Pinus,densiflora,36.03865861,126.71739,13-N-00408
소나무,Pinus,densiflora,36.03869905,126.7174015,13-N-00409
소나무,Pinus,densiflora,36.03873771,126.7173897,13-N-00410
상수리나무,Quercus,acutissima,36.03859715,126.7172162,13-N-00411
상수리나무,Quercus,acutissima,36.03859271,126.7172762,13-N-00412
상수리나무,Quercus,acutissima,36.03857104,126.7173243,13-N-00413
상수리나무,Quercus,acutissima,36.03853776,126.7173103,13-N-00414
상수리나무,Quercus,acutissima,36.03856402,126.7172671,13-N-00415
상수리나무,Quercus,acutissima,36.0385335,126.7172051,13-N-00416
상수리나무,Quercus,acutissima,36.0385593,126.7172107,13-N-00417
상수리나무,Quercus,acutissima,36.0385088,126.7171848,13-N-00418
상수리나무,Quercus,acutissima,36.03850719,126.7172314,13-N-00419
상수리나무,Quercus,acutissima,36.03852394,126.7172842,13-N-00420
상수리나무,Quercus,acutissima,36.03849011,126.7172801,13-N-00421
상수리나무,Quercus,acutissima,36.03848139,126.7172286,13-N-00422
상수리나무,Quercus,acutissima,36.03849761,126.7171795,13-N-00423
상수리나무,Quercus,acutissima,36.03848812,126.717164,13-N-00424
상수리나무,Quercus,acutissima,36.03846899,126.717198,13-N-00425
상수리나무,Quercus,acutissima,36.03845477,126.7172432,13-N-00426
상수리나무,Quercus,acutissima,36.03841948,126.7172278,13-N-00427
상수리나무,Quercus,acutissima,36.03845264,126.7171906,13-N-00428
상수리나무,Quercus,acutissima,36.03847145,126.7171454,13-N-00429
상수리나무,Quercus,acutissima,36.03845255,126.7171536,13-N-00430
상수리나무,Quercus,acutissima,36.0384294,126.7171822,13-N-00431
상수리나무,Quercus,acutissima,36.03840225,126.7172151,13-N-00432
상수리나무,Quercus,acutissima,36.03838846,126.7172018,13-N-00433
상수리나무,Quercus,acutissima,36.0383761,126.7171831,13-N-00434
상수리나무,Quercus,acutissima,36.03841303,126.7171664,13-N-00435
상수리나무,Quercus,acutissima,36.03843387,126.7171335,13-N-00436
상수리나무,Quercus,acutissima,36.03840062,126.7171305,13-N-00437
상수리나무,Quercus,acutissima,36.03835944,126.7171684,13-N-00438
상수리나무,Quercus,acutissima,36.03838285,126.7171309,13-N-00439
느티나무,Zelkova,serrata,36.03857672,126.7170624,13-N-00440
산벚나무,Prunus,sargentii,36.0384056,126.7172959,13-N-00441
산벚나무,Prunus,sargentii,36.03845298,126.7173349,13-N-00442
산벚나무,Prunus,sargentii,36.03854745,126.717408,13-N-00443
산벚나무,Prunus,sargentii,36.03859536,126.7174308,13-N-00444
산벚나무,Prunus,sargentii,36.03864958,126.7174503,13-N-00445
팽나무,Celtis,sinensis,36.03865883,126.7174828,13-N-00446
졸참나무,Quercus,serrata,36.03860757,126.7175048,13-N-00447
졸참나무,Quercus,serrata,36.03858031,126.717489,13-N-00448
졸참나무,Quercus,serrata,36.03854334,126.7174892,13-N-00449
졸참나무,Quercus,serrata,36.03850567,126.7175595,13-N-00450
졸참나무,Quercus,serrata,36.03853433,126.7175594,13-N-00451
졸참나무,Quercus,serrata,36.03855002,126.7175269,13-N-00452
졸참나무,Quercus,serrata,36.03856496,126.7175431,13-N-00453
졸참나무,Quercus,serrata,36.03860564,126.7175341,13-N-00454
졸참나무,Quercus,serrata,36.03861028,126.7175592,13-N-00455
졸참나무,Quercus,serrata,36.0385593,126.7175728,13-N-00456
졸참나무,Quercus,serrata,36.03854765,126.717618,13-N-00457
졸참나무,Quercus,serrata,36.03852753,126.717594,13-N-00458
졸참나무,Quercus,serrata,36.03858721,126.7176214,13-N-00459
졸참나무,Quercus,serrata,36.03860895,126.7176029,13-N-00460
졸참나무,Quercus,serrata,36.03861837,126.7175874,13-N-00461
팽나무,Celtis,sinensis,36.03883361,126.7174645,13-N-00462
팽나무,Celtis,sinensis,36.03903919,126.7170107,13-N-00463
팽나무,Celtis,sinensis,36.03916925,126.7169848,13-N-00464
팽나무,Celtis,sinensis,36.03930795,126.7169801,13-N-00465
이팝나무,Chionanthus,retusus,36.03937387,126.7169798,13-N-00466
이팝나무,Chionanthus,retusus,36.0394032,126.7170199,13-N-00467
이팝나무,Chionanthus,retusus,36.03943654,126.7170601,13-N-00468
팽나무,Celtis,sinensis,36.03946932,126.717103,13-N-00469
이팝나무,Chionanthus,retusus,36.03951584,126.7171395,13-N-00470
이팝나무,Chionanthus,retusus,36.03959686,126.7172246,13-N-00471
서어나무,Carpinus,laxiflora,36.03962107,126.7172803,13-N-00472
이팝나무,Chionanthus,retusus,36.03968998,126.7173337,13-N-00473
이팝나무,Chionanthus,retusus,36.03971526,126.7173604,13-N-00474
느릅나무,Ulmus,davidiana,36.03975208,126.7174153,13-N-00475
산딸나무,Cornus,kousa,36.03978423,126.7174364,13-N-00476
느릅나무,Ulmus,davidiana,36.03980958,126.7174914,13-N-00477
산딸나무,Cornus,kousa,36.03978558,126.7175232,13-N-00478
산수유,Cornus,officinalis,36.03985494,126.7175223,13-N-00479
팽나무,Celtis,sinensis,36.03998196,126.7176679,13-N-00480
상수리나무,Quercus,acutissima,36.04094585,126.7174379,13-N-00481
상수리나무,Quercus,acutissima,36.04092422,126.7173808,13-N-00482
뽕나무,Morus,alba,36.04100214,126.717486,13-N-00483
느티나무,Zelkova,serrata,36.04104792,126.7174499,13-N-00484
느티나무,Zelkova,serrata,36.04105022,126.7173352,13-N-00485
산수유,Cornus,officinalis,36.04113794,126.7174609,13-N-00486
산수유,Cornus,officinalis,36.04114764,126.7174414,13-N-00487
산수유,Cornus,officinalis,36.04115965,126.7174315,13-N-00488
산수유,Cornus,officinalis,36.04117595,126.7174163,13-N-00489
산수유,Cornus,officinalis,36.04120683,126.7173865,13-N-00490
산수유,Cornus,officinalis,36.04119896,126.7173272,13-N-00491
산수유,Cornus,officinalis,36.04121326,126.7173177,13-N-00492
산수유,Cornus,officinalis,36.04120722,126.7173067,13-N-00493
산수유,Cornus,officinalis,36.04122124,126.7172958,13-N-00494
산수유,Cornus,officinalis,36.04122471,126.7173099,13-N-00495
상수리나무,Quercus,acutissima,36.04101873,126.7172259,13-N-00496
상수리나무,Quercus,acutissima,36.04102413,126.7172075,13-N-00497
버드나무,Salix,koreensis,36.04134667,126.7170718,13-N-00498
버드나무,Salix,koreensis,36.04137964,126.7170752,13-N-00499
버드나무,Salix,koreensis,36.04138373,126.7169874,13-N-00500
버드나무,Salix,koreensis,36.04139345,126.7169774,13-N-00501
버드나무,Salix,koreensis,36.04142572,126.7170483,13-N-00502
버드나무,Salix,koreensis,36.04145466,126.7170436,13-N-00503
뜰보리수,Elaeagnus,multiflora,36.04147242,126.71704,13-N-00504
뜰보리수,Elaeagnus,multiflora,36.04145916,126.7170061,13-N-00505
뜰보리수,Elaeagnus,multiflora,36.04147606,126.7170047,13-N-00506
산수유,Cornus,officinalis,36.04149668,126.7169993,13-N-00507
산수유,Cornus,officinalis,36.04151059,126.7169424,13-N-00508
산수유,Cornus,officinalis,36.04150848,126.716898,13-N-00509
이팝나무,Chionanthus,retusus,36.0415394,126.7168813,13-N-00510
산벚나무,Prunus,sargentii,36.0408158,126.7174055,13-N-00511
산벚나무,Prunus,sargentii,36.04085144,126.7173277,13-N-00512
느티나무,Zelkova,serrata,36.03932619,126.7163301,13-N-00513
산뽕나무,Morus,bombycis,36.03705384,126.7178019,13-N-00514
산뽕나무,Morus,bombycis,36.03706498,126.7178066,13-N-00515
산뽕나무,Morus,bombycis,36.03707222,126.7178024,13-N-00516
산뽕나무,Morus,bombycis,36.03706737,126.7177941,13-N-00517
산뽕나무,Morus,bombycis,36.03707802,126.7177976,13-N-00518
산뽕나무,Morus,bombycis,36.03707268,126.717789,13-N-00519
산뽕나무,Morus,bombycis,36.03708381,126.7177938,13-N-00520
산뽕나무,Morus,bombycis,36.0370833,126.7177816,13-N-00521
꾸지뽕나무,Cudrania,tricuspidata,36.03708864,126.7177902,13-N-00522
꾸지뽕나무,Cudrania,tricuspidata,36.03709636,126.7177833,13-N-00523
꾸지뽕나무,Cudrania,tricuspidata,36.0370932,126.7177753,13-N-00524
꾸지뽕나무,Cudrania,tricuspidata,36.0371094,126.7177746,13-N-00525
산뽕나무,Morus,bombycis,36.0371019,126.7177737,13-N-00526
산뽕나무,Morus,bombycis,36.03709754,126.7177696,13-N-00527
산뽕나무,Morus,bombycis,36.03709172,126.7177651,13-N-00528
산뽕나무,Morus,bombycis,36.03711107,126.7177672,13-N-00529
산뽕나무,Morus,bombycis,36.03710863,126.7177573,13-N-00530
산뽕나무,Morus,bombycis,36.03711831,126.717757,13-N-00531
산뽕나무,Morus,bombycis,36.03712721,126.7177403,13-N-00532
산뽕나무,Morus,bombycis,36.03712117,126.7177391,13-N-00533
산뽕나무,Morus,bombycis,36.03711415,126.7177374,13-N-00534
처진뽕나무,Morus,alba,36.03709548,126.7177166,13-N-00535
처진뽕나무,Morus,alba,36.03709187,126.7177241,13-N-00536
처진뽕나무,Morus,alba,36.03708584,126.7177327,13-N-00537
처진뽕나무,Morus,alba,36.0370738,126.717753,13-N-00538
처진뽕나무,Morus,alba,36.03706656,126.7177608,13-N-00539
처진뽕나무,Morus,alba,36.03706127,126.7177712,13-N-00540
처진뽕나무,Morus,alba,36.03705622,126.7177858,13-N-00541
산뽕나무,Morus,bombycis,36.03713344,126.7177132,13-N-00542
산뽕나무,Morus,bombycis,36.03712859,126.7177076,13-N-00543
산뽕나무,Morus,bombycis,36.03714043,126.7177033,13-N-00544
산뽕나무,Morus,bombycis,36.0371334,126.7176965,13-N-00545
산뽕나무,Morus,bombycis,36.03714452,126.7176974,13-N-00546
산뽕나무,Morus,bombycis,36.03714813,126.7176893,13-N-00547
산뽕나무,Morus,bombycis,36.03715295,126.7176813,13-N-00548
산뽕나무,Morus,bombycis,36.03714905,126.717667,13-N-00549
산뽕나무,Morus,bombycis,36.03716018,126.7176705,13-N-00550
꾸지뽕나무,Cudrania,tricuspidata,36.037156,126.7176419,13-N-00551
꾸지뽕나무,Cudrania,tricuspidata,36.03716762,126.7176449,13-N-00552
꾸지뽕나무,Cudrania,tricuspidata,36.03716178,126.7176294,13-N-00553
꾸지뽕나무,Cudrania,tricuspidata,36.03717387,126.7176288,13-N-00554
꾸지뽕나무,Cudrania,tricuspidata,36.03718621,126.7176353,13-N-00555
꾸지뽕나무,Cudrania,tricuspidata,36.0371915,126.7176204,13-N-00556
꾸지뽕나무,Cudrania,tricuspidata,36.03718084,126.7176133,13-N-00557
꾸지뽕나무,Cudrania,tricuspidata,36.03720215,126.7176242,13-N-00558
산뽕나무,Morus,bombycis,36.03719485,126.717604,13-N-00559
산뽕나무,Morus,bombycis,36.03721034,126.7176105,13-N-00560
산뽕나무,Morus,bombycis,36.03719965,126.7175909,13-N-00561
산뽕나무,Morus,bombycis,36.03721296,126.7175941,13-N-00562
산뽕나무,Morus,bombycis,36.03722287,126.717592,13-N-00563
산뽕나무,Morus,bombycis,36.03721291,126.7175736,13-N-00564
산뽕나무,Morus,bombycis,36.03722138,126.7175768,13-N-00565
산뽕나무,Morus,bombycis,36.0372301,126.7175818,13-N-00566
산뽕나무,Morus,bombycis,36.03722837,126.7175655,13-N-00567
산뽕나무,Morus,bombycis,36.03723339,126.7175413,13-N-00568
산뽕나무,Morus,bombycis,36.03724644,126.7175386,13-N-00569
산뽕나무,Morus,bombycis,36.03725881,126.7175535,13-N-00570
산뽕나무,Morus,bombycis,36.03726985,126.7175171,13-N-00571
산뽕나무,Morus,bombycis,36.0372786,126.7175379,13-N-00572
산뽕나무,Morus,bombycis,36.03729405,126.7175253,13-N-00573
산뽕나무,Morus,bombycis,36.03728748,126.717506,13-N-00574
산뽕나무,Morus,bombycis,36.03728453,126.7174873,13-N-00575
산뽕나무,Morus,bombycis,36.03730099,126.7174952,13-N-00576
산뽕나무,Morus,bombycis,36.03731311,126.7175071,13-N-00577
산뽕나무,Morus,bombycis,36.03732976,126.7174904,13-N-00578
산뽕나무,Morus,bombycis,36.03732558,126.7174612,13-N-00579
산뽕나무,Morus,bombycis,36.03733962,126.7174683,13-N-00580
산뽕나무,Morus,bombycis,36.03735079,126.7174861,13-N-00581
산뽕나무,Morus,bombycis,36.03734708,126.7174516,13-N-00582
꾸지뽕나무,Cudrania,tricuspidata,36.03736254,126.7174459,13-N-00583
꾸지뽕나무,Cudrania,tricuspidata,36.03736963,126.7174783,13-N-00584
꾸지뽕나무,Cudrania,tricuspidata,36.03737171,126.7174348,13-N-00585
꾸지뽕나무,Cudrania,tricuspidata,36.03738142,126.7174506,13-N-00586
꾸지뽕나무,Cudrania,tricuspidata,36.03739427,126.7174648,13-N-00587
꾸지뽕나무,Cudrania,tricuspidata,36.03740227,126.7174746,13-N-00588
꾸지뽕나무,Cudrania,tricuspidata,36.03741111,126.7174302,13-N-00589
꾸지뽕나무,Cudrania,tricuspidata,36.03741772,126.7174621,13-N-00590
꾸지뽕나무,Cudrania,tricuspidata,36.03743069,126.7174269,13-N-00591
꾸지뽕나무,Cudrania,tricuspidata,36.0374356,126.7174575,13-N-00592
꾸지뽕나무,Cudrania,tricuspidata,36.03744789,126.7174387,13-N-00593
꾸지뽕나무,Cudrania,tricuspidata,36.03745615,126.7174527,13-N-00594
꾸지뽕나무,Cudrania,tricuspidata,36.03746187,126.7174173,13-N-00595
꾸지뽕나무,Cudrania,tricuspidata,36.03747403,126.7174473,13-N-00596
꾸지뽕나무,Cudrania,tricuspidata,36.03748463,126.7174315,13-N-00597
꾸지뽕나무,Cudrania,tricuspidata,36.03748781,126.7174446,13-N-00598
꾸지뽕나무,Cudrania,tricuspidata,36.03748241,126.7174139,13-N-00599
꾸지뽕나무,Cudrania,tricuspidata,36.03749892,126.7174395,13-N-00600
꾸지뽕나무,Cudrania,tricuspidata,36.03750271,126.7174088,13-N-00601
산뽕나무,Morus,bombycis,36.03751463,126.7174349,13-N-00602
산뽕나무,Morus,bombycis,36.03752864,126.7174319,13-N-00603
산뽕나무,Morus,bombycis,36.03752421,126.7173983,13-N-00605
산뽕나무,Morus,bombycis,36.03753787,126.7173944,13-N-00606
산뽕나무,Morus,bombycis,36.03754265,126.7174247,13-N-00607
산뽕나무,Morus,bombycis,36.03754748,126.7174208,13-N-00608
산뽕나무,Morus,bombycis,36.03755473,126.7174183,13-N-00609
산뽕나무,Morus,bombycis,36.03756487,126.7174124,13-N-00610
산뽕나무,Morus,bombycis,36.03757515,126.717411,13-N-00611
산뽕나무,Morus,bombycis,36.03757983,126.7173993,13-N-00612
산뽕나무,Morus,bombycis,36.03757303,126.7173847,13-N-00613
산뽕나무,Morus,bombycis,36.03756638,126.7173862,13-N-00614
산뽕나무,Morus,bombycis,36.0375578,126.7173891,13-N-00615
산뽕나무,Morus,bombycis,36.03754801,126.7173906,13-N-00616
꾸지뽕나무,Cudrania,tricuspidata,36.03751932,126.7173748,13-N-00617
꾸지뽕나무,Cudrania,tricuspidata,36.0375099,126.7173806,13-N-00618
처진뽕나무,Morus,alba,36.03749637,126.7173859,13-N-00619
처진뽕나무,Morus,alba,36.03746461,126.7173997,13-N-00620
처진뽕나무,Morus,alba,36.03745144,126.7174057,13-N-00621
처진뽕나무,Morus,alba,36.03744227,126.7174123,13-N-00622
처진뽕나무,Morus,alba,36.03742535,126.7174183,13-N-00623
처진뽕나무,Morus,alba,36.03740698,126.7174225,13-N-00624
처진뽕나무,Morus,alba,36.03738668,126.7174262,13-N-00625
처진뽕나무,Morus,alba,36.03736927,126.7174268,13-N-00626
처진뽕나무,Morus,alba,36.03734461,126.7174317,13-N-00627
처진뽕나무,Morus,alba,36.03732432,126.7174383,13-N-00628
처진뽕나무,Morus,alba,36.03731128,126.7174479,13-N-00629
처진뽕나무,Morus,alba,36.03729535,126.7174604,13-N-00630
처진뽕나무,Morus,alba,36.03727939,126.7174623,13-N-00631
산뽕나무,Morus,bombycis,36.03758569,126.7173963,13-N-00632
산뽕나무,Morus,bombycis,36.03758444,126.7173799,13-N-00633
산뽕나무,Morus,bombycis,36.03758634,126.7174156,13-N-00634
산뽕나무,Morus,bombycis,36.0375942,126.7174141,13-N-00635
산뽕나무,Morus,bombycis,36.03759352,126.7173851,13-N-00636
산뽕나무,Morus,bombycis,36.03760322,126.7173932,13-N-00637
산뽕나무,Morus,bombycis,36.03761351,126.7174006,13-N-00638
산뽕나무,Morus,bombycis,36.03761043,126.7173753,13-N-00639
산뽕나무,Morus,bombycis,36.03762257,126.7173976,13-N-00640
산뽕나무,Morus,bombycis,36.03761768,126.7173716,13-N-00641
산뽕나무,Morus,bombycis,36.03763103,126.7173946,13-N-00642
산뽕나무,Morus,bombycis,36.03762795,126.7173693,13-N-00643
산뽕나무,Morus,bombycis,36.0376364,126.7173663,13-N-00644
꾸지뽕나무,Cudrania,tricuspidata,36.03764486,126.7173648,13-N-00645
꾸지뽕나무,Cudrania,tricuspidata,36.03764552,126.7173856,13-N-00646
꾸지뽕나무,Cudrania,tricuspidata,36.03765271,126.7173588,13-N-00647
꾸지뽕나무,Cudrania,tricuspidata,36.03766359,126.7173565,13-N-00648
꾸지뽕나무,Cudrania,tricuspidata,36.03766726,126.7173759,13-N-00649
꾸지뽕나무,Cudrania,tricuspidata,36.03767083,126.7173506,13-N-00650
꾸지뽕나무,Cudrania,tricuspidata,36.03767511,126.7173714,13-N-00651
산뽕나무,Morus,bombycis,36.03768601,126.7173788,13-N-00652
산뽕나무,Morus,bombycis,36.03768777,126.7173564,13-N-00653
산뽕나무,Morus,bombycis,36.03769682,126.717349,13-N-00654
산뽕나무,Morus,bombycis,36.03769868,126.7173698,13-N-00655
산뽕나무,Morus,bombycis,36.03770526,126.7173393,13-N-00656
산뽕나무,Morus,bombycis,36.03770956,126.7173668,13-N-00657
산뽕나무,Morus,bombycis,36.03771677,126.7173482,13-N-00658
산뽕나무,Morus,bombycis,36.03772708,126.7173608,13-N-00659
산뽕나무,Morus,bombycis,36.03773127,126.7173451,13-N-00660
산뽕나무,Morus,bombycis,36.03773796,126.7173615,13-N-00661
산뽕나무,Morus,bombycis,36.03774756,126.7173309,13-N-00662
산뽕나무,Morus,bombycis,36.03774884,126.7173592,13-N-00663
산뽕나무,Morus,bombycis,36.03776268,126.7173316,13-N-00664
산뽕나무,Morus,bombycis,36.03776877,126.7173509,13-N-00665
산뽕나무,Morus,bombycis,36.03773427,126.7173347,13-N-00666
처진뽕나무,Morus,alba,36.03768829,126.717323,13-N-00667
처진뽕나무,Morus,alba,36.0376774,126.717317,13-N-00668
처진뽕나무,Morus,alba,36.03767986,126.7173341,13-N-00669
처진뽕나무,Morus,alba,36.03766837,126.7173342,13-N-00670
처진뽕나무,Morus,alba,36.03765627,126.717332,13-N-00671
처진뽕나무,Morus,alba,36.03765812,126.7173454,13-N-00672
처진뽕나무,Morus,alba,36.03764239,126.717341,13-N-00673
처진뽕나무,Morus,alba,36.03761943,126.7173455,13-N-00674
처진뽕나무,Morus,alba,36.03762127,126.7173574,13-N-00675
처진뽕나무,Morus,alba,36.03760615,126.7173545,13-N-00676
산벚나무,Prunus,sargentii,36.03776747,126.717313,13-N-00677
처진뽕나무,Morus,alba,36.03774806,126.717287,13-N-00678
처진뽕나무,Morus,alba,36.03773962,126.7172975,13-N-00679
처진뽕나무,Morus,alba,36.03772878,126.7173124,13-N-00680
처진뽕나무,Morus,alba,36.03771305,126.7173087,13-N-00681
처진뽕나무,Morus,alba,36.03770034,126.7173021,13-N-00682
산벚나무,Prunus,sargentii,36.0377045,126.717273,13-N-00683
음나무,Kalopanax,septemlobus,36.03768583,126.7173014,13-N-00684
음나무,Kalopanax,septemlobus,36.03767191,126.717297,13-N-00685
산뽕나무,Morus,bombycis,36.03768576,126.7172723,13-N-00686
산뽕나무,Morus,bombycis,36.03767724,126.7172515,13-N-00687
산뽕나무,Morus,bombycis,36.03765853,126.717262,13-N-00688
산뽕나무,Morus,bombycis,36.0376428,126.7172598,13-N-00689
살구나무,Prunus,armeniaca,36.03762888,126.7172532,13-N-00690
살구나무,Prunus,armeniaca,36.03761131,126.7172354,13-N-00691
살구나무,Prunus,armeniaca,36.03761872,126.7173009,13-N-00692
살구나무,Prunus,armeniaca,36.03759501,126.7172451,13-N-00693
꾸지뽕나무,Cudrania,tricuspidata,36.03758651,126.7172318,13-N-00694
꾸지뽕나무,Cudrania,tricuspidata,36.03758224,126.7172124,13-N-00695
꾸지뽕나무,Cudrania,tricuspidata,36.03757265,126.7172504,13-N-00696
꾸지뽕나무,Cudrania,tricuspidata,36.03756654,126.7172236,13-N-00697
꾸지뽕나무,Cudrania,tricuspidata,36.03755142,126.7172207,13-N-00698
뜰보리수,Elaeagnus,multiflora,36.03758187,126.7173129,13-N-00699
뜰보리수,Elaeagnus,multiflora,36.03756733,126.7172988,13-N-00700
뜰보리수,Elaeagnus,multiflora,36.03755527,126.7173138,13-N-00701
산수유,Cornus,officinalis,36.03755636,126.7172654,13-N-00702
산수유,Cornus,officinalis,36.03753763,126.7172677,13-N-00703
산수유,Cornus,officinalis,36.03753772,126.7173049,13-N-00704
오갈피나무,Eleutherococcus,sessiliflorus,36.03752267,126.7173355,13-N-00705
오갈피나무,Eleutherococcus,sessiliflorus,36.03751717,126.7173094,13-N-00706
오갈피나무,Eleutherococcus,sessiliflorus,36.03750208,126.7173177,13-N-00707
산뽕나무,Morus,bombycis,36.03751584,126.7172596,13-N-00708
산뽕나무,Morus,bombycis,36.03749591,126.7172671,13-N-00709
산뽕나무,Morus,bombycis,36.03748205,126.717285,13-N-00710
산뽕나무,Morus,bombycis,36.03747119,126.7172932,13-N-00711
산뽕나무,Morus,bombycis,36.03745669,126.7172977,13-N-00712
대추나무,Ziziphus,jujuba,36.03748576,126.71732,13-N-00713
대추나무,Ziziphus,jujuba,36.0374622,126.717329,13-N-00714
대추나무,Ziziphus,jujuba,36.03744099,126.717306,13-N-00715
대추나무,Ziziphus,jujuba,36.03743683,126.7173387,13-N-00716
대추나무,Ziziphus,jujuba,36.03742106,126.7173172,13-N-00717
산뽕나무,Morus,bombycis,36.03740053,126.717327,13-N-00718
산뽕나무,Morus,bombycis,36.0373799,126.7172965,13-N-00719
산뽕나무,Morus,bombycis,36.03735328,126.7172884,13-N-00720
산뽕나무,Morus,bombycis,36.03733395,126.717293,13-N-00721
산뽕나무,Morus,bombycis,36.03732005,126.7172967,13-N-00722
산뽕나무,Morus,bombycis,36.03730677,126.7173027,13-N-00723
산뽕나무,Morus,bombycis,36.03737831,126.7173896,13-N-00724
산뽕나무,Morus,bombycis,36.03736134,126.717371,13-N-00725
산뽕나무,Morus,bombycis,36.03734738,126.7173495,13-N-00726
산뽕나무,Morus,bombycis,36.03736671,126.7173405,13-N-00727
산뽕나무,Morus,bombycis,36.03733107,126.7173533,13-N-00728
산뽕나무,Morus,bombycis,36.0373129,126.7173399,13-N-00729
고욤나무,Diospyros,lotus,36.0372972,126.7173497,13-N-00730
고욤나무,Diospyros,lotus,36.0372797,126.7173616,13-N-00731
고욤나무,Diospyros,lotus,36.03728397,126.7173795,13-N-00732
산뽕나무,Morus,bombycis,36.03730028,126.7173735,13-N-00733
꾸지뽕나무,Cudrania,tricuspidata,36.03730518,126.717398,13-N-00734
꾸지뽕나무,Cudrania,tricuspidata,36.03728587,126.7174137,13-N-00735
꾸지뽕나무,Cudrania,tricuspidata,36.0372647,126.7174101,13-N-00736
꾸지뽕나무,Cudrania,tricuspidata,36.0372557,126.7174391,13-N-00737
처진뽕나무,Morus,alba,36.03723994,126.7174213,13-N-00738
처진뽕나무,Morus,alba,36.0372212,126.7174229,13-N-00739
처진뽕나무,Morus,alba,36.0372213,126.7174631,13-N-00740
꾸지뽕나무,Cudrania,tricuspidata,36.03724468,126.7173819,13-N-00741
꾸지뽕나무,Cudrania,tricuspidata,36.0372181,126.7173879,13-N-00742
산수유,Cornus,officinalis,36.03720239,126.7173924,13-N-00743
산수유,Cornus,officinalis,36.03720367,126.7174244,13-N-00744
산수유,Cornus,officinalis,36.0371898,126.7174364,13-N-00745
산수유,Cornus,officinalis,36.03717284,126.7174245,13-N-00746
음나무,Kalopanax,septemlobus,36.03718926,126.7174662,13-N-00747
음나무,Kalopanax,septemlobus,36.0371972,126.7174996,13-N-00748
산뽕나무,Morus,bombycis,36.03718996,126.7175071,13-N-00749
산뽕나무,Morus,bombycis,36.0371787,126.7174733,13-N-00750
산뽕나무,Morus,bombycis,36.03718575,126.7175164,13-N-00751
산뽕나무,Morus,bombycis,36.03718061,126.7175161,13-N-00752
산뽕나무,Morus,bombycis,36.03716995,126.7174822,13-N-00753
산뽕나무,Morus,bombycis,36.03716393,126.7174897,13-N-00754
감나무,Diospyros,kaki,36.03717578,126.7175176,13-N-00755
감나무,Diospyros,kaki,36.0371594,126.7174923,13-N-00756
감나무,Diospyros,kaki,36.03717065,126.7175206,13-N-00757
감나무,Diospyros,kaki,36.03715518,126.717499,13-N-00758
감나무,Diospyros,kaki,36.03716492,126.7175258,13-N-00759
산수유,Cornus,officinalis,36.03714844,126.7174618,13-N-00760
산수유,Cornus,officinalis,36.03714484,126.7174738,13-N-00761
산수유,Cornus,officinalis,36.03713969,126.7174652,13-N-00762
산수유,Cornus,officinalis,36.03714124,126.7174846,13-N-00763
산수유,Cornus,officinalis,36.03713457,126.7174764,13-N-00764
산뽕나무,Morus,bombycis,36.03711387,126.7174158,13-N-00765
자도나무,Prunus,salicina,36.03713826,126.7175036,13-N-00766
매실나무,Prunus,mume,36.03713011,126.7175055,13-N-00767
자도나무,Prunus,salicina,36.0371389,126.7175177,13-N-00768
매실나무,Prunus,mume,36.0371244,126.7175207,13-N-00769
매실나무,Prunus,mume,36.03713531,126.7175326,13-N-00770
매실나무,Prunus,mume,36.03711989,126.7175297,13-N-00771
매실나무,Prunus,mume,36.03711538,126.7175409,13-N-00772
매실나무,Prunus,mume,36.0371281,126.7175531,13-N-00773
매실나무,Prunus,mume,36.0371308,126.7175423,13-N-00774
꾸지뽕나무,Cudrania,tricuspidata,36.03715191,126.7175221,13-N-00775
꾸지뽕나무,Cudrania,tricuspidata,36.03715133,126.7175337,13-N-00776
호두나무,Juglans,regia,36.0371447,126.7175393,13-N-00777
호두나무,Juglans,regia,36.0371417,126.717549,13-N-00778
호두나무,Juglans,regia,36.03713598,126.7175609,13-N-00779
산뽕나무,Morus,bombycis,36.03710698,126.7175704,13-N-00780
산뽕나무,Morus,bombycis,36.03710017,126.7175858,13-N-00781
산뽕나무,Morus,bombycis,36.03710986,126.7175942,13-N-00782
산뽕나무,Morus,bombycis,36.03709215,126.7176046,13-N-00783
산뽕나무,Morus,bombycis,36.03708452,126.7176146,13-N-00784
오갈피나무,Eleutherococcus,sessiliflorus,36.03712032,126.7175857,13-N-00785
오갈피나무,Eleutherococcus,sessiliflorus,36.03710831,126.71762,13-N-00786
오갈피나무,Eleutherococcus,sessiliflorus,36.03711593,126.7176041,13-N-00787
모과나무,Chaenomeles,sinensis,36.0371015,126.7176359,13-N-00788
모과나무,Chaenomeles,sinensis,36.03709063,126.7176409,13-N-00789
모과나무,Chaenomeles,sinensis,36.03709348,126.7176567,13-N-00790
모과나무,Chaenomeles,sinensis,36.03708219,126.7176538,13-N-00791
모과나무,Chaenomeles,sinensis,36.03708384,126.7176707,13-N-00792
호두나무,Juglans,regia,36.03707459,126.7176791,13-N-00793
헛개나무,Hovenia,dulcis,36.03706899,126.717695,13-N-00794
헛개나무,Hovenia,dulcis,36.03705849,126.7176857,13-N-00795
산수유,Cornus,officinalis,36.03706216,126.717705,13-N-00796
산수유,Cornus,officinalis,36.03705815,126.7177129,13-N-00797
산수유,Cornus,officinalis,36.03704925,126.7177006,13-N-00798
산수유,Cornus,officinalis,36.03705212,126.7177209,13-N-00799
산수유,Cornus,officinalis,36.03704243,126.717713,13-N-00800
산수유,Cornus,officinalis,36.03704571,126.7177353,13-N-00801
꾸지뽕나무,Cudrania,tricuspidata,36.03703911,126.7176723,13-N-00802
꾸지뽕나무,Cudrania,tricuspidata,36.0370258,126.7176694,13-N-00803
꾸지뽕나무,Cudrania,tricuspidata,36.03702987,126.7176853,13-N-00804
꾸지뽕나무,Cudrania,tricuspidata,36.03701817,126.7176818,13-N-00805
꾸지뽕나무,Cudrania,tricuspidata,36.03702466,126.7176992,13-N-00806
꾸지뽕나무,Cudrania,tricuspidata,36.03701219,126.7177067,13-N-00807
산뽕나무,Morus,bombycis,36.03699848,126.7177062,13-N-00808
산뽕나무,Morus,bombycis,36.03700296,126.7177265,13-N-00809
산뽕나무,Morus,bombycis,36.03699332,126.717741,13-N-00810
산뽕나무,Morus,bombycis,36.03698402,126.7177246,13-N-00811
산뽕나무,Morus,bombycis,36.03696996,126.717747,13-N-00812
산뽕나무,Morus,bombycis,36.03694262,126.7177729,13-N-00813
산뽕나무,Morus,bombycis,36.03697553,126.7177167,13-N-00814
산벚나무,Prunus,sargentii,36.03693671,126.717834,13-N-00815
오갈피나무,Eleutherococcus,sessiliflorus,36.03700507,126.7177662,13-N-00816
오갈피나무,Eleutherococcus,sessiliflorus,36.03702557,126.7177409,13-N-00817
오갈피나무,Eleutherococcus,sessiliflorus,36.03701311,126.7177558,13-N-00818
오갈피나무,Eleutherococcus,sessiliflorus,36.0370256,126.7177562,13-N-00819
산벚나무,Prunus,sargentii,36.03776567,126.7174484,13-N-00820
산벚나무,Prunus,sargentii,36.03897616,126.7169873,13-N-00821
산벚나무,Prunus,sargentii,36.03894475,126.7170354,13-N-00822
산벚나무,Prunus,sargentii,36.03892422,126.717082,13-N-00823
산벚나무,Prunus,sargentii,36.03889919,126.7171494,13-N-00824
산벚나무,Prunus,sargentii,36.03887764,126.7172146,13-N-00825
산벚나무,Prunus,sargentii,36.03884921,126.7172835,13-N-00826
산벚나무,Prunus,sargentii,36.03883321,126.7173331,13-N-00827
산벚나무,Prunus,sargentii,36.03880756,126.7173949,13-N-00828
산벚나무,Prunus,sargentii,36.03878704,126.7174447,13-N-00829
산벚나무,Prunus,sargentii,36.03876375,126.7175041,13-N-00830
산벚나무,Prunus,sargentii,36.03873704,126.7175724,13-N-00831
산벚나무,Prunus,sargentii,36.03871503,126.7176284,13-N-00832
산벚나무,Prunus,sargentii,36.03869434,126.7176965,13-N-00833
산벚나무,Prunus,sargentii,36.03867428,126.7177569,13-N-00834
산벚나무,Prunus,sargentii,36.03854364,126.7180785,13-N-00835
산벚나무,Prunus,sargentii,36.03851958,126.7181314,13-N-00836
산벚나무,Prunus,sargentii,36.03848936,126.7181664,13-N-00837
산벚나무,Prunus,sargentii,36.03836707,126.7182385,13-N-00838
산벚나무,Prunus,sargentii,36.03830894,126.7182587,13-N-00839
산벚나무,Prunus,sargentii,36.03825841,126.7182699,13-N-00840
산벚나무,Prunus,sargentii,36.03820911,126.718283,13-N-00841
산벚나무,Prunus,sargentii,36.03815126,126.7182955,13-N-00842
산벚나무,Prunus,sargentii,36.03810165,126.7183127,13-N-00843
산벚나무,Prunus,sargentii,36.0380506,126.7183349,13-N-00844
산벚나무,Prunus,sargentii,36.03800326,126.7183621,13-N-00845
산벚나무,Prunus,sargentii,36.03795708,126.718398,13-N-00846
산벚나무,Prunus,sargentii,36.03791252,126.7184402,13-N-00847
산벚나무,Prunus,sargentii,36.03788198,126.7184812,13-N-00848
산벚나무,Prunus,sargentii,36.03784421,126.7185312,13-N-00849
산벚나무,Prunus,sargentii,36.03781049,126.7185869,13-N-00850
산벚나무,Prunus,sargentii,36.03778499,126.7186445,13-N-00851
산벚나무,Prunus,sargentii,36.03775916,126.718698,13-N-00852
산벚나무,Prunus,sargentii,36.03773641,126.7187592,13-N-00853
산벚나무,Prunus,sargentii,36.03771802,126.7188216,13-N-00854
산벚나무,Prunus,sargentii,36.03770768,126.7188828,13-N-00855
산벚나무,Prunus,sargentii,36.03771266,126.7189447,13-N-00856
산벚나무,Prunus,sargentii,36.03772813,126.7190092,13-N-00857
산벚나무,Prunus,sargentii,36.03775457,126.7190768,13-N-00858
산벚나무,Prunus,sargentii,36.03777235,126.7190964,13-N-00859
산벚나무,Prunus,sargentii,36.03763743,126.719105,13-N-00860
산벚나무,Prunus,sargentii,36.03763741,126.7190264,13-N-00861
왕버들,Salix,chaenomeloides,36.03761015,126.7190219,13-N-00862
산벚나무,Prunus,sargentii,36.03763512,126.7189464,13-N-00863
왕버들,Salix,chaenomeloides,36.03760841,126.7189,13-N-00864
산벚나무,Prunus,sargentii,36.03764368,126.718882,13-N-00865
왕버들,Salix,chaenomeloides,36.03761764,126.7188456,13-N-00866
산벚나무,Prunus,sargentii,36.03765462,126.7188046,13-N-00867
왕버들,Salix,chaenomeloides,36.03763553,126.7187777,13-N-00868
산벚나무,Prunus,sargentii,36.03766737,126.7187404,13-N-00869
왕버들,Salix,chaenomeloides,36.03766469,126.7186978,13-N-00870
산벚나무,Prunus,sargentii,36.03769304,126.7186875,13-N-00871
왕버들,Salix,chaenomeloides,36.03767752,126.7186719,13-N-00872
왕버들,Salix,chaenomeloides,36.03769455,126.7186468,13-N-00873
산벚나무,Prunus,sargentii,36.03772207,126.7186229,13-N-00874
왕버들,Salix,chaenomeloides,36.03771892,126.7185872,13-N-00875
왕버들,Salix,chaenomeloides,36.03773303,126.7185542,13-N-00876
산벚나무,Prunus,sargentii,36.03775192,126.7185653,13-N-00877
왕버들,Salix,chaenomeloides,36.03775619,126.7185295,13-N-00878
산벚나무,Prunus,sargentii,36.03777645,126.7185084,13-N-00879
왕버들,Salix,chaenomeloides,36.03778731,126.7184635,13-N-00880
산벚나무,Prunus,sargentii,36.03781404,126.7184525,13-N-00881
왕버들,Salix,chaenomeloides,36.03782169,126.7184142,13-N-00882
산벚나무,Prunus,sargentii,36.03784972,126.7184053,13-N-00883
산벚나무,Prunus,sargentii,36.03789491,126.7183573,13-N-00884
왕버들,Salix,chaenomeloides,36.03790144,126.7183241,13-N-00885
산벚나무,Prunus,sargentii,36.03793207,126.7183234,13-N-00886
왕버들,Salix,chaenomeloides,36.03794263,126.7182855,13-N-00887
산벚나무,Prunus,sargentii,36.03798302,126.718289,13-N-00888
왕버들,Salix,chaenomeloides,36.03799995,126.7182575,13-N-00889
산벚나무,Prunus,sargentii,36.03803036,126.7182628,13-N-00890
왕버들,Salix,chaenomeloides,36.03804955,126.7182339,13-N-00891
산벚나무,Prunus,sargentii,36.03808722,126.7182427,13-N-00892
왕버들,Salix,chaenomeloides,36.03810788,126.7182198,13-N-00893
산벚나무,Prunus,sargentii,36.03813796,126.718227,13-N-00894
왕버들,Salix,chaenomeloides,36.03815169,126.7182034,13-N-00895
왕버들,Salix,chaenomeloides,36.03817747,126.7181961,13-N-00896
산벚나무,Prunus,sargentii,36.03819499,126.7182066,13-N-00897
산벚나무,Prunus,sargentii,36.03825139,126.7181961,13-N-00898
왕버들,Salix,chaenomeloides,36.03827704,126.7181696,13-N-00899
산벚나무,Prunus,sargentii,36.0383023,126.7181816,13-N-00900
왕버들,Salix,chaenomeloides,36.0383215,126.7181551,13-N-00901
산벚나무,Prunus,sargentii,36.03835481,126.7181616,13-N-00902
왕버들,Salix,chaenomeloides,36.03836368,126.7181288,13-N-00903
산벚나무,Prunus,sargentii,36.03839442,126.7181395,13-N-00904
왕,Salix,chaenomeloides,36.03840265,126.71811,13-N-00905
산벚나무,Prunus,sargentii,36.03843787,126.718106,13-N-00906
왕버들,Salix,chaenomeloides,36.03844774,126.7180892,13-N-00907
산벚나무,Prunus,sargentii,36.03847229,126.7180713,13-N-00908
산벚나무,Prunus,sargentii,36.03848664,126.7180424,13-N-00909
산벚나무,Prunus,sargentii,36.03860174,126.7177323,13-N-00910
산벚나무,Prunus,sargentii,36.03863312,126.7176698,13-N-00911
산벚나무,Prunus,sargentii,36.03865905,126.7176065,13-N-00912
산벚나무,Prunus,sargentii,36.03867698,126.717551,13-N-00913
산벚나무,Prunus,sargentii,36.03870463,126.717486,13-N-00914
산벚나무,Prunus,sargentii,36.03873056,126.717422,13-N-00915
산벚나무,Prunus,sargentii,36.03876049,126.7173524,13-N-00916
산벚나무,Prunus,sargentii,36.03877799,126.7173015,13-N-00917
산벚나무,Prunus,sargentii,36.03879451,126.7172538,13-N-00918
산벚나무,Prunus,sargentii,36.03881642,126.7171888,13-N-00919
산벚나무,Prunus,sargentii,36.03882716,126.7171249,13-N-00920
산벚나무,Prunus,sargentii,36.03882702,126.7170663,13-N-00921
산벚나무,Prunus,sargentii,36.03881481,126.7169919,13-N-00922
팽나무,Celtis,sinensis,36.03651165,126.719243,13-N-00923
팽나무,Celtis,sinensis,36.03647541,126.7191903,13-N-00924
팽나무,Celtis,sinensis,36.03645432,126.7191308,13-N-00925
팽나무,Celtis,sinensis,36.03641198,126.7190885,13-N-00926
팽나무,Celtis,sinensis,36.03638057,126.7190314,13-N-00927
팽나무,Celtis,sinensis,36.03635145,126.7189879,13-N-00928
팽나무,Celtis,sinensis,36.03631197,126.7189273,13-N-00929
팽나무,Celtis,sinensis,36.03627606,126.7188758,13-N-00930
팽나무,Celtis,sinensis,36.03624273,126.7188275,13-N-00931
팽나무,Celtis,sinensis,36.03620039,126.718782,13-N-00932
팽나무,Celtis,sinensis,36.03614902,126.7187405,13-N-00933
팽나무,Celtis,sinensis,36.03610381,126.7187093,13-N-00934
팽나무,Celtis,sinensis,36.03605568,126.7186721,13-N-00935
팽나무,Celtis,sinensis,36.0360005,126.7186533,13-N-00936
팽나무,Celtis,sinensis,36.0359437,126.7186328,13-N-00937
팽나무,Celtis,sinensis,36.03588887,126.7186243,13-N-00938
팽나무,Celtis,sinensis,36.03583082,126.7186197,13-N-00939
팽나무,Celtis,sinensis,36.03577472,126.7186239,13-N-00940
팽나무,Celtis,sinensis,36.03572219,126.7186336,13-N-00941
느티나무,Zelkova,serrata,36.03564311,126.7186437,13-N-00942
느티나무,Zelkova,serrata,36.03558683,126.7186619,13-N-00943
느티나무,Zelkova,serrata,36.03553831,126.7186838,13-N-00944
느티나무,Zelkova,serrata,36.03548463,126.718712,13-N-00945
느티나무,Zelkova,serrata,36.03543311,126.7187426,13-N-00946
느티나무,Zelkova,serrata,36.03539045,126.7187891,13-N-00947
느티나무,Zelkova,serrata,36.03533085,126.7188821,13-N-00948
느티나무,Zelkova,serrata,36.03528914,126.7189436,13-N-00949
느티나무,Zelkova,serrata,36.03525466,126.7189998,13-N-00950
느티나무,Zelkova,serrata,36.0352306,126.7190386,13-N-00951
느티나무,Zelkova,serrata,36.03518753,126.7191074,13-N-00952
느티나무,Zelkova,serrata,36.03516037,126.7191435,13-N-00953
느티나무,Zelkova,serrata,36.035115,126.7191975,13-N-00954
느티나무,Zelkova,serrata,36.03501864,126.7192554,13-N-00955
느티나무,Zelkova,serrata,36.03497035,126.7192865,13-N-00956
느티나무,Zelkova,serrata,36.03492977,126.7193073,13-N-00957
느티나무,Zelkova,serrata,36.03487435,126.7193242,13-N-00958
느티나무,Zelkova,serrata,36.03481956,126.7193331,13-N-00959
느티나무,Zelkova,serrata,36.03476736,126.7193476,13-N-00960
느티나무,Zelkova,serrata,36.03471516,126.7193597,13-N-00961
느티나무,Zelkova,serrata,36.03466535,126.719366,13-N-00962
느티나무,Zelkova,serrata,36.03461893,126.7193702,13-N-00963
느티나무,Zelkova,serrata,36.03456347,126.719368,13-N-00964
느티나무,Zelkova,serrata,36.03450864,126.7193626,13-N-00965
느티나무,Zelkova,serrata,36.03446088,126.7193445,13-N-00966
느티나무,Zelkova,serrata,36.03440422,126.7193144,13-N-00967
느티나무,Zelkova,serrata,36.03435742,126.7192931,13-N-00968
느티나무,Zelkova,serrata,36.03431156,126.7192599,13-N-00969
느티나무,Zelkova,serrata,36.03426696,126.719218,13-N-00970
느티나무,Zelkova,serrata,36.03423011,126.7191764,13-N-00971
느티나무,Zelkova,serrata,36.03419067,126.7191325,13-N-00972
느티나무,Zelkova,serrata,36.03415412,126.7190866,13-N-00973
느티나무,Zelkova,serrata,36.03411276,126.7190466,13-N-009734
느티나무,Zelkova,serrata,36.03406945,126.7190047,13-N-00975
왕버들,Salix,chaenomeloides,36.03407163,126.7189698,13-N-00976
느티나무,Zelkova,serrata,36.03402521,126.7189763,13-N-00977
느티나무,Zelkova,serrata,36.03397451,126.7189405,13-N-00978
느티나무,Zelkova,serrata,36.03392115,126.7189195,13-N-00979
느티나무,Zelkova,serrata,36.03386439,126.7189144,13-N-00980
느티나무,Zelkova,serrata,36.03381709,126.7189098,13-N-00981
느티나무,Zelkova,serrata,36.0337629,126.7189026,13-N-00982
느티나무,Zelkova,serrata,36.03371175,126.7189038,13-N-00983
느티나무,Zelkova,serrata,36.03365631,126.7189157,13-N-00984
왕버들,Salix,chaenomeloides,36.03355718,126.7189004,13-N-00985
느티나무,Zelkova,serrata,36.03354867,126.718937,13-N-00986
느티나무,Zelkova,serrata,36.03343536,126.7189491,13-N-00987
느티나무,Zelkova,serrata,36.03338101,126.7189411,13-N-00988
느티나무,Zelkova,serrata,36.03332812,126.718936,13-N-00989
느티나무,Zelkova,serrata,36.03327535,126.7189141,13-N-00990
느티나무,Zelkova,serrata,36.0332287,126.7188865,13-N-00991
느티나무,Zelkova,serrata,36.03318202,126.7188495,13-N-00992
느티나무,Zelkova,serrata,36.03314471,126.7188225,13-N-00993
느티나무,Zelkova,serrata,36.03311173,126.7187831,13-N-00994
느티나무,Zelkova,serrata,36.03308229,126.7187411,13-N-00995
느티나무,Zelkova,serrata,36.03305237,126.7187009,13-N-00996
느티나무,Zelkova,serrata,36.03302469,126.718652,13-N-00997
느티나무,Zelkova,serrata,36.03347141,126.7190587,13-N-00998
느티나무,Zelkova,serrata,36.03349622,126.7190519,13-N-00999
느티나무,Zelkova,serrata,36.0335241,126.7190456,13-N-01000
느티나무,Zelkova,serrata,36.03358629,126.7190276,13-N-01001
느티나무,Zelkova,serrata,36.03364752,126.7190155,13-N-01002
느티나무,Zelkova,serrata,36.03373969,126.7189945,13-N-01003
느티나무,Zelkova,serrata,36.03379709,126.7189991,13-N-01004
느티나무,Zelkova,serrata,36.03384161,126.7190092,13-N-01005
느티나무,Zelkova,serrata,36.03389838,126.7190185,13-N-01006
느티나무,Zelkova,serrata,36.03394743,126.7190358,13-N-01007
느티나무,Zelkova,serrata,36.03399846,126.7190698,13-N-01008
느티나무,Zelkova,serrata,36.03404001,126.7190969,13-N-01009
느티나무,Zelkova,serrata,36.03409082,126.7191322,13-N-01010
느티나무,Zelkova,serrata,36.03412081,126.71918,13-N-01011
느티나무,Zelkova,serrata,36.03416155,126.7192275,13-N-01012
느티나무,Zelkova,serrata,36.03420164,126.7192742,13-N-01013
느티나무,Zelkova,serrata,36.03424494,126.7193137,13-N-01014
느티나무,Zelkova,serrata,36.03429339,126.7193509,13-N-01015
느티나무,Zelkova,serrata,36.0343528,126.719384,13-N-01016
느티나무,Zelkova,serrata,36.03440898,126.7194179,13-N-01017
느티나무,Zelkova,serrata,36.03444515,126.7194424,13-N-01018
느티나무,Zelkova,serrata,36.03449612,126.7194542,13-N-01019
느티나무,Zelkova,serrata,36.03455224,126.7194627,13-N-01020
느티나무,Zelkova,serrata,36.03460383,126.7194625,13-N-01021
느티나무,Zelkova,serrata,36.03465412,126.7194584,13-N-01022
느티나무,Zelkova,serrata,36.03470635,126.7194534,13-N-01023
느티나무,Zelkova,serrata,36.0347592,126.7194405,13-N-01024
느티나무,Zelkova,serrata,36.03481463,126.7194284,13-N-01025
느티나무,Zelkova,serrata,36.03485975,126.7194203,13-N-01026
느티나무,Zelkova,serrata,36.03491195,126.7194082,13-N-01027
느티나무,Zelkova,serrata,36.03496801,126.7193858,13-N-01028
느티나무,Zelkova,serrata,36.0350284,126.7193616,13-N-01029
느티나무,Zelkova,serrata,36.03507284,126.719336,13-N-01030
느티나무,Zelkova,serrata,36.03511404,126.7193057,13-N-01031
느티나무,Zelkova,serrata,36.03515587,126.7192682,13-N-01032
느티나무,Zelkova,serrata,36.03520122,126.7192213,13-N-01033
느티나무,Zelkova,serrata,36.03524111,126.7191788,13-N-01034
느티나무,Zelkova,serrata,36.03528182,126.7191252,13-N-01035
느티나무,Zelkova,serrata,36.03531522,126.7190674,13-N-01036
느티나무,Zelkova,serrata,36.03534262,126.7190165,13-N-01037
느티나무,Zelkova,serrata,36.03537603,126.7189639,13-N-01038
느티나무,Zelkova,serrata,36.03541115,126.7189093,13-N-01039
느티나무,Zelkova,serrata,36.03545405,126.7188694,13-N-01040
느티나무,Zelkova,serrata,36.03549694,126.718827,13-N-01041
느티나무,Zelkova,serrata,36.03553384,126.7187977,13-N-01042
느티나무,Zelkova,serrata,36.03559138,126.7187679,13-N-01043
느티나무,Zelkova,serrata,36.03564551,126.7187513,13-N-01044
느티나무,Zelkova,serrata,36.03569447,126.7187304,13-N-01045
팽나무,Celtis,sinensis,36.03574088,126.7187181,13-N-01046
팽나무,Celtis,sinensis,36.03579331,126.71871,13-N-01047
팽나무,Celtis,sinensis,36.03583801,126.7187082,13-N-01048
팽나무,Celtis,sinensis,36.03589586,126.7187176,13-N-01049
팽나무,Celtis,sinensis,36.03595167,126.7187301,13-N-01050
팽나무,Celtis,sinensis,36.03599814,126.7187474,13-N-01051
팽나무,Celtis,sinensis,36.03605074,126.718767,13-N-01052
팽나무,Celtis,sinensis,36.0360966,126.718799,13-N-01053
팽나무,Celtis,sinensis,36.03614247,126.7188322,13-N-01054
팽나무,Celtis,sinensis,36.03617965,126.7188769,13-N-01055
팽나무,Celtis,sinensis,36.03621683,126.7189197,13-N-01056
팽나무,Celtis,sinensis,36.03625047,126.7189656,13-N-01057
팽나무,Celtis,sinensis,36.03628899,126.719029,13-N-01058
팽나무,Celtis,sinensis,36.03632554,126.7190785,13-N-01059
팽나무,Celtis,sinensis,36.03635953,126.7191339,13-N-01060
팽나무,Celtis,sinensis,36.03638933,126.7191918,13-N-01061
팽나무,Celtis,sinensis,36.03642363,126.7192433,13-N-01062
팽나무,Celtis,sinensis,36.03321215,126.7190753,13-N-01063
팽나무,Celtis,sinensis,36.03315189,126.719045,13-N-01064
팽나무,Celtis,sinensis,36.03310688,126.7189981,13-N-01065
팽나무,Celtis,sinensis,36.03306948,126.7189382,13-N-01066
팽나무,Celtis,sinensis,36.03304162,126.7188725,13-N-01067
팽나무,Celtis,sinensis,36.03301281,126.7188091,13-N-01068
팽나무,Celtis,sinensis,36.0329888,126.7187539,13-N-01069
팽나무,Celtis,sinensis,36.03296097,126.7186987,13-N-01070
팽나무,Celtis,sinensis,36.03293406,126.7186329,13-N-01071
팽나무,Celtis,sinensis,36.03290719,126.7185824,13-N-01072
팽나무,Celtis,sinensis,36.03288701,126.7185331,13-N-01073
팽나무,Celtis,sinensis,36.03285725,126.718472,13-N-01074
팽나무,Celtis,sinensis,36.03283323,126.7184133,13-N-01075
팽나무,Celtis,sinensis,36.03280921,126.7183534,13-N-01076
팽나무,Celtis,sinensis,36.03278232,126.7182959,13-N-01077
팽나무,Celtis,sinensis,36.03275448,126.7182383,13-N-01078
팽나무,Celtis,sinensis,36.03272664,126.718182,13-N-01079
팽나무,Celtis,sinensis,36.03269593,126.7181233,13-N-01080
굴참나무,Quercus,variabilis,36.03184653,126.7255679,13-N-01081
모감주나무,Koelreuteria,paniculata,36.03185058,126.72554,13-N-01082
모감주나무,Koelreuteria,paniculata,36.03340496,126.7191133,13-N-01083
모감주나무,Koelreuteria,paniculata,36.03186733,126.725551,13-N-01084
모감주나무,Koelreuteria,paniculata,36.03187843,126.7255637,13-N-01085
모감주나무,Koelreuteria,paniculata,36.03188131,126.7255858,13-N-01086
모감주나무,Koelreuteria,paniculata,36.03190029,126.7255598,13-N-01087
산벚나무,Prunus,sargentii,36.03860606,126.7191038,13-N-01088
산벚나무,Prunus,sargentii,36.0386281,126.7191201,13-N-01089
산벚나무,Prunus,sargentii,36.03876929,126.7190896,13-N-01090
산벚나무,Prunus,sargentii,36.03879014,126.7190931,13-N-01091
산벚나무,Prunus,sargentii,36.03881042,126.7191009,13-N-01092
갈참나무,Quercus,aliena,36.03882397,126.7191992,13-N-01093
느티나무,Zelkova,serrata,36.03894035,126.7192031,13-N-01094
모감주나무,Koelreuteria,paniculata,36.03897921,126.7192336,13-N-01095
물푸레나무,Fraxinus,rhynchophylla,36.03900347,126.7192114,13-N-01096
모감주나무,Koelreuteria,paniculata,36.0390435,126.7192462,13-N-01097
물푸레나무,Fraxinus,rhynchophylla,36.03909274,126.7192589,13-N-01098
상수리나무,Quercus,acutissima,36.03846901,126.7202177,13-N-01099
상수리나무,Quercus,acutissima,36.03849145,126.7202098,13-N-01100
상수리나무,Quercus,acutissima,36.03852345,126.7202428,13-N-01101
상수리나무,Quercus,acutissima,36.03851892,126.7201916,13-N-01102
상수리나무,Quercus,acutissima,36.03855491,126.7202228,13-N-01103
상수리나무,Quercus,acutissima,36.03856569,126.7201973,13-N-01104
산벚나무,Prunus,sargentii,36.03857344,126.720254,13-N-01105
산벚나무,Prunus,sargentii,36.03859314,126.7202866,13-N-01106
붉나무,Rhus,javanica,36.03862707,126.7202757,13-N-01107
붉나무,Rhus,javanica,36.0385932,126.7202467,13-N-01108
붉나무,Rhus,javanica,36.03859153,126.7202299,13-N-01109
동백나무,Camellia,japonica,36.0386035,126.7201498,13-N-01110
동백나무,Camellia,japonica,36.03859176,126.7201527,13-N-01111
동백나무,Camellia,japonica,36.03859603,126.7201429,13-N-01112
동백나무,Camellia,japonica,36.0385997,126.7201326,13-N-01113
동백나무,Camellia,japonica,36.03858651,126.7201367,13-N-01114
서어나무,Carpinus,laxiflora,36.03882315,126.7204424,13-N-01115
서어나무,Carpinus,laxiflora,36.03880903,126.7204289,13-N-01116
서어나무,Carpinus,laxiflora,36.03882525,126.7204213,13-N-01117
서어나무,Carpinus,laxiflora,36.03881634,126.720367,13-N-01118
서어나무,Carpinus,laxiflora,36.03879818,126.7203632,13-N-01119
서어나무,Carpinus,laxiflora,36.03881342,126.7203472,13-N-01120
서어나무,Carpinus,laxiflora,36.03879691,126.720336,13-N-01121
서어나무,Carpinus,laxiflora,36.03880282,126.7202922,13-N-01122
서어나무,Carpinus,laxiflora,36.0387976,126.7202658,13-N-01123
느티나무,Zelkova,serrata,36.03861609,126.7220795,13-N-01124
서어나무,Carpinus,laxiflora,36.03859633,126.7220588,13-N-01125
서어나무,Carpinus,laxiflora,36.03857845,126.7220338,13-N-01126
서어나무,Carpinus,laxiflora,36.0385653,126.7220088,13-N-01127
서어나무,Carpinus,laxiflora,36.03855203,126.721977,13-N-01128
서어나무,Carpinus,laxiflora,36.03853727,126.7219549,13-N-01129
동백나무,Camellia,japonica,36.03814738,126.7203183,13-N-01130
동백나무,Camellia,japonica,36.03831043,126.7202386,13-N-01131
동백나무,Camellia,japonica,36.03798965,126.7203363,13-N-01132
동백나무,Camellia,japonica,36.03778701,126.720309,13-N-01133
동백나무,Camellia,japonica,36.03777966,126.7203195,13-N-01134
소나무,Pinus,densiflora,36.03652125,126.7202663,13-N-01135
소나무,Pinus,densiflora,36.03651358,126.7202997,13-N-01136
소나무,Pinus,densiflora,36.03652395,126.7203184,13-N-01137
모감주나무,Koelreuteria,paniculata,36.03653614,126.7203862,13-N-01138
모감주나무,Koelreuteria,paniculata,36.03652051,126.7204211,13-N-01139
모감주나무,Koelreuteria,paniculata,36.0365327,126.7204579,13-N-01140
소나무,Pinus,densiflora,36.03653453,126.7205018,13-N-01141
소나무,Pinus,densiflora,36.03653442,126.7205364,13-N-01142
소나무,Pinus,densiflora,36.03654576,126.7206019,13-N-01143
소나무,Pinus,densiflora,36.036573,126.7206249,13-N-01144
청단풍,#N/A,#N/A,36.03656958,126.7206524,13-N-01145
소나무,Pinus,densiflora,36.03654054,126.7206447,13-N-01146
소나무,Pinus,densiflora,36.03655336,126.7206999,13-N-01147
소나무,Pinus,densiflora,36.03652232,126.7206885,13-N-01148
소나무,Pinus,densiflora,36.03651949,126.7207153,13-N-01149
산수유,Cornus,officinalis,36.03650578,126.7207284,13-N-01150
서어나무,Carpinus,laxiflora,36.03649814,126.7207169,13-N-01151
서어나무,Carpinus,laxiflora,36.03648352,126.720724,13-N-01152
서어나무,Carpinus,laxiflora,36.03646882,126.7207294,13-N-01153
서어나무,Carpinus,laxiflora,36.03634797,126.720747,13-N-01154
서어나무,Carpinus,laxiflora,36.03633606,126.7207448,13-N-01155
서어나무,Carpinus,laxiflora,36.03632568,126.7207526,13-N-01156
졸참나무,Quercus,serrata,36.03611547,126.7207707,13-N-01157
졸참나무,Quercus,serrata,36.03613972,126.7207473,13-N-01158
졸참나무,Quercus,serrata,36.03612696,126.7207302,13-N-01159
졸참나무,Quercus,serrata,36.03609389,126.7207112,13-N-01160
졸참나무,Quercus,serrata,36.03609449,126.7207448,13-N-01161
신갈나무,Quercus,mongolica,36.03604797,126.7207609,13-N-01162
소나무,Pinus,densiflora,36.03600781,126.7207807,13-N-01163
소나무,Pinus,densiflora,36.0360121,126.7207497,13-N-01164
소나무,Pinus,densiflora,36.0360261,126.7207294,13-N-01165
소나무,Pinus,densiflora,36.03599653,126.7207241,13-N-01166
소나무,Pinus,densiflora,36.03597009,126.7206013,13-N-01167
소나무,Pinus,densiflora,36.03597584,126.7205727,13-N-01168
소나무,Pinus,densiflora,36.03595019,126.7205847,13-N-01169
소나무,Pinus,densiflora,36.03593085,126.7205985,13-N-01170
소나무,Pinus,densiflora,36.03593075,126.7205556,13-N-01171
소나무,Pinus,densiflora,36.03591046,126.7205831,13-N-01172
소나무,Pinus,densiflora,36.03596587,126.7206622,13-N-01173
소나무,Pinus,densiflora,36.03593978,126.7206915,13-N-01174
소나무,Pinus,densiflora,36.03593387,126.7206498,13-N-01175
소나무,Pinus,densiflora,36.03590487,126.7206785,13-N-01176
소나무,Pinus,densiflora,36.03591715,126.7207494,13-N-01177
소나무,Pinus,densiflora,36.03589296,126.7207632,13-N-01178
소나무,Pinus,densiflora,36.03589723,126.7207239,13-N-01179
소나무,Pinus,densiflora,36.03587739,126.7207347,13-N-01180
소나무,Pinus,densiflora,36.03585951,126.7207508,13-N-01181
졸참나무,Quercus,serrata,36.03589894,126.7206252,13-N-01182
때죽나무,Styrax,japonicus,36.03587531,126.7206724,13-N-01183
소나무,Pinus,densiflora,36.03584912,126.7206614,13-N-01184
소나무,Pinus,densiflora,36.03582932,126.7206842,13-N-01185
소나무,Pinus,densiflora,36.03580365,126.7206896,13-N-01186
소나무,Pinus,densiflora,36.03581584,126.720723,13-N-01187
소나무,Pinus,densiflora,36.03579259,126.7207213,13-N-01188
소나무,Pinus,densiflora,36.03577462,126.7207022,13-N-01189
소나무,Pinus,densiflora,36.03577422,126.7207368,13-N-01190
산벚나무,Prunus,sargentii,36.03576047,126.7206573,13-N-01191
산벚나무,Prunus,sargentii,36.03574172,126.7207199,13-N-01192
단풍나무,Acer,palmatum,36.03572722,126.7207349,13-N-01193
단풍나무,Acer,palmatum,36.03572467,126.7206789,13-N-01194
단풍나무,Acer,palmatum,36.0356932,126.7206879,13-N-01195
단풍나무,Acer,palmatum,36.03571877,126.7206407,13-N-01196
단풍나무,Acer,palmatum,36.03570087,126.7206533,13-N-01197
단풍나무,Acer,palmatum,36.03569559,126.7206736,13-N-01198
단풍나무,Acer,palmatum,36.03567717,126.7206659,13-N-01199
소나무,Pinus,densiflora,36.03568852,126.7207385,13-N-01200
느티나무,Zelkova,serrata,36.02973681,126.7183462,13-N-01201
복자기,Acer,triflorum,36.03341499,126.7192048,13-N-01202
복자기,Acer,triflorum,36.03341607,126.7192312,13-N-01203
복자기,Acer,triflorum,36.03342875,126.7192597,13-N-01204
복자기,Acer,triflorum,36.03344583,126.719276,13-N-01205
복자기,Acer,triflorum,36.03344657,126.7193012,13-N-01206
느티나무,Zelkova,serrata,36.03348374,126.7193107,13-N-01207
느티나무,Zelkova,serrata,36.03347569,126.7193636,13-N-01208
산딸나무,Cornus,kousa,36.0334999,126.719369,13-N-01209
산딸나무,Cornus,kousa,36.03348905,126.7193942,13-N-01210
산딸나무,Cornus,kousa,36.03350782,126.7194034,13-N-01211
느티나무,Zelkova,serrata,36.03351664,126.719387,13-N-01212
산딸나무,Cornus,kousa,36.0335212,126.7194415,13-N-01213
버드나무,Salix,koreensis,36.03351751,126.7194688,13-N-01214
산딸나무,Cornus,kousa,36.03354799,126.7195295,13-N-01215
산딸나무,Cornus,kousa,36.03357023,126.7195647,13-N-01216
산딸나무,Cornus,kousa,36.03355095,126.7194855,13-N-01217
느티나무,Zelkova,serrata,36.03358213,126.719555,13-N-01218
느티나무,Zelkova,serrata,36.03358531,126.7196045,13-N-01219
느티나무,Zelkova,serrata,36.03359938,126.7196426,13-N-01220
산수유,Cornus,officinalis,36.03364142,126.7196958,13-N-01221
산수유,Cornus,officinalis,36.03365952,126.71971,13-N-01222
산수유,Cornus,officinalis,36.03364626,126.7197226,13-N-01223
산수유,Cornus,officinalis,36.03366637,126.7197246,13-N-01224
산수유,Cornus,officinalis,36.03365687,126.7197406,13-N-01225
느티나무,Zelkova,serrata,36.03367325,126.7197527,13-N-01226
느티나무,Zelkova,serrata,36.03369924,126.7197892,13-N-01227
느티나무,Zelkova,serrata,36.03372513,126.7197828,13-N-01228
팽나무,Celtis,sinensis,36.03377358,126.7199517,13-N-01229
오리나무,Alnus,japonica,36.03377852,126.7200213,13-N-01230
느티나무,Zelkova,serrata,36.03380863,126.7200733,13-N-01231
산사나무,Crataegus,pinnatifida,36.03381964,126.7201152,13-N-01232
산사나무,Crataegus,pinnatifida,36.03384077,126.720116,13-N-01233
느티나무,Zelkova,serrata,36.03386117,126.7200966,13-N-01234
산사나무,Crataegus,pinnatifida,36.03383266,126.7201454,13-N-01235
산사나무,Crataegus,pinnatifida,36.03384704,126.7201764,13-N-01236
산딸나무,Cornus,kousa,36.03386279,126.7202032,13-N-01237
산딸나무,Cornus,kousa,36.03388056,126.7202241,13-N-01238
산딸나무,Cornus,kousa,36.03390645,126.7202206,13-N-01239
산딸나무,Cornus,kousa,36.03391334,126.7202491,13-N-01240
팽나무,Celtis,sinensis,36.03392886,126.7201836,13-N-01241
산딸나무,Cornus,kousa,36.03394199,126.7202608,13-N-01242
산딸나무,Cornus,kousa,36.03396996,126.7202699,13-N-01243
산사나무,Crataegus,pinnatifida,36.03399384,126.7202782,13-N-01244
산사나무,Crataegus,pinnatifida,36.03402108,126.7202655,13-N-01245
산사나무,Crataegus,pinnatifida,36.03402796,126.7202949,13-N-01246
산사나무,Crataegus,pinnatifida,36.03404837,126.7202772,13-N-01247
느티나무,Zelkova,serrata,36.03407765,126.7202645,13-N-01248
느티나무,Zelkova,serrata,36.03408933,126.7203014,13-N-01249
느티나무,Zelkova,serrata,36.03411928,126.7202853,13-N-01250
산수유,Cornus,officinalis,36.03410916,126.7203282,13-N-01251
산수유,Cornus,officinalis,36.03412549,126.7203189,13-N-01252
산수유,Cornus,officinalis,36.03413983,126.7203281,13-N-01253
산수유,Cornus,officinalis,36.03412895,126.7203382,13-N-01254
산수유,Cornus,officinalis,36.0341467,126.720349,13-N-01255
소나무,Pinus,densiflora,36.03566909,126.7207187,13-N-01256
소나무,Pinus,densiflora,36.03565034,126.7207532,13-N-01257
소나무,Pinus,densiflora,36.03564349,126.7207039,13-N-01258
소나무,Pinus,densiflora,36.03559239,126.7207177,13-N-01259
산벚나무,Prunus,sargentii,36.03578601,126.7206544,13-N-01260
소나무,Pinus,densiflora,36.03574856,126.7206339,13-N-01261
소나무,Pinus,densiflora,36.03573396,126.7206078,13-N-01262
소나무,Pinus,densiflora,36.03574819,126.7205938,13-N-01263
소나무,Pinus,densiflora,36.03574032,126.7205657,13-N-01264
소나무,Pinus,densiflora,36.03572493,126.7205406,13-N-01265
소나무,Pinus,densiflora,36.03571532,126.7205753,13-N-01266
소나무,Pinus,densiflora,36.03571024,126.7206036,13-N-01267
소나무,Pinus,densiflora,36.035689,126.720584,13-N-01268
소나무,Pinus,densiflora,36.03569044,126.7205534,13-N-01269
소나무,Pinus,densiflora,36.03568041,126.7205385,13-N-01270
소나무,Pinus,densiflora,36.03566127,126.7206396,13-N-01271
소나무,Pinus,densiflora,36.03568211,126.7206157,13-N-01272
소나무,Pinus,densiflora,36.03567053,126.7205836,13-N-01273
소나무,Pinus,densiflora,36.03565393,126.7206046,13-N-01274
소나무,Pinus,densiflora,36.03561092,126.7205969,13-N-01275
소나무,Pinus,densiflora,36.03563397,126.7206177,13-N-01276
소나무,Pinus,densiflora,36.0356401,126.7206475,13-N-01277
소나무,Pinus,densiflora,36.0356244,126.7206669,13-N-01278
소나무,Pinus,densiflora,36.03561524,126.720633,13-N-01279
소나무,Pinus,densiflora,36.03559948,126.7206256,13-N-01280
소나무,Pinus,densiflora,36.03558065,126.7206011,13-N-01281
소나무,Pinus,densiflora,36.03560962,126.7205596,13-N-01282
소나무,Pinus,densiflora,36.0355881,126.7205511,13-N-01283
소나무,Pinus,densiflora,36.03557544,126.7205739,13-N-01284
소나무,Pinus,densiflora,36.03557554,126.7206186,13-N-01285
소나무,Pinus,densiflora,36.03557715,126.7206596,13-N-01286
소나무,Pinus,densiflora,36.0356038,126.7206599,13-N-01287
졸참나무,Quercus,serrata,36.03584017,126.7206029,13-N-01288
졸참나무,Quercus,serrata,36.0357704,126.7205446,13-N-01289
상수리나무,Quercus,acutissima,36.03576723,126.7204433,13-N-01290
잣나무,Pinus,koraiensis,36.03577395,126.720414,13-N-01291
잣나무,Pinus,koraiensis,36.03574538,126.7204219,13-N-01292
잣나무,Pinus,koraiensis,36.03573757,126.7203948,13-N-01293
소나무,Pinus,densiflora,36.0361179,126.7199958,13-N-01294
소나무,Pinus,densiflora,36.03609937,126.7199698,13-N-01295
소나무,Pinus,densiflora,36.03606275,126.7199744,13-N-01296
소나무,Pinus,densiflora,36.03594716,126.7200039,13-N-01297
소나무,Pinus,densiflora,36.03593741,126.7199778,13-N-01298
소나무,Pinus,densiflora,36.03591894,126.7199775,13-N-01299
소나무,Pinus,densiflora,36.03590752,126.7198833,13-N-01300
상수리나무,Quercus,acutissima,36.0301442,126.723637,13-N-01301
상수리나무,Quercus,acutissima,36.03013112,126.7235562,13-N-01302
상수리나무,Quercus,acutissima,36.03011429,126.7234698,13-N-01303
상수리나무,Quercus,acutissima,36.03008201,126.7233895,13-N-01304
상수리나무,Quercus,acutissima,36.03005405,126.7233201,13-N-01305
상수리나무,Quercus,acutissima,36.03001545,126.7232387,13-N-01306
상수리나무,Quercus,acutissima,36.02997632,126.7231732,13-N-01307
상수리나무,Quercus,acutissima,36.02993258,126.723095,13-N-01308
상수리나무,Quercus,acutissima,36.02989056,126.7230186,13-N-01309
상수리나무,Quercus,acutissima,36.02985914,126.7229429,13-N-01310
상수리나무,Quercus,acutissima,36.02983546,126.7228664,13-N-01311
상수리나무,Quercus,acutissima,36.02981404,126.7227751,13-N-01312
상수리나무,Quercus,acutissima,36.02979232,126.7226756,13-N-01313
상수리나무,Quercus,acutissima,36.02977375,126.7225804,13-N-01314
상수리나무,Quercus,acutissima,36.0297507,126.7224037,13-N-01315
상수리나무,Quercus,acutissima,36.02974048,126.7223219,13-N-01316
상수리나무,Quercus,acutissima,36.02972766,126.7222299,13-N-01317
상수리나무,Quercus,acutissima,36.02971771,126.7221438,13-N-01318
상수리나무,Quercus,acutissima,36.02970104,126.721875,13-N-01319
상수리나무,Quercus,acutissima,36.02969138,126.7217858,13-N-01320
상수리나무,Quercus,acutissima,36.02968058,126.7217032,13-N-01321
상수리나무,Quercus,acutissima,36.02966204,126.72162,13-N-01322
상수리나무,Quercus,acutissima,36.02964034,126.7215322,13-N-01323
상수리나무,Quercus,acutissima,36.0296115,126.721454,13-N-01324
상수리나무,Quercus,acutissima,36.0295818,126.7213751,13-N-01325
상수리나무,Quercus,acutissima,36.02953492,126.7213075,13-N-01326
상수리나무,Quercus,acutissima,36.02948919,126.7212374,13-N-01327
상수리나무,Quercus,acutissima,36.02943602,126.7211741,13-N-01328
상수리나무,Quercus,acutissima,36.02938256,126.7211076,13-N-01329
상수리나무,Quercus,acutissima,36.02933798,126.7210422,13-N-01330
상수리나무,Quercus,acutissima,36.02928938,126.7209721,13-N-01331
상수리나무,Quercus,acutissima,36.02924394,126.7209063,13-N-01332
상수리나무,Quercus,acutissima,36.02919962,126.7208267,13-N-01333
상수리나무,Quercus,acutissima,36.02915186,126.7207492,13-N-01334
상수리나무,Quercus,acutissima,36.02911071,126.7206795,13-N-01335
상수리나무,Quercus,acutissima,36.02906839,126.7205975,13-N-01336
상수리나무,Quercus,acutissima,36.02903984,126.7205231,13-N-01337
상수리나무,Quercus,acutissima,36.02899811,126.7204485,13-N-01338
상수리나무,Quercus,acutissima,36.02896841,126.7203723,13-N-01339
상수리나무,Quercus,acutissima,36.02967803,126.721322,13-N-01340
상수리나무,Quercus,acutissima,36.02975612,126.7213055,13-N-01341
상수리나무,Quercus,acutissima,36.02981975,126.7212796,13-N-01342
상수리나무,Quercus,acutissima,36.02988554,126.7212669,13-N-01343
상수리나무,Quercus,acutissima,36.02996576,126.7212572,13-N-01344
상수리나무,Quercus,acutissima,36.03005965,126.7212788,13-N-01345
상수리나무,Quercus,acutissima,36.03012858,126.7213376,13-N-01346
상수리나무,Quercus,acutissima,36.03017841,126.7214059,13-N-01347
상수리나무,Quercus,acutissima,36.03026693,126.7214924,13-N-01348
상수리나무,Quercus,acutissima,36.03030827,126.7215581,13-N-01349
상수리나무,Quercus,acutissima,36.03034832,126.7216181,13-N-01350
상수리나무,Quercus,acutissima,36.03040178,126.7216911,13-N-01351
상수리나무,Quercus,acutissima,36.03046223,126.721756,13-N-01352
상수리나무,Quercus,acutissima,36.03052676,126.7217531,13-N-01353
상수리나무,Quercus,acutissima,36.03057619,126.7218282,13-N-01354
상수리나무,Quercus,acutissima,36.03061286,126.7218937,13-N-01355
상수리나무,Quercus,acutissima,36.03064446,126.7219715,13-N-01356
상수리나무,Quercus,acutissima,36.03067185,126.7220649,13-N-01357
상수리나무,Quercus,acutissima,36.03068203,126.7221517,13-N-01358
상수리나무,Quercus,acutissima,36.03063343,126.7222506,13-N-01359
상수리나무,Quercus,acutissima,36.03062152,126.7223348,13-N-01360
상수리나무,Quercus,acutissima,36.03059922,126.722422,13-N-01361
상수리나무,Quercus,acutissima,36.03064642,126.7224519,13-N-01362
상수리나무,Quercus,acutissima,36.03062711,126.7225486,13-N-01363
상수리나무,Quercus,acutissima,36.03060693,126.722636,13-N-01364
상수리나무,Quercus,acutissima,36.03063747,126.7227153,13-N-01365
상수리나무,Quercus,acutissima,36.03063981,126.7228089,13-N-01366
상수리나무,Quercus,acutissima,36.0306521,126.7228894,13-N-01367
상수리나무,Quercus,acutissima,36.03066272,126.7229808,13-N-01368
상수리나무,Quercus,acutissima,36.0307017,126.7230506,13-N-01369
상수리나무,Quercus,acutissima,36.03080061,126.7231314,13-N-01370
상수리나무,Quercus,acutissima,36.03081258,126.7232117,13-N-01371
상수리나무,Quercus,acutissima,36.03087072,126.7232923,13-N-01372
상수리나무,Quercus,acutissima,36.03091198,126.7233674,13-N-01373
상수리나무,Quercus,acutissima,36.03094401,126.7234473,13-N-01374
상수리나무,Quercus,acutissima,36.03096716,126.7235444,13-N-01375
상수리나무,Quercus,acutissima,36.03097274,126.7236181,13-N-01376
상수리나무,Quercus,acutissima,36.03097072,126.7237071,13-N-01377
상수리나무,Quercus,acutissima,36.03095658,126.7237895,13-N-01378
상수리나무,Quercus,acutissima,36.03093796,126.7238649,13-N-01379
상수리나무,Quercus,acutissima,36.03089741,126.7239556,13-N-01380
상수리나무,Quercus,acutissima,36.0308603,126.7240216,13-N-01381
상수리나무,Quercus,acutissima,36.03081363,126.7240848,13-N-01382
상수리나무,Quercus,acutissima,36.03076122,126.7241415,13-N-01383
상수리나무,Quercus,acutissima,36.03068347,126.72419,13-N-01384
상수리나무,Quercus,acutissima,36.03062608,126.7242286,13-N-01385
상수리나무,Quercus,acutissima,36.03056267,126.7242821,13-N-01386
상수리나무,Quercus,acutissima,36.03051667,126.7243589,13-N-01387
상수리나무,Quercus,acutissima,36.03049788,126.7244262,13-N-01388
상수리나무,Quercus,acutissima,36.03049876,126.7245358,13-N-01389
상수리나무,Quercus,acutissima,36.03048401,126.7246296,13-N-01390
상수리나무,Quercus,acutissima,36.03044832,126.7246901,13-N-01391
상수리나무,Quercus,acutissima,36.03077373,126.7238693,13-N-01392
상수리나무,Quercus,acutissima,36.03080707,126.7237852,13-N-01393
상수리나무,Quercus,acutissima,36.03081942,126.7236712,13-N-01394
상수리나무,Quercus,acutissima,36.03081057,126.7235618,13-N-01395
상수리나무,Quercus,acutissima,36.03084471,126.7234537,13-N-01396
상수리나무,Quercus,acutissima,36.03077563,126.7233252,13-N-01397
상수리나무,Quercus,acutissima,36.03073654,126.723277,13-N-01398
상수리나무,Quercus,acutissima,36.03068544,126.7232408,13-N-01399
상수리나무,Quercus,acutissima,36.0306306,126.723198,13-N-01400
소나무,Pinus,densiflora,36.03574803,126.7199107,13-N-01401
소나무,Pinus,densiflora,36.03576506,126.7199427,13-N-01402
소나무,Pinus,densiflora,36.03572109,126.7199137,13-N-01403
느티나무,Zelkova,serrata,36.03594399,126.719576,13-N-01404
신갈나무,Quercus,mongolica,36.03587057,126.7196131,13-N-01405
떡갈나무,Quercus,dentata,36.03584313,126.7196014,13-N-01406
신갈나무,Quercus,mongolica,36.03583161,126.7196415,13-N-01407
신갈나무,Quercus,mongolica,36.035806,126.7196234,13-N-01408
신갈나무,Quercus,mongolica,36.03579463,126.7196669,13-N-01409
서어나무,Carpinus,laxiflora,36.03581298,126.7195871,13-N-01410
서어나무,Carpinus,laxiflora,36.03582033,126.7195691,13-N-01411
느티나무,Zelkova,serrata,36.03579635,126.7195992,13-N-01412
상수리나무,Quercus,acutissima,36.03581602,126.7195328,13-N-01413
졸참나무,Quercus,serrata,36.03577794,126.7195488,13-N-01414
졸참나무,Quercus,serrata,36.03576604,126.7195181,13-N-01415
상수리나무,Quercus,acutissima,36.03572712,126.7195416,13-N-01416
상수리나무,Quercus,acutissima,36.03576434,126.7195965,13-N-01417
상수리나무,Quercus,acutissima,36.03568705,126.7195523,13-N-01418
졸참나무,Quercus,serrata,36.03579437,126.7196135,13-N-01419
소나무,Pinus,densiflora,36.03576401,126.7196276,13-N-01420
소나무,Pinus,densiflora,36.03574451,126.7196357,13-N-01421
소나무,Pinus,densiflora,36.03576925,126.7196551,13-N-01422
졸참나무,Quercus,serrata,36.03577226,126.7196801,13-N-01423
졸참나무,Quercus,serrata,36.03575117,126.7196765,13-N-01424
졸참나무,Quercus,serrata,36.03576639,126.719732,13-N-01425
졸참나무,Quercus,serrata,36.03573032,126.7196982,13-N-01426
졸참나무,Quercus,serrata,36.03572529,126.7196663,13-N-01427
졸참나무,Quercus,serrata,36.03570005,126.7196536,13-N-01428
졸참나무,Quercus,serrata,36.03573021,126.7196108,13-N-01429
상수리나무,Quercus,acutissima,36.03570643,126.7196169,13-N-01430
졸참나무,Quercus,serrata,36.03568412,126.7196417,13-N-01431
졸참나무,Quercus,serrata,36.03569183,126.7196246,13-N-01432
상수리나무,Quercus,acutissima,36.03567193,126.7195932,13-N-01433
상수리나무,Quercus,acutissima,36.03565851,126.7195579,13-N-01434
신갈나무,Quercus,mongolica,36.03533971,126.7204614,13-N-01435
졸참나무,Quercus,serrata,36.03536294,126.7204926,13-N-01436
졸참나무,Quercus,serrata,36.03533208,126.7204997,13-N-01437
졸참나무,Quercus,serrata,36.03532012,126.7205339,13-N-01438
졸참나무,Quercus,serrata,36.03535781,126.7205326,13-N-01439
졸참나무,Quercus,serrata,36.03537264,126.7205619,13-N-01440
상수리나무,Quercus,acutissima,36.03543449,126.720618,13-N-01441
느릅나무,Ulmus,davidiana,36.03546904,126.7206139,13-N-01442
떡갈나무,Quercus,dentata,36.03550284,126.720597,13-N-01443
갈참나무,Quercus,aliena,36.03551541,126.7206344,13-N-01444
버드나무,Salix,koreensis,36.03548704,126.7206412,13-N-01445
상수리나무,Quercus,acutissima,36.03551655,126.7206851,13-N-01446
상수리나무,Quercus,acutissima,36.03550279,126.7207255,13-N-01447
상수리나무,Quercus,acutissima,36.03547217,126.7207376,13-N-01448
상수리나무,Quercus,acutissima,36.03549574,126.7207649,13-N-01449
이팝나무,Chionanthus,retusus,36.03531426,126.7206206,13-N-01450
이팝나무,Chionanthus,retusus,36.03533723,126.720628,13-N-01451
이팝나무,Chionanthus,retusus,36.03528568,126.7206292,13-N-01452
이팝나무,Chionanthus,retusus,36.03536249,126.7206583,13-N-01453
이팝나무,Chionanthus,retusus,36.03536944,126.7206016,13-N-01454
이팝나무,Chionanthus,retusus,36.03537413,126.7206392,13-N-01455
이팝나무,Chionanthus,retusus,36.03539659,126.7206132,13-N-01456
이팝나무,Chionanthus,retusus,36.03540853,126.7206664,13-N-01457
이팝나무,Chionanthus,retusus,36.03537419,126.7206896,13-N-01458
이팝나무,Chionanthus,retusus,36.03533873,126.7206888,13-N-01459
갈참나무,Quercus,aliena,36.03532671,126.7206629,13-N-01460
졸참나무,Quercus,serrata,36.03544005,126.7207354,13-N-01461
이팝나무,Chionanthus,retusus,36.03543227,126.7206958,13-N-01462
이팝나무,Chionanthus,retusus,36.03544174,126.7207065,13-N-01463
졸참나무,Quercus,serrata,36.03540427,126.7206834,13-N-01464
모감주나무,Koelreuteria,paniculata,36.03547571,126.720762,13-N-01465
모감주나무,Koelreuteria,paniculata,36.03547139,126.7207909,13-N-01466
모감주나무,Koelreuteria,paniculata,36.03545983,126.720777,13-N-01467
상수리나무,Quercus,acutissima,36.03545672,126.720788,13-N-01468
모감주나무,Koelreuteria,paniculata,36.03543891,126.720802,13-N-01469
모감주나무,Koelreuteria,paniculata,36.03543867,126.7208193,13-N-01470
이팝나무,Chionanthus,retusus,36.03542809,126.7207641,13-N-01471
상수리나무,Quercus,acutissima,36.03539222,126.7207856,13-N-01472
이팝나무,Chionanthus,retusus,36.03535258,126.7207741,13-N-01473
졸참나무,Quercus,serrata,36.03531123,126.7207021,13-N-01474
갈참나무,Quercus,aliena,36.03527875,126.7206646,13-N-01475
상수리나무,Quercus,acutissima,36.03530011,126.720671,13-N-01476
모감주나무,Koelreuteria,paniculata,36.03537503,126.7207311,13-N-01477
모감주나무,Koelreuteria,paniculata,36.03540053,126.7207462,13-N-01478
갈참나무,Quercus,aliena,36.03541423,126.7207746,13-N-01479
모감주나무,Koelreuteria,paniculata,36.03541463,126.7208041,13-N-01480
갈참나무,Quercus,aliena,36.03541366,126.720819,13-N-01481
모감주나무,Koelreuteria,paniculata,36.03538936,126.7208077,13-N-01482
모감주나무,Koelreuteria,paniculata,36.03537197,126.7207973,13-N-01483
모감주나무,Koelreuteria,paniculata,36.03537388,126.7208291,13-N-01484
모감주나무,Koelreuteria,paniculata,36.03534586,126.720797,13-N-01485
모감주나무,Koelreuteria,paniculata,36.03533417,126.7208274,13-N-01486
모감주나무,Koelreuteria,paniculata,36.03535728,126.7208338,13-N-01487
모감주나무,Koelreuteria,paniculata,36.03529011,126.7206949,13-N-01488
갈참나무,Quercus,aliena,36.03530231,126.7207233,13-N-01489
이팝나무,Chionanthus,retusus,36.03532856,126.720781,13-N-01490
상수리나무,Quercus,acutissima,36.03533125,126.7207338,13-N-01491
살구나무,Prunus,armeniaca,36.03535459,126.7208473,13-N-01492
갈참나무,Quercus,aliena,36.03532869,126.7208382,13-N-01493
이팝나무,Chionanthus,retusus,36.03529337,126.7207516,13-N-01494
갈참나무,Quercus,aliena,36.03525611,126.7207295,13-N-01495
이팝나무,Chionanthus,retusus,36.03526447,126.7207698,13-N-01496
이팝나무,Chionanthus,retusus,36.03531011,126.7207826,13-N-01497
이팝나무,Chionanthus,retusus,36.03529303,126.7207953,13-N-01498
이팝나무,Chionanthus,retusus,36.03531923,126.7208181,13-N-01499
이팝나무,Chionanthus,retusus,36.03530517,126.7208335,13-N-01500
살구나무,Prunus,armeniaca,36.03533488,126.7208565,13-N-01501
이팝나무,Chionanthus,retusus,36.03531422,126.7208493,13-N-01502
이팝나무,Chionanthus,retusus,36.03526601,126.7208106,13-N-01503
떡갈나무,Quercus,dentata,36.03527696,126.7208323,13-N-01504
이팝나무,Chionanthus,retusus,36.03529102,126.7208607,13-N-01505
신갈나무,Quercus,mongolica,36.03527158,126.7208743,13-N-01506
이팝나무,Chionanthus,retusus,36.03526017,126.7208157,13-N-01507
이팝나무,Chionanthus,retusus,36.03525384,126.7208453,13-N-01508
이팝나무,Chionanthus,retusus,36.03524907,126.7208237,13-N-01509
자귀나무,Albizia,julibrissin,36.03523822,126.7208788,13-N-01510
이팝나무,Chionanthus,retusus,36.03521683,126.720843,13-N-01511
자귀나무,Albizia,julibrissin,36.03521702,126.7208989,13-N-01512
신갈나무,Quercus,mongolica,36.03518661,126.7208641,13-N-01513
자귀나무,Albizia,julibrissin,36.03518346,126.7209141,13-N-01514
산딸나무,Cornus,kousa,36.03515518,126.7208975,13-N-01515
신갈나무,Quercus,mongolica,36.03511453,126.7208709,13-N-01516
신갈나무,Quercus,mongolica,36.03513895,126.7209181,13-N-01517
산딸나무,Cornus,kousa,36.03508849,126.7208728,13-N-01518
산딸나무,Cornus,kousa,36.03509591,126.7208375,13-N-01519
산딸나무,Cornus,kousa,36.035066,126.7208489,13-N-01520
졸참나무,Quercus,serrata,36.03506026,126.7208647,13-N-01521
상수리나무,Quercus,acutissima,36.03504008,126.7208553,13-N-01522
갈참나무,Quercus,aliena,36.03509995,126.720907,13-N-01523
갈참나무,Quercus,aliena,36.03505199,126.7209048,13-N-01524
자귀나무,Albizia,julibrissin,36.03507601,126.720934,13-N-01525
자귀나무,Albizia,julibrissin,36.03504207,126.72093,13-N-01526
자귀나무,Albizia,julibrissin,36.03504592,126.7209569,13-N-01527
신갈나무,Quercus,mongolica,36.03502282,126.7209332,13-N-01528
산수유,Cornus,officinalis,36.03500446,126.720966,13-N-01529
산딸나무,Cornus,kousa,36.03498061,126.7209635,13-N-01530
산수유,Cornus,officinalis,36.03495768,126.720956,13-N-01531
산딸나무,Cornus,kousa,36.03496027,126.7209239,13-N-01532
산수유,Cornus,officinalis,36.03494432,126.7209494,13-N-01533
산딸나무,Cornus,kousa,36.03493504,126.7209503,13-N-01534
산딸나무,Cornus,kousa,36.03492508,126.7209536,13-N-01535
산딸나무,Cornus,kousa,36.03490926,126.7209563,13-N-01536
산딸나무,Cornus,kousa,36.03489703,126.7209422,13-N-01537
산딸나무,Cornus,kousa,36.03487731,126.7209452,13-N-01538
산딸나무,Cornus,kousa,36.03485814,126.7209202,13-N-01539
산딸나무,Cornus,kousa,36.03484554,126.7209324,13-N-01540
살구나무,Prunus,armeniaca,36.03478987,126.7208845,13-N-01541
상수리나무,Quercus,acutissima,36.03478809,126.7208352,13-N-01542
살구나무,Prunus,armeniaca,36.03476908,126.7208605,13-N-01543
살구나무,Prunus,armeniaca,36.03475494,126.7208376,13-N-01544
살구나무,Prunus,armeniaca,36.03473527,126.7208388,13-N-01545
살구나무,Prunus,armeniaca,36.03471251,126.7208216,13-N-01546
살구나무,Prunus,armeniaca,36.03472934,126.7208077,13-N-01547
상수리나무,Quercus,acutissima,36.03472115,126.7207803,13-N-01548
살구나무,Prunus,armeniaca,36.03469679,126.7208027,13-N-01549
살구나무,Prunus,armeniaca,36.03464757,126.7207466,13-N-01550
산사나무,Crataegus,pinnatifida,36.0346226,126.7206961,13-N-01551
산사나무,Crataegus,pinnatifida,36.03459745,126.7207068,13-N-01552
산사나무,Crataegus,pinnatifida,36.03459135,126.7206841,13-N-01553
복자기,Acer,triflorum,36.03455592,126.7206627,13-N-01554
복자기,Acer,triflorum,36.03454701,126.7206311,13-N-01555
복자기,Acer,triflorum,36.03451905,126.7206211,13-N-01556
복자기,Acer,triflorum,36.0345118,126.7205984,13-N-01557
복자기,Acer,triflorum,36.03449343,126.7205859,13-N-01558
때죽나무,Styrax,japonicus,36.03524883,126.7209715,13-N-01559
때죽나무,Styrax,japonicus,36.03521787,126.7209864,13-N-01560
때죽나무,Styrax,japonicus,36.03515825,126.7210165,13-N-01561
복자기,Acer,triflorum,36.03504761,126.7210423,13-N-01562
노각나무,Stewartia,koreana,36.03502824,126.7210381,13-N-01563
복자기,Acer,triflorum,36.03501177,126.7210471,13-N-01564
복자기,Acer,triflorum,36.03497817,126.7210372,13-N-01565
복자기,Acer,triflorum,36.03493779,126.7210419,13-N-01566
복자기,Acer,triflorum,36.03491433,126.7210465,13-N-01567
복자기,Acer,triflorum,36.03489196,126.7210475,13-N-01568
모감주나무,Koelreuteria,paniculata,36.03480851,126.7209933,13-N-01569
모감주나무,Koelreuteria,paniculata,36.03478776,126.7209742,13-N-01570
모감주나무,Koelreuteria,paniculata,36.03475663,126.7209508,13-N-01571
모감주나무,Koelreuteria,paniculata,36.03473138,126.720937,13-N-01572
모감주나무,Koelreuteria,paniculata,36.03471465,126.7209106,13-N-01573
느티나무,Zelkova,serrata,36.03468075,126.7208801,13-N-01574
느티나무,Zelkova,serrata,36.03465858,126.7208618,13-N-01575
산수유,Cornus,officinalis,36.03460373,126.7208086,13-N-01576
산수유,Cornus,officinalis,36.03459454,126.7207959,13-N-01577
산수유,Cornus,officinalis,36.03457771,126.7207793,13-N-01578
산수유,Cornus,officinalis,36.03457278,126.7207688,13-N-01579
산수유,Cornus,officinalis,36.03455584,126.7207569,13-N-01580
산수유,Cornus,officinalis,36.03454624,126.7207406,13-N-01581
산수유,Cornus,officinalis,36.03453247,126.7207174,13-N-01582
산사나무,Crataegus,pinnatifida,36.03430901,126.7205274,13-N-01583
산사나무,Crataegus,pinnatifida,36.03430001,126.7205181,13-N-01584
산사나무,Crataegus,pinnatifida,36.03427472,126.720505,13-N-01585
산사나무,Crataegus,pinnatifida,36.03425924,126.7205013,13-N-01586
산사나무,Crataegus,pinnatifida,36.03424199,126.7204862,13-N-01587
산사나무,Crataegus,pinnatifida,36.03327923,126.7191207,13-N-01588
산사나무,Crataegus,pinnatifida,36.0332976,126.7191308,13-N-01589
산사나무,Crataegus,pinnatifida,36.03328947,126.7191483,13-N-01590
산사나무,Crataegus,pinnatifida,36.03330937,126.7191555,13-N-01591
산수유,Cornus,officinalis,36.03336042,126.7192706,13-N-01592
산수유,Cornus,officinalis,36.03335683,126.71929,13-N-01593
산수유,Cornus,officinalis,36.03337565,126.7192975,13-N-01594
산사나무,Crataegus,pinnatifida,36.03340224,126.7193902,13-N-01595
산사나무,Crataegus,pinnatifida,36.03340262,126.7194145,13-N-01596
산사나무,Crataegus,pinnatifida,36.03342356,126.7194254,13-N-01597
산사나무,Crataegus,pinnatifida,36.03341957,126.7194592,13-N-01598
살구나무,Prunus,armeniaca,36.03344254,126.7194746,13-N-01599
살구나무,Prunus,armeniaca,36.03348361,126.7195856,13-N-01600
살구나무,Prunus,armeniaca,36.0335025,126.7195958,13-N-01601
살구나무,Prunus,armeniaca,36.03350508,126.719631,13-N-01602
살구나무,Prunus,armeniaca,36.03353004,126.7196446,13-N-01603
살구나무,Prunus,armeniaca,36.03352558,126.7196635,13-N-01604
살구나무,Prunus,armeniaca,36.03353286,126.7196806,13-N-01605
느티나무,Zelkova,serrata,36.03354389,126.71972,13-N-01606
느티나무,Zelkova,serrata,36.0335769,126.7197557,13-N-01607
느티나무,Zelkova,serrata,36.03359858,126.7198187,13-N-01608
복자기,Acer,triflorum,36.03364006,126.7198816,13-N-01609
복자기,Acer,triflorum,36.03363714,126.719915,13-N-01610
복자기,Acer,triflorum,36.03365594,126.7199263,13-N-01611
산사나무,Crataegus,pinnatifida,36.03367466,126.7199699,13-N-01612
산사나무,Crataegus,pinnatifida,36.03368802,126.7199824,13-N-01613
산사나무,Crataegus,pinnatifida,36.03368563,126.7199979,13-N-01614
때죽나무,Styrax,japonicus,36.0336945,126.7200357,13-N-01615
때죽나무,Styrax,japonicus,36.03371725,126.7200507,13-N-01616
때죽나무,Styrax,japonicus,36.03374277,126.7201087,13-N-01617
때죽나무,Styrax,japonicus,36.03377045,126.7201578,13-N-01618
때죽나무,Styrax,japonicus,36.03377087,126.7201888,13-N-01619
느티나무,Zelkova,serrata,36.03379366,126.7202102,13-N-01620
느티나무,Zelkova,serrata,36.03382119,126.7202622,13-N-01621
갈참나무,Quercus,aliena,36.03236034,126.7181728,13-N-01622
갈참나무,Quercus,aliena,36.03239019,126.7182295,13-N-01623
갈참나무,Quercus,aliena,36.03241578,126.7182072,13-N-01624
굴참나무,Quercus,variabilis,36.03242112,126.7182502,13-N-01625
이팝나무,Chionanthus,retusus,36.03243457,126.7182879,13-N-01626
이팝나무,Chionanthus,retusus,36.03245226,126.7182998,13-N-01627
산벚나무,Prunus,sargentii,36.03246518,126.7183055,13-N-01628
굴참나무,Quercus,variabilis,36.03246281,126.7182544,13-N-01629
신갈나무,Quercus,mongolica,36.03245192,126.7182108,13-N-01630
신갈나무,Quercus,mongolica,36.03249353,126.7181595,13-N-01631
신갈나무,Quercus,mongolica,36.03253473,126.7181597,13-N-01632
굴참나무,Quercus,variabilis,36.03254119,126.718199,13-N-01633
굴참나무,Quercus,variabilis,36.03257962,126.7182228,13-N-01634
굴참나무,Quercus,variabilis,36.03259766,126.7182508,13-N-01635
굴참나무,Quercus,variabilis,36.03255321,126.7182923,13-N-01636
굴참나무,Quercus,variabilis,36.03259332,126.7182941,13-N-01637
굴참나무,Quercus,variabilis,36.03255604,126.7183431,13-N-01638
굴참나무,Quercus,variabilis,36.03258476,126.7183463,13-N-01639
굴참나무,Quercus,variabilis,36.03263117,126.7183295,13-N-01640
신갈나무,Quercus,mongolica,36.0326163,126.7183773,13-N-01641
굴참나무,Quercus,variabilis,36.03258827,126.7183922,13-N-01642
굴참나무,Quercus,variabilis,36.03259325,126.7184347,13-N-01643
신갈나무,Quercus,mongolica,36.03263503,126.7184003,13-N-01644
굴참나무,Quercus,variabilis,36.03262178,126.7184388,13-N-01645
굴참나무,Quercus,variabilis,36.03267205,126.7184698,13-N-01646
굴참나무,Quercus,variabilis,36.0326834,126.7184401,13-N-01647
버드나무,Salix,koreensis,36.03270339,126.7184466,13-N-01648
자귀나무,Albizia,julibrissin,36.03277575,126.7184015,13-N-01649
굴참나무,Quercus,variabilis,36.03269508,126.7184764,13-N-01650
팽나무,Celtis,sinensis,36.0326681,126.7180687,13-N-01651
팽나무,Celtis,sinensis,36.03264219,126.71802,13-N-01652
팽나무,Celtis,sinensis,36.03260392,126.7179966,13-N-01653
팽나무,Celtis,sinensis,36.03252777,126.7180364,13-N-01654
팽나무,Celtis,sinensis,36.03246492,126.7180693,13-N-01655
팽나무,Celtis,sinensis,36.0324228,126.7180818,13-N-01656
팽나무,Celtis,sinensis,36.03239441,126.7180966,13-N-01657
팽나무,Celtis,sinensis,36.03234545,126.7181095,13-N-01658
팽나무,Celtis,sinensis,36.03225987,126.7181359,13-N-01659
팽나무,Celtis,sinensis,36.03223721,126.7181424,13-N-01660
팽나무,Celtis,sinensis,36.03219793,126.7181446,13-N-01661
팽나무,Celtis,sinensis,36.03212024,126.7181531,13-N-01662
팽나무,Celtis,sinensis,36.0320749,126.718156,13-N-01663
팽나무,Celtis,sinensis,36.0320252,126.7181576,13-N-01664
팽나무,Celtis,sinensis,36.03196978,126.7181491,13-N-01665
팽나무,Celtis,sinensis,36.03191325,126.71814,13-N-01666
팽나무,Celtis,sinensis,36.03186297,126.7181277,13-N-01667
팽나무,Celtis,sinensis,36.03180553,126.7181135,13-N-01668
팽나무,Celtis,sinensis,36.03178151,126.7181103,13-N-01669
팽나무,Celtis,sinensis,36.03169735,126.7180724,13-N-01670
팽나무,Celtis,sinensis,36.03159611,126.7180309,13-N-01671
팽나무,Celtis,sinensis,36.03154748,126.7180135,13-N-01672
팽나무,Celtis,sinensis,36.03149722,126.7179945,13-N-01673
팽나무,Celtis,sinensis,36.03139199,126.71799,13-N-01674
팽나무,Celtis,sinensis,36.03129811,126.7179703,13-N-01675
팽나무,Celtis,sinensis,36.03124697,126.7179607,13-N-01676
팽나무,Celtis,sinensis,36.03121562,126.7179597,13-N-01677
팽나무,Celtis,sinensis,36.0311748,126.7179639,13-N-01678
팽나무,Celtis,sinensis,36.03112329,126.7179733,13-N-01679
팽나무,Celtis,sinensis,36.03106956,126.717983,13-N-01680
팽나무,Celtis,sinensis,36.03101906,126.7179961,13-N-01681
팽나무,Celtis,sinensis,36.03098443,126.7180589,13-N-01682
팽나무,Celtis,sinensis,36.03091466,126.7180233,13-N-01683
팽나무,Celtis,sinensis,36.03086484,126.718051,13-N-01684
팽나무,Celtis,sinensis,36.0308129,126.7180698,13-N-01685
팽나무,Celtis,sinensis,36.03077574,126.7181043,13-N-01686
팽나무,Celtis,sinensis,36.03067712,126.7181714,13-N-01687
팽나무,Celtis,sinensis,36.03063773,126.7182026,13-N-01688
팽나무,Celtis,sinensis,36.03059837,126.7182219,13-N-01689
팽나무,Celtis,sinensis,36.03049263,126.7182628,13-N-01690
팽나무,Celtis,sinensis,36.03046757,126.7182713,13-N-01691
팽나무,Celtis,sinensis,36.03042239,126.7182828,13-N-01692
팽나무,Celtis,sinensis,36.03031466,126.718305,13-N-01693
팽나무,Celtis,sinensis,36.03026244,126.7183088,13-N-01694
팽나무,Celtis,sinensis,36.03019821,126.718315,13-N-01695
팽나무,Celtis,sinensis,36.0301215,126.7183154,13-N-01696
팽나무,Celtis,sinensis,36.03004392,126.7183061,13-N-01697
팽나무,Celtis,sinensis,36.03000206,126.7183067,13-N-01698
팽나무,Celtis,sinensis,36.02995802,126.7183068,13-N-01699
팽나무,Celtis,sinensis,36.02994796,126.7183629,13-N-01700
물푸레나무,Fraxinus,rhynchophylla,36.0327101,126.7184954,13-N-01701
굴참나무,Quercus,variabilis,36.03272987,126.7185296,13-N-01702
굴참나무,Quercus,variabilis,36.03273949,126.7185576,13-N-01703
졸참나무,Quercus,serrata,36.03280427,126.7186117,13-N-01704
졸참나무,Quercus,serrata,36.03283138,126.7186384,13-N-01705
졸참나무,Quercus,serrata,36.03284598,126.7186629,13-N-01706
갈참나무,Quercus,aliena,36.03299063,126.718819,13-N-01707
산벚나무,Prunus,sargentii,36.0328649,126.7190429,13-N-01708
이팝나무,Chionanthus,retusus,36.03288922,126.7190151,13-N-01709
이팝나무,Chionanthus,retusus,36.0329143,126.7189838,13-N-01710
이팝나무,Chionanthus,retusus,36.03293576,126.7189639,13-N-01711
산벚나무,Prunus,sargentii,36.03296965,126.7189218,13-N-01712
갈참나무,Quercus,aliena,36.03297637,126.7188657,13-N-01713
갈참나무,Quercus,aliena,36.03294965,126.7188187,13-N-01714
갈참나무,Quercus,aliena,36.03291114,126.7187863,13-N-01715
갈참나무,Quercus,aliena,36.03285593,126.7187458,13-N-01716
갈참나무,Quercus,aliena,36.03281512,126.7186977,13-N-01717
갈참나무,Quercus,aliena,36.03276648,126.7186367,13-N-01718
굴참나무,Quercus,variabilis,36.03272948,126.7185921,13-N-01719
갈참나무,Quercus,aliena,36.03270089,126.718563,13-N-01720
갈참나무,Quercus,aliena,36.03266121,126.7185305,13-N-01721
갈참나무,Quercus,aliena,36.032638,126.7184963,13-N-01722
갈참나무,Quercus,aliena,36.03263084,126.7184742,13-N-01723
굴참나무,Quercus,variabilis,36.03260125,126.7184615,13-N-01724
굴참나무,Quercus,variabilis,36.03256,126.7183975,13-N-01725
굴참나무,Quercus,variabilis,36.03252058,126.7183697,13-N-01726
산수유,Cornus,officinalis,36.03249745,126.7183619,13-N-01727
상수리나무,Quercus,acutissima,36.03250604,126.7182898,13-N-01728
산벚나무,Prunus,sargentii,36.03249309,126.718341,13-N-01729
이팝나무,Chionanthus,retusus,36.03246429,126.7183292,13-N-01730
굴참나무,Quercus,variabilis,36.03248528,126.7183186,13-N-01731
갈참나무,Quercus,aliena,36.03228547,126.7182236,13-N-01732
갈참나무,Quercus,aliena,36.03229949,126.7182597,13-N-01733
갈참나무,Quercus,aliena,36.03232382,126.7182779,13-N-01734
팽나무,Celtis,sinensis,36.02992875,126.7184324,13-N-01735
팽나무,Celtis,sinensis,36.02991504,126.7184876,13-N-01736
팽나무,Celtis,sinensis,36.02989734,126.7185558,13-N-01737
팽나무,Celtis,sinensis,36.0298839,126.7186175,13-N-01738
팽나무,Celtis,sinensis,36.02985964,126.7186836,13-N-01739
팽나무,Celtis,sinensis,36.02981423,126.7187373,13-N-01740
이팝나무,Chionanthus,retusus,36.02980841,126.7188318,13-N-01741
이팝나무,Chionanthus,retusus,36.02978504,126.7188458,13-N-01742
팽나무,Celtis,sinensis,36.02976369,126.7187527,13-N-01743
팽나무,Celtis,sinensis,36.02974744,126.7188721,13-N-01744
팽나무,Celtis,sinensis,36.0297054,126.718815,13-N-01745
팽나무,Celtis,sinensis,36.02971633,126.7189094,13-N-01746
이팝나무,Chionanthus,retusus,36.02965598,126.7189415,13-N-01747
이팝나무,Chionanthus,retusus,36.02963832,126.7189222,13-N-01748
이팝나무,Chionanthus,retusus,36.02963386,126.7189507,13-N-01749
상수리나무,Quercus,acutissima,36.03058404,126.723142,13-N-01750
상수리나무,Quercus,acutissima,36.03054691,126.7230745,13-N-01751
상수리나무,Quercus,acutissima,36.0305247,126.7230128,13-N-01752
상수리나무,Quercus,acutissima,36.03050822,126.7229483,13-N-01753
상수리나무,Quercus,acutissima,36.03050058,126.7228672,13-N-01754
상수리나무,Quercus,acutissima,36.03047117,126.7225435,13-N-01755
상수리나무,Quercus,acutissima,36.03048628,126.7224705,13-N-01756
상수리나무,Quercus,acutissima,36.03050943,126.7223975,13-N-01757
상수리나무,Quercus,acutissima,36.03042669,126.722395,13-N-01758
상수리나무,Quercus,acutissima,36.03041482,126.7223041,13-N-01759
상수리나무,Quercus,acutissima,36.03047514,126.7222967,13-N-01760
상수리나무,Quercus,acutissima,36.03048726,126.7221484,13-N-01761
상수리나무,Quercus,acutissima,36.0304826,126.7221178,13-N-01763
참느릅나무,Ulmus,parvifolia,36.03045436,126.7220516,13-N-01764
참느릅나무,Ulmus,parvifolia,36.03042953,126.7219752,13-N-01765
참느릅나무,Ulmus,parvifolia,36.03039137,126.7219156,13-N-01766
상수리나무,Quercus,acutissima,36.03042217,126.7218494,13-N-01767
상수리나무,Quercus,acutissima,36.03035889,126.7217914,13-N-01768
산수유,Cornus,officinalis,36.03031662,126.7217725,13-N-01769
산수유,Cornus,officinalis,36.0303035,126.7218022,13-N-01770
산수유,Cornus,officinalis,36.03033289,126.721787,13-N-01771
산수유,Cornus,officinalis,36.0303184,126.7218007,13-N-01772
산수유,Cornus,officinalis,36.03030527,126.7218236,13-N-01773
산벚나무,Prunus,sargentii,36.03032593,126.7218315,13-N-01774
산벚나무,Prunus,sargentii,36.03033885,126.7218025,13-N-01775
이팝나무,Chionanthus,retusus,36.03041431,126.722083,13-N-01776
이팝나무,Chionanthus,retusus,36.03044032,126.722094,13-N-01777
오리나무,Alnus,japonica,36.03042224,126.7221244,13-N-01778
모과나무,Chaenomeles,sinensis,36.03045375,126.722117,13-N-01779
모과나무,Chaenomeles,sinensis,36.03044921,126.7221368,13-N-01780
이팝나무,Chionanthus,retusus,36.03039476,126.7219739,13-N-01781
이팝나무,Chionanthus,retusus,36.0304042,126.7220111,13-N-01782
이팝나무,Chionanthus,retusus,36.03040449,126.7220522,13-N-01783
이팝나무,Chionanthus,retusus,36.03042165,126.722035,13-N-01784
이팝나무,Chionanthus,retusus,36.03043508,126.7220618,13-N-01785
모과나무,Chaenomeles,sinensis,36.03046111,126.7221593,13-N-01786
잣나무,Pinus,koraiensis,36.03043117,126.7222145,13-N-01787
잣나무,Pinus,koraiensis,36.03045055,126.7222267,13-N-01788
잣나무,Pinus,koraiensis,36.03043636,126.7222445,13-N-01789
산딸나무,Cornus,kousa,36.03044963,126.7222601,13-N-01790
산딸나무,Cornus,kousa,36.03046917,126.7222405,13-N-01791
산딸나무,Cornus,kousa,36.03048259,126.7222601,13-N-01792
산딸나무,Cornus,kousa,36.03050167,126.7222285,13-N-01793
산딸나무,Cornus,kousa,36.03051128,126.7222646,13-N-01794
오리나무,Alnus,japonica,36.0305269,126.7222427,13-N-01795
산수유,Cornus,officinalis,36.0304783,126.7224049,13-N-01796
산수유,Cornus,officinalis,36.03045936,126.7223937,13-N-01797
산수유,Cornus,officinalis,36.0304619,126.7224196,13-N-01798
산수유,Cornus,officinalis,36.03045699,126.7224448,13-N-01799
산수유,Cornus,officinalis,36.03045317,126.7224457,13-N-01800
상수리나무,Quercus,acutissima,36.02680027,126.7211225,13-N-01801
상수리나무,Quercus,acutissima,36.02677654,126.7210927,13-N-01802
상수리나무,Quercus,acutissima,36.02682129,126.7210878,13-N-01803
상수리나무,Quercus,acutissima,36.02682306,126.7210232,13-N-01804
상수리나무,Quercus,acutissima,36.02680199,126.7210382,13-N-01805
상수리나무,Quercus,acutissima,36.02676814,126.7210533,13-N-01806
상수리나무,Quercus,acutissima,36.02675027,126.7210691,13-N-01807
상수리나무,Quercus,acutissima,36.02675466,126.7210313,13-N-01808
상수리나무,Quercus,acutissima,36.02674946,126.7209975,13-N-01809
상수리나무,Quercus,acutissima,36.02673935,126.7210483,13-N-01810
상수리나무,Quercus,acutissima,36.02675837,126.7209762,13-N-01811
상수리나무,Quercus,acutissima,36.02677825,126.7210037,13-N-01812
상수리나무,Quercus,acutissima,36.02680315,126.7209871,13-N-01813
상수리나무,Quercus,acutissima,36.02684343,126.7209854,13-N-01814
상수리나무,Quercus,acutissima,36.02681462,126.7209697,13-N-01815
상수리나무,Quercus,acutissima,36.02682482,126.7209539,13-N-01816
상수리나무,Quercus,acutissima,36.02680435,126.720954,13-N-01817
상수리나무,Quercus,acutissima,36.02678455,126.7209604,13-N-01818
상수리나무,Quercus,acutissima,36.02676982,126.7209533,13-N-01819
상수리나무,Quercus,acutissima,36.02674486,126.7209448,13-N-01820
상수리나무,Quercus,acutissima,36.0267512,126.7209196,13-N-01821
상수리나무,Quercus,acutissima,36.0268273,126.7209224,13-N-01822
곰솔,Pinus,thunbergii,36.02676355,126.7211437,13-N-01823
곰솔,Pinus,thunbergii,36.02674109,126.7211107,13-N-01824
곰솔,Pinus,thunbergii,36.02673477,126.7211398,13-N-01825
곰솔,Pinus,thunbergii,36.02672126,126.721108,13-N-01826
곰솔,Pinus,thunbergii,36.02671334,126.7211375,13-N-01827
곰솔,Pinus,thunbergii,36.02670622,126.7210998,13-N-01828
곰솔,Pinus,thunbergii,36.02669478,126.7211321,13-N-01829
곰솔,Pinus,thunbergii,36.02668608,126.7211026,13-N-01830
곰솔,Pinus,thunbergii,36.02667303,126.7211279,13-N-01831
곰솔,Pinus,thunbergii,36.02666786,126.7211023,13-N-01832
곰솔,Pinus,thunbergii,36.02665705,126.7211289,13-N-01833
곰솔,Pinus,thunbergii,36.02665442,126.7210982,13-N-01834
곰솔,Pinus,thunbergii,36.02664295,126.7211173,13-N-01835
곰솔,Pinus,thunbergii,36.02664479,126.7210827,13-N-01836
곰솔,Pinus,thunbergii,36.02663266,126.7210916,13-N-01837
곰솔,Pinus,thunbergii,36.02662858,126.7211215,13-N-01838
곰솔,Pinus,thunbergii,36.02661732,126.721092,13-N-01839
곰솔,Pinus,thunbergii,36.02661194,126.7211172,13-N-01840
곰솔,Pinus,thunbergii,36.02659717,126.7210921,13-N-01841
곰솔,Pinus,thunbergii,36.0265809,126.7211075,13-N-01842
곰솔,Pinus,thunbergii,36.02659276,126.7211193,13-N-01843
곰솔,Pinus,thunbergii,36.02657479,126.7210894,13-N-01844
곰솔,Pinus,thunbergii,36.02663738,126.7210575,13-N-01845
곰솔,Pinus,thunbergii,36.0266307,126.7210705,13-N-01846
곰솔,Pinus,thunbergii,36.0266105,126.7210482,13-N-01847
곰솔,Pinus,thunbergii,36.02661119,126.7210714,13-N-01848
곰솔,Pinus,thunbergii,36.02659007,126.721062,13-N-01849
때죽나무,Styrax,japonicus,36.02670328,126.7210734,13-N-01850
때죽나무,Styrax,japonicus,36.02672373,126.7210698,13-N-01851
때죽나무,Styrax,japonicus,36.02671949,126.7210309,13-N-01852
소나무,Pinus,densiflora,36.02676616,126.7208914,13-N-01853
소나무,Pinus,densiflora,36.02674042,126.720821,13-N-01854
소나무,Pinus,densiflora,36.02677458,126.7208457,13-N-01855
소나무,Pinus,densiflora,36.02680131,126.7208412,13-N-01856
소나무,Pinus,densiflora,36.02684478,126.7208033,13-N-01857
소나무,Pinus,densiflora,36.02679594,126.7207777,13-N-01858
소나무,Pinus,densiflora,36.02680051,126.7207074,13-N-01859
소나무,Pinus,densiflora,36.02683985,126.7206956,13-N-01860
소나무,Pinus,densiflora,36.02682441,126.7206551,13-N-01861
소나무,Pinus,densiflora,36.02686038,126.7207177,13-N-01862
소나무,Pinus,densiflora,36.02695281,126.7206249,13-N-01863
소나무,Pinus,densiflora,36.02691759,126.7206712,13-N-01864
소나무,Pinus,densiflora,36.02685639,126.7206424,13-N-01865
소나무,Pinus,densiflora,36.02692235,126.7206007,13-N-01866
소나무,Pinus,densiflora,36.02690902,126.7205528,13-N-01867
소나무,Pinus,densiflora,36.02697427,126.7205189,13-N-01868
소나무,Pinus,densiflora,36.02694813,126.7205474,13-N-01869
소나무,Pinus,densiflora,36.02696558,126.7205944,13-N-01870
소나무,Pinus,densiflora,36.02701274,126.7205681,13-N-01871
소나무,Pinus,densiflora,36.02700594,126.720525,13-N-01872
소나무,Pinus,densiflora,36.02698913,126.72051,13-N-01873
소나무,Pinus,densiflora,36.02702418,126.7204879,13-N-01874
소나무,Pinus,densiflora,36.02703816,126.7205095,13-N-01875
소나무,Pinus,densiflora,36.02704085,126.7205373,13-N-01876
소나무,Pinus,densiflora,36.02708471,126.7204945,13-N-01877
소나무,Pinus,densiflora,36.0270654,126.7204795,13-N-01878
소나무,Pinus,densiflora,36.02705553,126.7204582,13-N-01879
소나무,Pinus,densiflora,36.02707127,126.7204384,13-N-01880
소나무,Pinus,densiflora,36.02709467,126.720451,13-N-01881
소나무,Pinus,densiflora,36.02709452,126.7204182,13-N-01882
팥배나무,Aria,alnifolia,36.02690674,126.7208611,13-N-01883
목련나무,Magnolia,kobus,36.02712438,126.7204479,13-N-01884
목련나무,Magnolia,kobus,36.02714265,126.7204571,13-N-01885
목련나무,Magnolia,kobus,36.02715512,126.7204418,13-N-01886
목련나무,Magnolia,kobus,36.02716363,126.7204293,13-N-01887
팥배나무,Aria,alnifolia,36.02690817,126.7209251,13-N-01888
팥배나무,Aria,alnifolia,36.02690164,126.7209946,13-N-01889
때죽나무,Styrax,japonicus,36.02688795,126.7210584,13-N-01890
팥배나무,Aria,alnifolia,36.02690681,126.7210718,13-N-01891
때죽나무,Styrax,japonicus,36.02688186,126.7211215,13-N-01892
때죽나무,Styrax,japonicus,36.02690459,126.7211296,13-N-01893
때죽나무,Styrax,japonicus,36.02691868,126.7211447,13-N-01894
때죽나무,Styrax,japonicus,36.02693063,126.7211234,13-N-01895
때죽나무,Styrax,japonicus,36.02694415,126.7211341,13-N-01896
팥배나무,Aria,alnifolia,36.02695827,126.7211023,13-N-01897
팥배나무,Aria,alnifolia,36.02696185,126.721156,13-N-01898
팥배나무,Aria,alnifolia,36.02697759,126.7211593,13-N-01899
팥배나무,Aria,alnifolia,36.0269698,126.7211749,13-N-01900
때죽나무,Styrax,japonicus,36.02698756,126.721159,13-N-01901
때죽나무,Styrax,japonicus,36.0269967,126.7211525,13-N-01902
때죽나무,Styrax,japonicus,36.02699986,126.7211663,13-N-01903
때죽나무,Styrax,japonicus,36.02701013,126.7211534,13-N-01904
때죽나무,Styrax,japonicus,36.02701942,126.7211898,13-N-01905
때죽나무,Styrax,japonicus,36.02702198,126.7211613,13-N-01906
때죽나무,Styrax,japonicus,36.02704502,126.7211967,13-N-01907
때죽나무,Styrax,japonicus,36.02704815,126.7211688,13-N-01908
팥배나무,Aria,alnifolia,36.02708304,126.7211547,13-N-01909
팥배나무,Aria,alnifolia,36.0271119,126.7211563,13-N-01910
팥배나무,Aria,alnifolia,36.02714526,126.7211622,13-N-01911
소나무,Pinus,densiflora,36.02708194,126.7211814,13-N-01912
소나무,Pinus,densiflora,36.02709241,126.7212163,13-N-01913
소나무,Pinus,densiflora,36.02713064,126.7211924,13-N-01914
소나무,Pinus,densiflora,36.0271461,126.7212348,13-N-01915
소나무,Pinus,densiflora,36.02718513,126.7211926,13-N-01916
때죽나무,Styrax,japonicus,36.02719903,126.721155,13-N-01917
때죽나무,Styrax,japonicus,36.02722489,126.7211693,13-N-01918
팥배나무,Aria,alnifolia,36.02725962,126.7211532,13-N-01919
때죽나무,Styrax,japonicus,36.02727313,126.7211816,13-N-01920
때죽나무,Styrax,japonicus,36.02729232,126.7211722,13-N-01921
때죽나무,Styrax,japonicus,36.02729309,126.7211551,13-N-01922
팥배나무,Aria,alnifolia,36.02732899,126.721156,13-N-01923
때죽나무,Styrax,japonicus,36.02735987,126.721151,13-N-01924
때죽나무,Styrax,japonicus,36.02739101,126.7211557,13-N-01925
팥배나무,Aria,alnifolia,36.02741931,126.721093,13-N-01926
때죽나무,Styrax,japonicus,36.02751202,126.721096,13-N-01927
때죽나무,Styrax,japonicus,36.02755789,126.7210699,13-N-01928
때죽나무,Styrax,japonicus,36.02759712,126.7210266,13-N-01929
때죽나무,Styrax,japonicus,36.02759372,126.7210061,13-N-01930
때죽나무,Styrax,japonicus,36.02760433,126.7209871,13-N-01931
때죽나무,Styrax,japonicus,36.02759268,126.7209792,13-N-01932
때죽나무,Styrax,japonicus,36.02759823,126.7209592,13-N-01933
때죽나무,Styrax,japonicus,36.02761744,126.7209458,13-N-01934
때죽나무,Styrax,japonicus,36.02762165,126.7209265,13-N-01935
때죽나무,Styrax,japonicus,36.02761527,126.7209353,13-N-01936
때죽나무,Styrax,japonicus,36.02761777,126.7209036,13-N-01937
때죽나무,Styrax,japonicus,36.02760798,126.7209014,13-N-01938
때죽나무,Styrax,japonicus,36.0276358,126.7208841,13-N-01939
자귀나무,Albizia,julibrissin,36.02769818,126.7207887,13-N-01940
자귀나무,Albizia,julibrissin,36.02769973,126.7207288,13-N-01941
자귀나무,Albizia,julibrissin,36.02772204,126.7207777,13-N-01942
자귀나무,Albizia,julibrissin,36.02773081,126.7207202,13-N-01943
자귀나무,Albizia,julibrissin,36.02775337,126.7207281,13-N-01944
자귀나무,Albizia,julibrissin,36.02774652,126.7206736,13-N-01945
자귀나무,Albizia,julibrissin,36.02771592,126.7206566,13-N-01946
자귀나무,Albizia,julibrissin,36.02778034,126.7207044,13-N-01947
목련나무,Magnolia,kobus,36.02779253,126.7206532,13-N-01948
목련나무,Magnolia,kobus,36.02776256,126.7206457,13-N-01949
목련나무,Magnolia,kobus,36.02774428,126.7206268,13-N-01950
느티나무,Zelkova,serrata,36.0277102,126.7205905,13-N-01951
팥배나무,Aria,alnifolia,36.02757945,126.7202748,13-N-01952
팥배나무,Aria,alnifolia,36.02753348,126.7202783,13-N-01953
느티나무,Zelkova,serrata,36.02755665,126.7202442,13-N-01954
팥배나무,Aria,alnifolia,36.02752436,126.7202066,13-N-01955
팥배나무,Aria,alnifolia,36.0274359,126.7202086,13-N-01956
팥배나무,Aria,alnifolia,36.02741428,126.7202114,13-N-01957
동백나무,Camellia,japonica,36.02735658,126.7202344,13-N-01958
동백나무,Camellia,japonica,36.02735335,126.7201992,13-N-01959
동백나무,Camellia,japonica,36.02733607,126.7202086,13-N-01960
동백나무,Camellia,japonica,36.02733376,126.7202472,13-N-01961
팥배나무,Aria,alnifolia,36.02735503,126.7202788,13-N-01962
팥배나무,Aria,alnifolia,36.02733668,126.7202694,13-N-01963
동백나무,Camellia,japonica,36.02731975,126.7201875,13-N-01964
동백나무,Camellia,japonica,36.02731467,126.7202233,13-N-01965
동백나무,Camellia,japonica,36.02730722,126.7202573,13-N-01966
동백나무,Camellia,japonica,36.0272829,126.7203284,13-N-01967
동백나무,Camellia,japonica,36.02726386,126.7203838,13-N-01968
동백나무,Camellia,japonica,36.02724161,126.7204349,13-N-01969
동백나무,Camellia,japonica,36.02721727,126.7204839,13-N-01970
동백나무,Camellia,japonica,36.0271861,126.7205272,13-N-01971
동백나무,Camellia,japonica,36.02714834,126.7205769,13-N-01972
동백나무,Camellia,japonica,36.02711694,126.7206128,13-N-01973
동백나무,Camellia,japonica,36.02707834,126.7206511,13-N-01974
동백나무,Camellia,japonica,36.02704009,126.7206854,13-N-01975
동백나무,Camellia,japonica,36.02699648,126.7207167,13-N-01976
팥배나무,Aria,alnifolia,36.02698664,126.7207881,13-N-01977
팥배나무,Aria,alnifolia,36.02745728,126.7203686,13-N-01978
팥배나무,Aria,alnifolia,36.02739746,126.7204109,13-N-01979
팥배나무,Aria,alnifolia,36.02745891,126.7209988,13-N-01980
팥배나무,Aria,alnifolia,36.02739306,126.7210022,13-N-01981
팥배나무,Aria,alnifolia,36.0272869,126.7209971,13-N-01982
팥배나무,Aria,alnifolia,36.02722424,126.7209996,13-N-01983
팥배나무,Aria,alnifolia,36.02728798,126.7206373,13-N-01984
팥배나무,Aria,alnifolia,36.0272255,126.7207186,13-N-01985
팥배나무,Aria,alnifolia,36.02711446,126.7208142,13-N-01986
팥배나무,Aria,alnifolia,36.02705128,126.7208688,13-N-01987
팥배나무,Aria,alnifolia,36.02704776,126.721005,13-N-01988
팥배나무,Aria,alnifolia,36.02711107,126.7210055,13-N-01989
소나무,Pinus,densiflora,36.02726811,126.7197958,13-N-01990
소나무,Pinus,densiflora,36.02730712,126.7197965,13-N-01991
소나무,Pinus,densiflora,36.02729931,126.7197398,13-N-01992
소나무,Pinus,densiflora,36.02724624,126.71974,13-N-01993
소나무,Pinus,densiflora,36.02726088,126.7197109,13-N-01994
소나무,Pinus,densiflora,36.02727871,126.7196785,13-N-01995
소나무,Pinus,densiflora,36.02722309,126.7196842,13-N-01996
소나무,Pinus,densiflora,36.02724731,126.7196495,13-N-01997
소나무,Pinus,densiflora,36.0272619,126.7195983,13-N-01998
소나무,Pinus,densiflora,36.02720438,126.7196142,13-N-01999
소나무,Pinus,densiflora,36.02722414,126.7195858,13-N-02000
소나무,Pinus,densiflora,36.02718317,126.7195686,13-N-02001
소나무,Pinus,densiflora,36.0272426,126.7195503,13-N-02002
소나무,Pinus,densiflora,36.02723415,126.7194913,13-N-02003
소나무,Pinus,densiflora,36.02720418,126.7195268,13-N-02004
소나무,Pinus,densiflora,36.02716897,126.7195112,13-N-02005
소나무,Pinus,densiflora,36.02716118,126.7194609,13-N-02006
소나무,Pinus,densiflora,36.0271951,126.7194718,13-N-02007
소나무,Pinus,densiflora,36.0272219,126.7194481,13-N-02008
소나무,Pinus,densiflora,36.02714831,126.7194255,13-N-02009
소나무,Pinus,densiflora,36.02718281,126.7194136,13-N-02010
소나무,Pinus,densiflora,36.02714567,126.7193917,13-N-02011
소나무,Pinus,densiflora,36.02721087,126.7193804,13-N-02012
상수리나무,Quercus,acutissima,36.02716073,126.7189941,13-N-02013
소나무,Pinus,densiflora,36.02716991,126.719364,13-N-02014
소나무,Pinus,densiflora,36.02714873,126.7193318,13-N-02015
소나무,Pinus,densiflora,36.0272044,126.7193466,13-N-02016
소나무,Pinus,densiflora,36.02722027,126.7192993,13-N-02017
소나무,Pinus,densiflora,36.02719024,126.7193073,13-N-02018
소나무,Pinus,densiflora,36.02715697,126.7192995,13-N-02019
소나무,Pinus,densiflora,36.02716129,126.7192326,13-N-02020
소나무,Pinus,densiflora,36.02719394,126.7192514,13-N-02021
소나무,Pinus,densiflora,36.02722847,126.7192505,13-N-02022
소나무,Pinus,densiflora,36.02722069,126.719204,13-N-02023
소나무,Pinus,densiflora,36.02717718,126.719194,13-N-02024
이팝나무,Chionanthus,retusus,36.02727159,126.7193668,13-N-02025
이팝나무,Chionanthus,retusus,36.02729875,126.7193628,13-N-02026
이팝나무,Chionanthus,retusus,36.02728464,126.7193439,13-N-02027
이팝나무,Chionanthus,retusus,36.02730058,126.7193238,13-N-02028
이팝나무,Chionanthus,retusus,36.02727337,126.7193097,13-N-02029
이팝나무,Chionanthus,retusus,36.02725486,126.7193263,13-N-02030
이팝나무,Chionanthus,retusus,36.02726564,126.7192861,13-N-02031
이팝나무,Chionanthus,retusus,36.02728931,126.719288,13-N-02032
이팝나무,Chionanthus,retusus,36.02728413,126.719264,13-N-02033
이팝나무,Chionanthus,retusus,36.02729147,126.7192546,13-N-02034
이팝나무,Chionanthus,retusus,36.02725948,126.7192507,13-N-02035
이팝나무,Chionanthus,retusus,36.02729298,126.7192195,13-N-02036
이팝나무,Chionanthus,retusus,36.02726733,126.7191862,13-N-02037
이팝나무,Chionanthus,retusus,36.02725492,126.7192118,13-N-02038
상수리나무,Quercus,acutissima,36.02722276,126.7191336,13-N-02039
상수리나무,Quercus,acutissima,36.02725021,126.7191138,13-N-02040
상수리나무,Quercus,acutissima,36.02719901,126.7190943,13-N-02041
상수리나무,Quercus,acutissima,36.02717404,126.719081,13-N-02042
상수리나무,Quercus,acutissima,36.02719827,126.719051,13-N-02043
상수리나무,Quercus,acutissima,36.02725712,126.7190626,13-N-02044
상수리나무,Quercus,acutissima,36.02726281,126.7190311,13-N-02045
상수리나무,Quercus,acutissima,36.02722761,126.7190186,13-N-02046
상수리나무,Quercus,acutissima,36.02717773,126.7190172,13-N-02047
상수리나무,Quercus,acutissima,36.0271669,126.7190369,13-N-02048
때죽나무,Styrax,japonicus,36.02716424,126.7189921,13-N-02049
때죽나무,Styrax,japonicus,36.02716995,126.7189736,13-N-02050
때죽나무,Styrax,japonicus,36.0271799,126.7189889,13-N-02051
때죽나무,Styrax,japonicus,36.02718528,126.7189676,13-N-02052
때죽나무,Styrax,japonicus,36.02717055,126.7189543,13-N-02053
곰솔,Pinus,thunbergii,36.02726465,126.7189976,13-N-02054
곰솔,Pinus,thunbergii,36.02725443,126.719004,13-N-02055
곰솔,Pinus,thunbergii,36.02725151,126.7189878,13-N-02056
곰솔,Pinus,thunbergii,36.02722881,126.7189852,13-N-02057
곰솔,Pinus,thunbergii,36.0272122,126.7189947,13-N-02058
곰솔,Pinus,thunbergii,36.02720929,126.7189809,13-N-02059
곰솔,Pinus,thunbergii,36.02724126,126.7189796,13-N-02060
곰솔,Pinus,thunbergii,36.02725628,126.7189756,13-N-02061
곰솔,Pinus,thunbergii,36.02724572,126.7189698,13-N-02062
곰솔,Pinus,thunbergii,36.02723486,126.7189749,13-N-02063
곰솔,Pinus,thunbergii,36.02724058,126.7189619,13-N-02064
곰솔,Pinus,thunbergii,36.02722685,126.7189682,13-N-02065
상수리나무,Quercus,acutissima,36.0272127,126.7189325,13-N-02066
상수리나무,Quercus,acutissima,36.02718908,126.7189056,13-N-02067
상수리나무,Quercus,acutissima,36.02718979,126.7188579,13-N-02068
상수리나무,Quercus,acutissima,36.02722399,126.7188299,13-N-02069
상수리나무,Quercus,acutissima,36.02718916,126.718825,13-N-02070
상수리나무,Quercus,acutissima,36.02719279,126.718796,13-N-02071
상수리나무,Quercus,acutissima,36.02720347,126.7187811,13-N-02072
이팝나무,Chionanthus,retusus,36.02726145,126.7188282,13-N-02073
이팝나무,Chionanthus,retusus,36.02725466,126.718801,13-N-02074
이팝나무,Chionanthus,retusus,36.02723704,126.7187866,13-N-02075
이팝나무,Chionanthus,retusus,36.0272587,126.7187702,13-N-02076
이팝나무,Chionanthus,retusus,36.02726983,126.7187671,13-N-02077
이팝나무,Chionanthus,retusus,36.02726732,126.7187474,13-N-02078
이팝나무,Chionanthus,retusus,36.02725611,126.7187332,13-N-02079
이팝나무,Chionanthus,retusus,36.02724127,126.718753,13-N-02080
이팝나무,Chionanthus,retusus,36.02726957,126.7187102,13-N-02081
이팝나무,Chionanthus,retusus,36.02724391,126.7187193,13-N-02082
상수리나무,Quercus,acutissima,36.02718691,126.7187571,13-N-02083
상수리나무,Quercus,acutissima,36.0272108,126.718732,13-N-02084
상수리나무,Quercus,acutissima,36.0271938,126.7187191,13-N-02085
상수리나무,Quercus,acutissima,36.02719885,126.7187025,13-N-02086
상수리나무,Quercus,acutissima,36.02718768,126.7186823,13-N-02087
상수리나무,Quercus,acutissima,36.02721623,126.718713,13-N-02088
상수리나무,Quercus,acutissima,36.0272411,126.7187002,13-N-02089
상수리나무,Quercus,acutissima,36.02721758,126.7186953,13-N-02090
상수리나무,Quercus,acutissima,36.02720475,126.7186812,13-N-02091
상수리나무,Quercus,acutissima,36.02722169,126.7186772,13-N-02092
상수리나무,Quercus,acutissima,36.02725018,126.7186936,13-N-02093
상수리나무,Quercus,acutissima,36.02725013,126.718672,13-N-02094
상수리나무,Quercus,acutissima,36.02724082,126.7186547,13-N-02095
상수리나무,Quercus,acutissima,36.02725996,126.7186349,13-N-02096
상수리나무,Quercus,acutissima,36.0272683,126.7186467,13-N-02097
이팝나무,Chionanthus,retusus,36.02724651,126.7186255,13-N-02098
느티나무,Zelkova,serrata,36.02702251,126.7197715,13-N-02099
느티나무,Zelkova,serrata,36.02694466,126.7201174,13-N-02100
이팝나무,Chionanthus,retusus,36.0272145,126.7186385,13-N-02101
이팝나무,Chionanthus,retusus,36.02722855,126.7186289,13-N-02102
이팝나무,Chionanthus,retusus,36.02721412,126.7186131,13-N-02103
이팝나무,Chionanthus,retusus,36.02722731,126.7185931,13-N-02104
곰솔,Pinus,thunbergii,36.02726734,126.7186092,13-N-02105
곰솔,Pinus,thunbergii,36.02728751,126.7186323,13-N-02106
곰솔,Pinus,thunbergii,36.02729792,126.7186378,13-N-02107
곰솔,Pinus,thunbergii,36.0272859,126.7186186,13-N-02108
곰솔,Pinus,thunbergii,36.02727546,126.7186008,13-N-02109
곰솔,Pinus,thunbergii,36.02726345,126.7185889,13-N-02110
곰솔,Pinus,thunbergii,36.02724489,126.7185834,13-N-02111
곰솔,Pinus,thunbergii,36.02726125,126.7185688,13-N-02112
곰솔,Pinus,thunbergii,36.02727578,126.7185926,13-N-02113
곰솔,Pinus,thunbergii,36.0272921,126.7186126,13-N-02114
곰솔,Pinus,thunbergii,36.02731001,126.7186334,13-N-02115
곰솔,Pinus,thunbergii,36.02731065,126.7186153,13-N-02116
곰솔,Pinus,thunbergii,36.02729456,126.7186012,13-N-02117
곰솔,Pinus,thunbergii,36.02728366,126.718579,13-N-02118
곰솔,Pinus,thunbergii,36.02727252,126.7185537,13-N-02119
곰솔,Pinus,thunbergii,36.02728631,126.7185534,13-N-02120
곰솔,Pinus,thunbergii,36.02729449,126.7185695,13-N-02121
곰솔,Pinus,thunbergii,36.02730472,126.7185953,13-N-02122
곰솔,Pinus,thunbergii,36.02732216,126.7186094,13-N-02123
곰솔,Pinus,thunbergii,36.02732099,126.7185925,13-N-02124
곰솔,Pinus,thunbergii,36.02731145,126.7185741,13-N-02125
곰솔,Pinus,thunbergii,36.0272992,126.7185547,13-N-02126
곰솔,Pinus,thunbergii,36.02729373,126.7185358,13-N-02127
곰솔,Pinus,thunbergii,36.02731001,126.7185369,13-N-02128
곰솔,Pinus,thunbergii,36.02732427,126.7185438,13-N-02129
곰솔,Pinus,thunbergii,36.02733924,126.7185654,13-N-02130
곰솔,Pinus,thunbergii,36.0273326,126.7185284,13-N-02131
곰솔,Pinus,thunbergii,36.02734914,126.7185465,13-N-02132
곰솔,Pinus,thunbergii,36.02738469,126.7185705,13-N-02133
곰솔,Pinus,thunbergii,36.02737378,126.7185427,13-N-02134
곰솔,Pinus,thunbergii,36.02734297,126.7185184,13-N-02135
곰솔,Pinus,thunbergii,36.02735789,126.7185161,13-N-02136
때죽나무,Styrax,japonicus,36.02739739,126.718537,13-N-02137
때죽나무,Styrax,japonicus,36.02738354,126.7185111,13-N-02138
상수리나무,Quercus,acutissima,36.02738395,126.7184939,13-N-02139
때죽나무,Styrax,japonicus,36.02740317,126.7184974,13-N-02140
때죽나무,Styrax,japonicus,36.02740754,126.7185266,13-N-02141
때죽나무,Styrax,japonicus,36.02741236,126.7185575,13-N-02142
소나무,Pinus,densiflora,36.02884174,126.7194712,13-N-02143
소나무,Pinus,densiflora,36.02887978,126.7194559,13-N-02144
소나무,Pinus,densiflora,36.02885901,126.7194353,13-N-02145
소나무,Pinus,densiflora,36.02889242,126.7194182,13-N-02146
소나무,Pinus,densiflora,36.02892989,126.719395,13-N-02147
소나무,Pinus,densiflora,36.02892116,126.7193549,13-N-02148
소나무,Pinus,densiflora,36.02889244,126.719366,13-N-02149
소나무,Pinus,densiflora,36.02885642,126.7193914,13-N-02150
소나무,Pinus,densiflora,36.02881415,126.7194103,13-N-02151
소나무,Pinus,densiflora,36.02882911,126.7193604,13-N-02152
소나무,Pinus,densiflora,36.02887057,126.7193305,13-N-02153
상수리나무,Quercus,acutissima,36.02890821,126.7191872,13-N-02154
상수리나무,Quercus,acutissima,36.02889869,126.7191669,13-N-02155
상수리나무,Quercus,acutissima,36.02887489,126.7191925,13-N-02156
상수리나무,Quercus,acutissima,36.02887725,126.7191416,13-N-02157
상수리나무,Quercus,acutissima,36.02884266,126.7191384,13-N-02158
상수리나무,Quercus,acutissima,36.02885258,126.7191685,13-N-02159
상수리나무,Quercus,acutissima,36.02884414,126.7192022,13-N-02160
잣나무,Pinus,koraiensis,36.02879589,126.7191878,13-N-02161
잣나무,Pinus,koraiensis,36.02877195,126.7192071,13-N-02162
잣나무,Pinus,koraiensis,36.02877788,126.719148,13-N-02163
복자기,Acer,triflorum,36.02880842,126.7191355,13-N-02164
복자기,Acer,triflorum,36.02879495,126.7190963,13-N-02165
복자기,Acer,triflorum,36.02876247,126.7190912,13-N-02166
복자기,Acer,triflorum,36.02879007,126.7190648,13-N-02167
복자기,Acer,triflorum,36.02878166,126.7190333,13-N-02168
상수리나무,Quercus,acutissima,36.02879629,126.7190009,13-N-02169
상수리나무,Quercus,acutissima,36.02876738,126.7189744,13-N-02170
상수리나무,Quercus,acutissima,36.02876864,126.7189391,13-N-02171
상수리나무,Quercus,acutissima,36.02875537,126.7189114,13-N-02172
상수리나무,Quercus,acutissima,36.02877496,126.7189115,13-N-02173
상수리나무,Quercus,acutissima,36.02876635,126.718886,13-N-02174
상수리나무,Quercus,acutissima,36.02877262,126.718849,13-N-02175
복자기,Acer,triflorum,36.02872246,126.7187561,13-N-02176
복자기,Acer,triflorum,36.02874883,126.7187524,13-N-02177
복자기,Acer,triflorum,36.02875984,126.7187231,13-N-02178
복자기,Acer,triflorum,36.02872386,126.7187315,13-N-02179
복자기,Acer,triflorum,36.02875374,126.71871,13-N-02180
상수리나무,Quercus,acutissima,36.02871525,126.7186886,13-N-02181
상수리나무,Quercus,acutissima,36.02875272,126.7186741,13-N-02182
상수리나무,Quercus,acutissima,36.0287278,126.718654,13-N-02183
상수리나무,Quercus,acutissima,36.02872373,126.7186335,13-N-02184
잣나무,Pinus,koraiensis,36.02870775,126.7185602,13-N-02185
잣나무,Pinus,koraiensis,36.02869407,126.71854,13-N-02186
잣나무,Pinus,koraiensis,36.02871083,126.7185278,13-N-02187
복자기,Acer,triflorum,36.02871544,126.7185032,13-N-02188
복자기,Acer,triflorum,36.02873519,126.718501,13-N-02189
복자기,Acer,triflorum,36.02871832,126.7184768,13-N-02190
이팝나무,Chionanthus,retusus,36.02879184,126.7184769,13-N-02191
이팝나무,Chionanthus,retusus,36.02880744,126.7185056,13-N-02192
이팝나무,Chionanthus,retusus,36.02881532,126.7184688,13-N-02193
이팝나무,Chionanthus,retusus,36.02884511,126.7184722,13-N-02194
이팝나무,Chionanthus,retusus,36.02884497,126.7185184,13-N-02195
이팝나무,Chionanthus,retusus,36.02886686,126.7185105,13-N-02196
이팝나무,Chionanthus,retusus,36.02885475,126.7185466,13-N-02197
이팝나무,Chionanthus,retusus,36.02887532,126.7185514,13-N-02198
이팝나무,Chionanthus,retusus,36.02898328,126.7184503,13-N-02199
이팝나무,Chionanthus,retusus,36.02900014,126.718459,13-N-02200
이팝나무,Chionanthus,retusus,36.02899711,126.7184872,13-N-02201
이팝나무,Chionanthus,retusus,36.02901426,126.7185046,13-N-02202
이팝나무,Chionanthus,retusus,36.02902539,126.7184762,13-N-02203
이팝나무,Chionanthus,retusus,36.02903995,126.7184558,13-N-02204
이팝나무,Chionanthus,retusus,36.02902213,126.7184293,13-N-02205
소나무,Pinus,densiflora,36.02916568,126.7184916,13-N-02206
소나무,Pinus,densiflora,36.02917755,126.7185218,13-N-02207
소나무,Pinus,densiflora,36.02915167,126.7185471,13-N-02208
소나무,Pinus,densiflora,36.02919669,126.7185751,13-N-02209
소나무,Pinus,densiflora,36.02915514,126.7185999,13-N-02210
소나무,Pinus,densiflora,36.02918744,126.7186076,13-N-02211
소나무,Pinus,densiflora,36.02920307,126.7186457,13-N-02212
소나무,Pinus,densiflora,36.02916421,126.7186555,13-N-02213
소나무,Pinus,densiflora,36.02916326,126.7187449,13-N-02214
소나무,Pinus,densiflora,36.02919395,126.7187281,13-N-02215
소나무,Pinus,densiflora,36.02921857,126.7187767,13-N-02216
소나무,Pinus,densiflora,36.02918029,126.7187815,13-N-02217
소나무,Pinus,densiflora,36.02923312,126.7188186,13-N-02218
소나무,Pinus,densiflora,36.02918921,126.7188427,13-N-02219
소나무,Pinus,densiflora,36.02923132,126.7188642,13-N-02220
소나무,Pinus,densiflora,36.02920511,126.7188872,13-N-02221
소나무,Pinus,densiflora,36.02923569,126.7189232,13-N-02222
소나무,Pinus,densiflora,36.02923333,126.7189931,13-N-02223
소나무,Pinus,densiflora,36.02918063,126.7190205,13-N-02224
소나무,Pinus,densiflora,36.02920727,126.7190524,13-N-02225
소나무,Pinus,densiflora,36.02916162,126.7190645,13-N-02226
소나무,Pinus,densiflora,36.0291677,126.7191041,13-N-02227
소나무,Pinus,densiflora,36.02912239,126.719096,13-N-02228
소나무,Pinus,densiflora,36.02912745,126.7191371,13-N-02229
팽나무,Celtis,sinensis,36.02936579,126.719323,13-N-02230
팽나무,Celtis,sinensis,36.02937362,126.7192503,13-N-02231
팽나무,Celtis,sinensis,36.02941809,126.7193394,13-N-02232
팽나무,Celtis,sinensis,36.02943035,126.7192717,13-N-02233
팽나무,Celtis,sinensis,36.02942673,126.7192056,13-N-02234
팽나무,Celtis,sinensis,36.02943761,126.7191632,13-N-02235
팽나무,Celtis,sinensis,36.02947355,126.7192136,13-N-02236
팽나무,Celtis,sinensis,36.02947718,126.7192903,13-N-02237
팽나무,Celtis,sinensis,36.02954003,126.7192824,13-N-02238
팽나무,Celtis,sinensis,36.02954773,126.7192256,13-N-02239
팽나무,Celtis,sinensis,36.02953006,126.7191679,13-N-02240
팽나무,Celtis,sinensis,36.02951705,126.7191208,13-N-02241
팽나무,Celtis,sinensis,36.02946834,126.7191403,13-N-02242
이팝나무,Chionanthus,retusus,36.02856085,126.7184263,13-N-02243
이팝나무,Chionanthus,retusus,36.02857436,126.7184617,13-N-02244
이팝나무,Chionanthus,retusus,36.02856229,126.7184928,13-N-02245
이팝나무,Chionanthus,retusus,36.02858088,126.7185128,13-N-02246
이팝나무,Chionanthus,retusus,36.02856686,126.7185326,13-N-02247
이팝나무,Chionanthus,retusus,36.02858289,126.7185538,13-N-02248
팽나무,Celtis,sinensis,36.02912714,126.7196053,13-N-02249
팽나무,Celtis,sinensis,36.02912049,126.7196789,13-N-02250
팽나무,Celtis,sinensis,36.02902509,126.7197225,13-N-02251
복자기,Acer,triflorum,36.0289542,126.719727,13-N-02252
복자기,Acer,triflorum,36.02896348,126.7197496,13-N-02253
복자기,Acer,triflorum,36.02894515,126.7197627,13-N-02254
복자기,Acer,triflorum,36.02894245,126.719788,13-N-02255
복자기,Acer,triflorum,36.02895564,126.7197832,13-N-02256
이팝나무,Chionanthus,retusus,36.02898719,126.7198627,13-N-02257
이팝나무,Chionanthus,retusus,36.0289818,126.7198813,13-N-02258
이팝나무,Chionanthus,retusus,36.02900036,126.7198724,13-N-02259
이팝나무,Chionanthus,retusus,36.02899337,126.7198911,13-N-02260
이팝나무,Chionanthus,retusus,36.02900762,126.7199366,13-N-02261
이팝나무,Chionanthus,retusus,36.02902398,126.7199477,13-N-02262
이팝나무,Chionanthus,retusus,36.02899984,126.7199589,13-N-02263
이팝나무,Chionanthus,retusus,36.02901783,126.7199682,13-N-02264
복자기,Acer,triflorum,36.02895921,126.7198787,13-N-02265
복자기,Acer,triflorum,36.02896091,126.7199058,13-N-02266
복자기,Acer,triflorum,36.0289645,126.7199381,13-N-02267
복자기,Acer,triflorum,36.02896663,126.7199567,13-N-02268
살구나무,Prunus,armeniaca,36.02896124,126.7199752,13-N-02269
살구나무,Prunus,armeniaca,36.02896958,126.7200017,13-N-02270
살구나무,Prunus,armeniaca,36.02897798,126.7200254,13-N-02271
살구나무,Prunus,armeniaca,36.02898181,126.7199742,13-N-02272
산사나무,Crataegus,pinnatifida,36.02899656,126.7200735,13-N-02273
산사나무,Crataegus,pinnatifida,36.02901617,126.7200786,13-N-02274
산사나무,Crataegus,pinnatifida,36.02900641,126.7200979,13-N-02275
산사나무,Crataegus,pinnatifida,36.02902724,126.7200997,13-N-02276
산사나무,Crataegus,pinnatifida,36.02901689,126.7201307,13-N-02277
산사나무,Crataegus,pinnatifida,36.02902525,126.7201555,13-N-02278
산사나무,Crataegus,pinnatifida,36.02904501,126.7201468,13-N-02279
동백나무,Camellia,japonica,36.02909406,126.7203183,13-N-02280
동백나무,Camellia,japonica,36.02913088,126.7203868,13-N-02281
살구나무,Prunus,armeniaca,36.02920324,126.7205625,13-N-02282
살구나무,Prunus,armeniaca,36.02920992,126.7205754,13-N-02283
살구나무,Prunus,armeniaca,36.02922464,126.720569,13-N-02284
살구나무,Prunus,armeniaca,36.0292176,126.7205952,13-N-02285
목련,Magnolia,kobus,36.02924544,126.7206354,13-N-02286
목련,Magnolia,kobus,36.02925632,126.7206255,13-N-02287
목련,Magnolia,kobus,36.02925686,126.7206655,13-N-02288
목련,Magnolia,kobus,36.02930113,126.7207369,13-N-02289
목련,Magnolia,kobus,36.02931939,126.7207368,13-N-02290
목련,Magnolia,kobus,36.02931596,126.7207707,13-N-02291
복자기,Acer,triflorum,36.02940832,126.720917,13-N-02292
복자기,Acer,triflorum,36.02942889,126.7209241,13-N-02293
복자기,Acer,triflorum,36.02943264,126.7209556,13-N-02294
복자기,Acer,triflorum,36.02944798,126.7209446,13-N-02295
모감주나무,Koelreuteria,paniculata,36.02946856,126.7209688,13-N-02296
모감주나무,Koelreuteria,paniculata,36.02949967,126.720993,13-N-02297
모감주나무,Koelreuteria,paniculata,36.02950413,126.7210277,13-N-02298
이팝나무,Chionanthus,retusus,36.02952187,126.7210553,13-N-02299
이팝나무,Chionanthus,retusus,36.02953056,126.721076,13-N-02300
이팝나무,Chionanthus,retusus,36.02956095,126.7210652,13-N-02301
이팝나무,Chionanthus,retusus,36.02955566,126.7210963,13-N-02302
이팝나무,Chionanthus,retusus,36.02958156,126.7210942,13-N-02303
이팝나무,Chionanthus,retusus,36.02959705,126.7211387,13-N-02304
이팝나무,Chionanthus,retusus,36.02961783,126.721171,13-N-02305
팥배나무,Aria,alnifolia,36.02962641,126.721114,13-N-02306
버드나무,Salix,koreensis,36.02966005,126.7211541,13-N-02307
팥배나무,Aria,alnifolia,36.02973255,126.7211872,13-N-02308
팥배나무,Aria,alnifolia,36.02977584,126.7211932,13-N-02309
팥배나무,Aria,alnifolia,36.02976213,126.7211183,13-N-02310
팥배나무,Aria,alnifolia,36.02981476,126.7211264,13-N-02311
팥배나무,Aria,alnifolia,36.02986879,126.7210987,13-N-02312
상수리나무,Quercus,acutissima,36.02981942,126.7212303,13-N-02313
모감주나무,Koelreuteria,paniculata,36.02973823,126.7212709,13-N-02314
모감주나무,Koelreuteria,paniculata,36.02974414,126.7213005,13-N-02315
모감주나무,Koelreuteria,paniculata,36.02973068,126.7213019,13-N-02316
모감주나무,Koelreuteria,paniculata,36.02971487,126.7213102,13-N-02317
목련,Magnolia,kobus,36.02968655,126.7212185,13-N-02318
목련,Magnolia,kobus,36.02966834,126.7212175,13-N-02319
목련,Magnolia,kobus,36.02965142,126.7212081,13-N-02320
목련,Magnolia,kobus,36.02966534,126.7212429,13-N-02321
곰솔,Pinus,thunbergii,36.03019276,126.7220861,13-N-02322
매실나무,Prunus,mume,36.03018428,126.7221369,13-N-02323
매실나무,Prunus,mume,36.03015979,126.72214,13-N-02324
살구나무,Prunus,armeniaca,36.03013945,126.7221253,13-N-02325
살구나무,Prunus,armeniaca,36.03012231,126.7221454,13-N-02326
감나무,Diospyros,kaki,36.03012813,126.7221898,13-N-02327
감나무,Diospyros,kaki,36.03015902,126.722182,13-N-02328
감나무,Diospyros,kaki,36.03018157,126.7221787,13-N-02329
때죽나무,Styrax,japonicus,36.02999483,126.7220137,13-N-02330
때죽나무,Styrax,japonicus,36.02997632,126.7220284,13-N-02331
때죽나무,Styrax,japonicus,36.02995398,126.7220258,13-N-02332
복자기,Acer,triflorum,36.02992245,126.7220293,13-N-02333
복자기,Acer,triflorum,36.02989883,126.7220354,13-N-02334
소사나무,Carpinus,turczaninowii,36.029854,126.7220195,13-N-02335
소사나무,Carpinus,turczaninowii,36.02984352,126.7220297,13-N-02336
소사나무,Carpinus,turczaninowii,36.02984168,126.7220485,13-N-02337
소사나무,Carpinus,turczaninowii,36.02982781,126.7220038,13-N-02338
소사나무,Carpinus,turczaninowii,36.02982542,126.7220369,13-N-02339
소사나무,Carpinus,turczaninowii,36.02982405,126.7220619,13-N-02340
소사나무,Carpinus,turczaninowii,36.02983901,126.7220733,13-N-02341
복자기,Acer,triflorum,36.02987867,126.7220582,13-N-02342
복자기,Acer,triflorum,36.02989226,126.7220903,13-N-02343
복자기,Acer,triflorum,36.02989538,126.7221109,13-N-02344
복자기,Acer,triflorum,36.02988165,126.7221425,13-N-02345
산벚나무,Prunus,sargentii,36.02990969,126.7221615,13-N-02346
산벚나무,Prunus,sargentii,36.02989862,126.7221943,13-N-02347
산벚나무,Prunus,sargentii,36.02992333,126.7222074,13-N-02348
산벚나무,Prunus,sargentii,36.02991795,126.7222566,13-N-02349
산딸나무,Cornus,kousa,36.02988973,126.722257,13-N-02350
산딸나무,Cornus,kousa,36.02990049,126.7222724,13-N-02351
산딸나무,Cornus,kousa,36.02986491,126.7222819,13-N-02352
산딸나무,Cornus,kousa,36.02988569,126.7222895,13-N-02353
산딸나무,Cornus,kousa,36.02990207,126.722294,13-N-02354
산딸나무,Cornus,kousa,36.02990771,126.7223139,13-N-02355
산딸나무,Cornus,kousa,36.02993237,126.7223131,13-N-02356
산딸나무,Cornus,kousa,36.02991988,126.7222916,13-N-02357
산딸나무,Cornus,kousa,36.02994014,126.7222877,13-N-02358
소나무,Pinus,densiflora,36.02995288,126.7223389,13-N-02359
소나무,Pinus,densiflora,36.02993706,126.722377,13-N-02360
소나무,Pinus,densiflora,36.02997237,126.7223944,13-N-02361
소나무,Pinus,densiflora,36.03000393,126.7226407,13-N-02362
소나무,Pinus,densiflora,36.02997942,126.7226742,13-N-02363
소나무,Pinus,densiflora,36.03000685,126.7227068,13-N-02364
복자기,Acer,triflorum,36.03001264,126.7228425,13-N-02365
산딸나무,Cornus,kousa,36.02996879,126.7228385,13-N-02366
산딸나무,Cornus,kousa,36.0299647,126.722862,13-N-02367
산딸나무,Cornus,kousa,36.02998204,126.7228664,13-N-02368
산수유,Cornus,officinalis,36.02999434,126.7229136,13-N-02369
산수유,Cornus,officinalis,36.02999071,126.7229331,13-N-02370
산수유,Cornus,officinalis,36.03000443,126.7229427,13-N-02371
백목련,Magnolia,heptapeta,36.03006014,126.722898,13-N-02372
백목련,Magnolia,heptapeta,36.03008645,126.7229267,13-N-02373
백목련,Magnolia,heptapeta,36.03010373,126.7229449,13-N-02374
매실나무,Prunus,mume,36.03013918,126.7229561,13-N-02375
살구나무,Prunus,armeniaca,36.03015587,126.7229216,13-N-02376
살구나무,Prunus,armeniaca,36.03017014,126.7229465,13-N-02377
살구나무,Prunus,armeniaca,36.03018659,126.7229318,13-N-02378
살구나무,Prunus,armeniaca,36.03021025,126.7229538,13-N-02379
고로쇠나무,Acer,pictum,36.03022731,126.7229663,13-N-02380
동백나무,Camellia,japonica,36.03022505,126.7226639,13-N-02381
동백나무,Camellia,japonica,36.03022284,126.7226904,13-N-02382
동백나무,Camellia,japonica,36.03024529,126.7227083,13-N-02383
동백나무,Camellia,japonica,36.03025546,126.7227323,13-N-02384
잣나무,Pinus,koraiensis,36.03019736,126.7227004,13-N-02385
잣나무,Pinus,koraiensis,36.030197,126.722728,13-N-02386
잣나무,Pinus,koraiensis,36.03021962,126.72275,13-N-02387
잣나무,Pinus,koraiensis,36.03024216,126.7227571,13-N-02388
산딸나무,Cornus,kousa,36.03026084,126.722818,13-N-02389
산딸나무,Cornus,kousa,36.0302885,126.7228129,13-N-02390
산딸나무,Cornus,kousa,36.03028125,126.7228276,13-N-02391
산딸나무,Cornus,kousa,36.03029056,126.7228361,13-N-02392
이팝나무,Chionanthus,retusus,36.03002667,126.7229937,13-N-02393
이팝나무,Chionanthus,retusus,36.03004519,126.7230043,13-N-02394
이팝나무,Chionanthus,retusus,36.03008066,126.7229975,13-N-02395
이팝나무,Chionanthus,retusus,36.03009372,126.7230154,13-N-02396
이팝나무,Chionanthus,retusus,36.03011195,126.7230091,13-N-02397
이팝나무,Chionanthus,retusus,36.03014079,126.7230182,13-N-02398
이팝나무,Chionanthus,retusus,36.03016372,126.7230261,13-N-02399
이팝나무,Chionanthus,retusus,36.03018113,126.7230239,13-N-02400
이팝나무,Chionanthus,retusus,36.03012536,126.7230412,13-N-02401
이팝나무,Chionanthus,retusus,36.03014217,126.7230499,13-N-02402
때죽나무,Styrax,japonicus,36.03015749,126.7230472,13-N-02403
때죽나무,Styrax,japonicus,36.03021363,126.7230856,13-N-02404
때죽나무,Styrax,japonicus,36.03020334,126.7230674,13-N-02405
산딸나무,Cornus,kousa,36.03022061,126.7230466,13-N-02406
산딸나무,Cornus,kousa,36.03022238,126.7230215,13-N-02407
산딸나무,Cornus,kousa,36.03025061,126.7230504,13-N-02408
산딸나무,Cornus,kousa,36.03025595,126.7230205,13-N-02409
산딸나무,Cornus,kousa,36.03026798,126.7230406,13-N-02410
살구나무,Prunus,armeniaca,36.03028857,126.7230573,13-N-02411
상수리나무,Quercus,acutissima,36.03032224,126.7230432,13-N-02412
복자기,Acer,triflorum,36.03030342,126.7230842,13-N-02413
살구나무,Prunus,armeniaca,36.0302895,126.7230917,13-N-02414
졸참나무,Quercus,serrata,36.03025548,126.7230981,13-N-02415
복자기,Acer,triflorum,36.03033158,126.7230842,13-N-02416
복자기,Acer,triflorum,36.03033087,126.7231126,13-N-02417
복자기,Acer,triflorum,36.03032746,126.7231422,13-N-02418
복자기,Acer,triflorum,36.03036103,126.7231849,13-N-02419
이팝나무,Chionanthus,retusus,36.03031233,126.7231954,13-N-02420
이팝나무,Chionanthus,retusus,36.03029011,126.7231637,13-N-02421
졸참나무,Quercus,serrata,36.03028532,126.7231163,13-N-02422
졸참나무,Quercus,serrata,36.03026568,126.7231445,13-N-02423
이팝나무,Chionanthus,retusus,36.03026602,126.7232092,13-N-02424
이팝나무,Chionanthus,retusus,36.03027605,126.7232352,13-N-02425
산사나무,Crataegus,pinnatifida,36.03025971,126.7232558,13-N-02426
산사나무,Crataegus,pinnatifida,36.0302421,126.723227,13-N-02427
졸참나무,Quercus,serrata,36.03023757,126.7231808,13-N-02428
졸참나무,Quercus,serrata,36.03023491,126.7231311,13-N-02429
졸참나무,Quercus,serrata,36.03021736,126.7231537,13-N-02430
동백나무,Camellia,japonica,36.0301562,126.7230836,13-N-02431
동백나무,Camellia,japonica,36.03014175,126.7231353,13-N-02432
동백나무,Camellia,japonica,36.03015323,126.7231694,13-N-02433
동백나무,Camellia,japonica,36.0301802,126.7232407,13-N-02434
산사나무,Crataegus,pinnatifida,36.03022525,126.7232257,13-N-02435
산사나무,Crataegus,pinnatifida,36.03020863,126.7232435,13-N-02436
산사나무,Crataegus,pinnatifida,36.02989862,126.7221943,13-N-02437
산사나무,Crataegus,pinnatifida,36.03024804,126.7232735,13-N-02438
산사나무,Crataegus,pinnatifida,36.03022524,126.7232587,13-N-02439
산벚나무,Prunus,sargentii,36.03025397,126.7232854,13-N-02440
산벚나무,Prunus,sargentii,36.03021379,126.723285,13-N-02441
산벚나무,Prunus,sargentii,36.03024263,126.7233182,13-N-02442
산딸나무,Cornus,kousa,36.0302812,126.7233926,13-N-02443
산딸나무,Cornus,kousa,36.03030301,126.7234224,13-N-02444
산딸나무,Cornus,kousa,36.03028268,126.7234218,13-N-02445
산수유,Cornus,officinalis,36.03035255,126.7228048,13-N-02446
산수유,Cornus,officinalis,36.03034124,126.7227955,13-N-02447
산수유,Cornus,officinalis,36.0303368,126.7227798,13-N-02448
산수유,Cornus,officinalis,36.03035035,126.7227692,13-N-02449
산수유,Cornus,officinalis,36.03033645,126.7227481,13-N-02450
산수유,Cornus,officinalis,36.03034405,126.722724,13-N-02451
산수유,Cornus,officinalis,36.03036648,126.7227687,13-N-02452
산수유,Cornus,officinalis,36.03037205,126.722797,13-N-02453
산수유,Cornus,officinalis,36.03038704,126.7227884,13-N-02454
산수유,Cornus,officinalis,36.0303783,126.7228194,13-N-02455
산수유,Cornus,officinalis,36.03039048,126.7228145,13-N-02456
살구나무,Prunus,armeniaca,36.03038994,126.7228437,13-N-02457
살구나무,Prunus,armeniaca,36.03042907,126.7228078,13-N-02458
살구나무,Prunus,armeniaca,36.03041024,126.7228622,13-N-02459
살구나무,Prunus,armeniaca,36.03042856,126.7228777,13-N-02460
살구나무,Prunus,armeniaca,36.03042504,126.7228466,13-N-02461
목련,Magnolia,kobus,36.03045141,126.7227836,13-N-02462
상수리나무,Quercus,acutissima,36.03046029,126.7228322,13-N-02463
목련,Magnolia,kobus,36.03048682,126.7228346,13-N-02464
목련,Magnolia,kobus,36.03047416,126.7228674,13-N-02465
잣나무,Pinus,koraiensis,36.03040914,126.7229339,13-N-02469
잣나무,Pinus,koraiensis,36.03042536,126.7229248,13-N-02470
살구나무,Prunus,armeniaca,36.03043651,126.7229529,13-N-02471
목련,Magnolia,kobus,36.03048418,126.7229558,13-N-02472
목련,Magnolia,kobus,36.03050506,126.7229859,13-N-02473
목련,Magnolia,kobus,36.03048776,126.7230052,13-N-02474
복자기,Acer,triflorum,36.03051097,126.7230843,13-N-02475
복자기,Acer,triflorum,36.0305177,126.7231073,13-N-02476
복자기,Acer,triflorum,36.03054877,126.7231153,13-N-02477
복자기,Acer,triflorum,36.03053901,126.7231379,13-N-02478
복자기,Acer,triflorum,36.03052116,126.7231343,13-N-02479
살구나무,Prunus,armeniaca,36.03046235,126.7229755,13-N-02480
살구나무,Prunus,armeniaca,36.03043973,126.7229871,13-N-02481
살구나무,Prunus,armeniaca,36.03041297,126.7229867,13-N-02482
산사나무,Crataegus,pinnatifida,36.03041588,126.7230353,13-N-02483
산사나무,Crataegus,pinnatifida,36.03039674,126.7230198,13-N-02484
산사나무,Crataegus,pinnatifida,36.03037782,126.7230271,13-N-02485
산사나무,Crataegus,pinnatifida,36.03038873,126.7230398,13-N-02486
산사나무,Crataegus,pinnatifida,36.03040055,126.7230567,13-N-02487
산수유,Cornus,officinalis,36.03040116,126.7231166,13-N-02488
산수유,Cornus,officinalis,36.03044292,126.7230701,13-N-02489
때죽나무,Styrax,japonicus,36.03042491,126.7231003,13-N-02490
산수유,Cornus,officinalis,36.03041434,126.7231306,13-N-02491
산수유,Cornus,officinalis,36.03043545,126.7231295,13-N-02492
때죽나무,Styrax,japonicus,36.03044967,126.7230992,13-N-02493
때죽나무,Styrax,japonicus,36.03044352,126.7231247,13-N-02494
때죽나무,Styrax,japonicus,36.03046046,126.7231264,13-N-02495
때죽나무,Styrax,japonicus,36.03045622,126.7231523,13-N-02496
때죽나무,Styrax,japonicus,36.0304981,126.7231815,13-N-02497
때죽나무,Styrax,japonicus,36.03050096,126.7232051,13-N-02498
때죽나무,Styrax,japonicus,36.03049857,126.7232281,13-N-02499
때죽나무,Styrax,japonicus,36.03050263,126.7232488,13-N-02500
때죽나무,Styrax,japonicus,36.03051622,126.723245,13-N-02501
때죽나무,Styrax,japonicus,36.03053152,126.7232513,13-N-02502
잣나무,Pinus,koraiensis,36.0305076,126.7232932,13-N-02503
잣나무,Pinus,koraiensis,36.03054066,126.7233817,13-N-02504
산딸나무,Cornus,kousa,36.03044673,126.7234981,13-N-02505
산딸나무,Cornus,kousa,36.03046479,126.723513,13-N-02506
산딸나무,Cornus,kousa,36.03045205,126.7235422,13-N-02507
산딸나무,Cornus,kousa,36.03046467,126.7235743,13-N-02508
버드나무,Salix,koreensis,36.03052137,126.7235474,13-N-02509
물푸레나무,Fraxinus,rhynchophylla,36.030516,126.7235842,13-N-02510
물푸레나무,Fraxinus,rhynchophylla,36.03053974,126.7235952,13-N-02511
물푸레나무,Fraxinus,rhynchophylla,36.03051501,126.723614,13-N-02512
물푸레나무,Fraxinus,rhynchophylla,36.03055044,126.7236483,13-N-02513
물푸레나무,Fraxinus,rhynchophylla,36.0305228,126.7236595,13-N-02514
산수유,Cornus,officinalis,36.03058415,126.7236037,13-N-02515
산수유,Cornus,officinalis,36.03059502,126.7236264,13-N-02516
산수유,Cornus,officinalis,36.03058042,126.7236414,13-N-02517
잣나무,Pinus,koraiensis,36.03048789,126.7237663,13-N-02518
잣나무,Pinus,koraiensis,36.03049209,126.7237975,13-N-02519
목련,Magnolia,kobus,36.03051264,126.7238641,13-N-02520
목련,Magnolia,kobus,36.03050005,126.723887,13-N-02521
목련,Magnolia,kobus,36.03052247,126.7238936,13-N-02522
목련,Magnolia,kobus,36.0305031,126.7239041,13-N-02523
목련,Magnolia,kobus,36.03050693,126.7239283,13-N-02524
목련,Magnolia,kobus,36.03050927,126.7239579,13-N-02525
목련,Magnolia,kobus,36.03051635,126.7239908,13-N-02526
층층나무,Cornus,controversa,36.03059157,126.72401,13-N-02527
층층나무,Cornus,controversa,36.03060999,126.7239895,13-N-02528
층층나무,Cornus,controversa,36.03058338,126.7239768,13-N-02529
층층나무,Cornus,controversa,36.03060053,126.7239464,13-N-02530
층층나무,Cornus,controversa,36.03057114,126.7239438,13-N-02531
층층나무,Cornus,controversa,36.03057725,126.7239209,13-N-02532
층층나무,Cornus,controversa,36.03062075,126.7239174,13-N-02533
층층나무,Cornus,controversa,36.03064998,126.7239166,13-N-02534
층층나무,Cornus,controversa,36.03062773,126.7238794,13-N-02535
층층나무,Cornus,controversa,36.03065904,126.7238824,13-N-02536
살구나무,Prunus,armeniaca,36.03067126,126.7238508,13-N-02537
고로쇠나무,Acer,pictum,36.03070046,126.7238096,13-N-02538
고로쇠나무,Acer,pictum,36.03072142,126.7238075,13-N-02539
감나무,Diospyros,kaki,36.03077252,126.7237954,13-N-02540
감나무,Diospyros,kaki,36.03077328,126.7237611,13-N-02541
고로쇠나무,Acer,pictum,36.03071849,126.723694,13-N-02542
고로쇠나무,Acer,pictum,36.03072538,126.7237134,13-N-02543
고로쇠나무,Acer,pictum,36.03073515,126.7236952,13-N-02544
고로쇠나무,Acer,pictum,36.03074241,126.7237168,13-N-02545
산사나무,Crataegus,pinnatifida,36.0307933,126.7236238,13-N-02546
산사나무,Crataegus,pinnatifida,36.03082137,126.723618,13-N-02547
산사나무,Crataegus,pinnatifida,36.03080975,126.7236074,13-N-02548
산사나무,Crataegus,pinnatifida,36.03080085,126.723611,13-N-02549
산사나무,Crataegus,pinnatifida,36.03079902,126.7235962,13-N-02550
산사나무,Crataegus,pinnatifida,36.0308103,126.7235889,13-N-02551
산사나무,Crataegus,pinnatifida,36.0307879,126.7235778,13-N-02552
산사나무,Crataegus,pinnatifida,36.03080148,126.7235684,13-N-02553
산사나무,Crataegus,pinnatifida,36.03077919,126.7235581,13-N-02554
산사나무,Crataegus,pinnatifida,36.03079138,126.7235527,13-N-02555
산사나무,Crataegus,pinnatifida,36.03075789,126.7234989,13-N-02556
매실나무,Prunus,mume,36.03078028,126.7234875,13-N-02557
매실나무,Prunus,mume,36.03078992,126.7234422,13-N-02558
매실나무,Prunus,mume,36.03074494,126.7234545,13-N-02559
산수유,Cornus,officinalis,36.03073378,126.7233176,13-N-02560
산수유,Cornus,officinalis,36.03072375,126.7233246,13-N-02561
산수유,Cornus,officinalis,36.03071702,126.7232973,13-N-02562
산수유,Cornus,officinalis,36.03071894,126.7232737,13-N-02563
산수유,Cornus,officinalis,36.03070335,126.7232682,13-N-02564
매실나무,Prunus,mume,36.03084387,126.7231714,13-N-02565
매실나무,Prunus,mume,36.03084079,126.7231369,13-N-02566
매실나무,Prunus,mume,36.03086102,126.7231464,13-N-02567
매실나무,Prunus,mume,36.0309239,126.7231477,13-N-02568
복사나무,Prunus,persica,36.0308857,126.7230984,13-N-02569
복사나무,Prunus,persica,36.03090766,126.7230863,13-N-02570
복사나무,Prunus,persica,36.03100027,126.7231758,13-N-02571
산수유,Cornus,officinalis,36.03107732,126.7234206,13-N-02572
산사나무,Crataegus,pinnatifida,36.03092454,126.7232569,13-N-02573
산사나무,Crataegus,pinnatifida,36.03090595,126.723253,13-N-02574
산사나무,Crataegus,pinnatifida,36.03094071,126.7232788,13-N-02575
산사나무,Crataegus,pinnatifida,36.03091636,126.7232721,13-N-02576
산사나무,Crataegus,pinnatifida,36.03095332,126.7233096,13-N-02577
산사나무,Crataegus,pinnatifida,36.03091494,126.7233092,13-N-02578
산사나무,Crataegus,pinnatifida,36.03093415,126.7233118,13-N-02579
산사나무,Crataegus,pinnatifida,36.03095682,126.7233872,13-N-02580
이팝나무,Chionanthus,retusus,36.0309419,126.7233985,13-N-02581
이팝나무,Chionanthus,retusus,36.03097267,126.7234113,13-N-02582
이팝나무,Chionanthus,retusus,36.03099246,126.7234401,13-N-02583
이팝나무,Chionanthus,retusus,36.03097872,126.7234639,13-N-02584
이팝나무,Chionanthus,retusus,36.03098896,126.7234585,13-N-02585
이팝나무,Chionanthus,retusus,36.03100381,126.7234868,13-N-02586
석류나무,Punica,granatum,36.03099718,126.723497,13-N-02587
석류나무,Punica,granatum,36.03100346,126.7235157,13-N-02588
석류나무,Punica,granatum,36.03099416,126.7235209,13-N-02589
석류나무,Punica,granatum,36.03099769,126.7235429,13-N-02590
석류나무,Punica,granatum,36.03100851,126.7235369,13-N-02591
석류나무,Punica,granatum,36.03099914,126.723573,13-N-02592
석류나무,Punica,granatum,36.03101667,126.7235751,13-N-02593
산수유,Cornus,officinalis,36.03101998,126.7236068,13-N-02594
산수유,Cornus,officinalis,36.03099969,126.7236013,13-N-02595
산수유,Cornus,officinalis,36.03101005,126.7236234,13-N-02596
산수유,Cornus,officinalis,36.03101983,126.7236548,13-N-02597
산수유,Cornus,officinalis,36.03099232,126.7236533,13-N-02598
산수유,Cornus,officinalis,36.03100839,126.7236945,13-N-02599
산수유,Cornus,officinalis,36.03102321,126.7237204,13-N-02600
산수유,Cornus,officinalis,36.03099701,126.7237234,13-N-02601
물푸레나무,Fraxinus,rhynchophylla,36.0309854,126.7237508,13-N-02602
물푸레나무,Fraxinus,rhynchophylla,36.03101527,126.7237842,13-N-02603
물푸레나무,Fraxinus,rhynchophylla,36.03098719,126.7237876,13-N-02604
물푸레나무,Fraxinus,rhynchophylla,36.03100604,126.7238234,13-N-02605
물푸레나무,Fraxinus,rhynchophylla,36.03097786,126.7238328,13-N-02606
물푸레나무,Fraxinus,rhynchophylla,36.03099628,126.7238723,13-N-02607
물푸레나무,Fraxinus,rhynchophylla,36.03098356,126.7239143,13-N-02608
물푸레나무,Fraxinus,rhynchophylla,36.03095395,126.7238917,13-N-02609
모과나무,Chaenomeles,sinensis,36.0310598,126.7239851,13-N-02610
동백나무,Camellia,japonica,36.03094013,126.7239663,13-N-02611
동백나무,Camellia,japonica,36.03095994,126.7239819,13-N-02612
복사나무,Prunus,persica,36.03097201,126.7240113,13-N-02613
동백나무,Camellia,japonica,36.03098942,126.724055,13-N-02614
동백나무,Camellia,japonica,36.03093041,126.7239889,13-N-02615
동백나무,Camellia,japonica,36.03091205,126.7239921,13-N-02616
동백나무,Camellia,japonica,36.03091566,126.7240169,13-N-02617
동백나무,Camellia,japonica,36.03088566,126.7240295,13-N-02618
동백나무,Camellia,japonica,36.03090113,126.7240621,13-N-02619
동백나무,Camellia,japonica,36.03086645,126.7240582,13-N-02620
동백나무,Camellia,japonica,36.03087438,126.7240792,13-N-02621
잣나무,Pinus,koraiensis,36.03083971,126.7241712,13-N-02622
잣나무,Pinus,koraiensis,36.03083735,126.7242041,13-N-02623
매실나무,Prunus,mume,36.03080097,126.7242086,13-N-02624
매실나무,Prunus,mume,36.03078551,126.7242296,13-N-02625
매실나무,Prunus,mume,36.03077798,126.7242068,13-N-02626
대추나무,Ziziphus,jujuba,36.03074937,126.7241732,13-N-02627
대추나무,Ziziphus,jujuba,36.03073496,126.7241568,13-N-02628
대추나무,Ziziphus,jujuba,36.03073404,126.7241705,13-N-02629
산딸나무,Cornus,kousa,36.03042534,126.7247337,13-N-02630
산딸나무,Cornus,kousa,36.03040354,126.7247398,13-N-02631
산딸나무,Cornus,kousa,36.03040325,126.7247535,13-N-02632
산딸나무,Cornus,kousa,36.03038398,126.7247509,13-N-02633
산딸나무,Cornus,kousa,36.03037366,126.7247666,13-N-02634
느티나무,Zelkova,serrata,36.0298894,126.7232477,13-N-02635
느티나무,Zelkova,serrata,36.02990072,126.7232876,13-N-02636
물푸레나무,Fraxinus,rhynchophylla,36.02991941,126.7232798,13-N-02637
물푸레나무,Fraxinus,rhynchophylla,36.02995632,126.7233013,13-N-02638
물푸레나무,Fraxinus,rhynchophylla,36.02992962,126.723312,13-N-02639
물푸레나무,Fraxinus,rhynchophylla,36.02994467,126.723335,13-N-02640
물푸레나무,Fraxinus,rhynchophylla,36.02992932,126.7233612,13-N-02641
물푸레나무,Fraxinus,rhynchophylla,36.0299705,126.7233585,13-N-02642
물푸레나무,Fraxinus,rhynchophylla,36.02995651,126.7233896,13-N-02643
물푸레나무,Fraxinus,rhynchophylla,36.02999751,126.7234214,13-N-02644
물푸레나무,Fraxinus,rhynchophylla,36.02999603,126.7233889,13-N-02645
느티나무,Zelkova,serrata,36.02990685,126.7233854,13-N-02646
물푸레나무,Fraxinus,rhynchophylla,36.02994636,126.7234202,13-N-02647
물푸레나무,Fraxinus,rhynchophylla,36.02993913,126.7234598,13-N-02648
물푸레나무,Fraxinus,rhynchophylla,36.02998806,126.7234434,13-N-02649
물푸레나무,Fraxinus,rhynchophylla,36.03001777,126.7234757,13-N-02650
자귀나무,Albizia,julibrissin,36.02926763,126.7240362,13-N-02651
자귀나무,Albizia,julibrissin,36.02929126,126.7240202,13-N-02652
자귀나무,Albizia,julibrissin,36.02931555,126.7240402,13-N-02653
느티나무,Zelkova,serrata,36.0291963,126.72412,13-N-02654
자귀나무,Albizia,julibrissin,36.02922571,126.7240967,13-N-02655
느티나무,Zelkova,serrata,36.02925691,126.7241102,13-N-02656
자귀나무,Albizia,julibrissin,36.02930349,126.7240999,13-N-02657
느티나무,Zelkova,serrata,36.02932956,126.7240782,13-N-02658
느티나무,Zelkova,serrata,36.02941372,126.724132,13-N-02659
소나무,Pinus,densiflora,36.02951658,126.7240451,13-N-02660
소나무,Pinus,densiflora,36.02955811,126.7240984,13-N-02661
소나무,Pinus,densiflora,36.02956371,126.7240475,13-N-02662
소나무,Pinus,densiflora,36.02955262,126.7240116,13-N-02663
소나무,Pinus,densiflora,36.02958765,126.7240097,13-N-02664
소나무,Pinus,densiflora,36.02962235,126.7240409,13-N-02665
소나무,Pinus,densiflora,36.02963546,126.7239921,13-N-02666
소나무,Pinus,densiflora,36.02965868,126.7240607,13-N-02667
소나무,Pinus,densiflora,36.02967683,126.7240281,13-N-02668
소나무,Pinus,densiflora,36.02970245,126.7240738,13-N-02669
소나무,Pinus,densiflora,36.02973724,126.7240377,13-N-02670
소나무,Pinus,densiflora,36.02971182,126.7239899,13-N-02671
무궁화'삼천리',Hibiscus,syriacus,36.02961077,126.724085,13-N-02672
무궁화'삼천리',Hibiscus,syriacus,36.02960364,126.7241035,13-N-02673
무궁화'삼천리',Hibiscus,syriacus,36.02959161,126.7240803,13-N-02674
무궁화'삼천리',Hibiscus,syriacus,36.02958984,126.7241064,13-N-02675
무궁화'삼천리',Hibiscus,syriacus,36.0295772,126.7240968,13-N-02676
매실나무,Prunus,mume,36.0294663,126.724233,13-N-02677
매실나무,Prunus,mume,36.02948189,126.7242463,13-N-02678
매실나무,Prunus,mume,36.02946596,126.7242731,13-N-02679
느티나무,Zelkova,serrata,36.02942069,126.7243458,13-N-02680
느티나무,Zelkova,serrata,36.02944051,126.7244998,13-N-02681
느티나무,Zelkova,serrata,36.02947731,126.7247124,13-N-02682
느티나무,Zelkova,serrata,36.02949416,126.7248639,13-N-02683
느티나무,Zelkova,serrata,36.0294996,126.7249458,13-N-02684
느티나무,Zelkova,serrata,36.02946584,126.7249549,13-N-02685
느티나무,Zelkova,serrata,36.02945572,126.7248675,13-N-02686
느티나무,Zelkova,serrata,36.02940567,126.7245059,13-N-02687
느티나무,Zelkova,serrata,36.02943451,126.7247219,13-N-02688
느티나무,Zelkova,serrata,36.0293871,126.7243516,13-N-02689
느티나무,Zelkova,serrata,36.02929033,126.7242402,13-N-02690
느티나무,Zelkova,serrata,36.0292576,126.7242475,13-N-02691
느티나무,Zelkova,serrata,36.02921457,126.7242554,13-N-02692
느티나무,Zelkova,serrata,36.02919681,126.7241601,13-N-02693
느티나무,Zelkova,serrata,36.02911647,126.7241794,13-N-02694
느티나무,Zelkova,serrata,36.02908205,126.7242286,13-N-02695
느티나무,Zelkova,serrata,36.02908884,126.7243199,13-N-02696
느티나무,Zelkova,serrata,36.02911415,126.7244759,13-N-02697
느티나무,Zelkova,serrata,36.02912808,126.7245448,13-N-02698
느티나무,Zelkova,serrata,36.02913407,126.7246394,13-N-02699
느티나무,Zelkova,serrata,36.02915029,126.7247062,13-N-02700
느티나무,Zelkova,serrata,36.02915073,126.7247717,13-N-02701
느티나무,Zelkova,serrata,36.02915684,126.7248583,13-N-02702
느티나무,Zelkova,serrata,36.02916871,126.7249309,13-N-02703
느티나무,Zelkova,serrata,36.02917338,126.7249986,13-N-02704
느티나무,Zelkova,serrata,36.02919266,126.7250776,13-N-02705
느티나무,Zelkova,serrata,36.02919995,126.7251767,13-N-02706
매실나무,Prunus,mume,36.02929745,126.7251592,13-N-02707
느티나무,Zelkova,serrata,36.02923528,126.7250713,13-N-02708
매실나무,Prunus,mume,36.02934,126.725157,13-N-02709
매실나무,Prunus,mume,36.02938343,126.7251474,13-N-02710
매실나무,Prunus,mume,36.0294537,126.7251303,13-N-02711
매실나무,Prunus,mume,36.02952051,126.7251252,13-N-02712
느티나무,Zelkova,serrata,36.0293977,126.7250491,13-N-02713
느티나무,Zelkova,serrata,36.02935101,126.7250586,13-N-02714
느티나무,Zelkova,serrata,36.02931244,126.7250703,13-N-02715
느티나무,Zelkova,serrata,36.02934104,126.7249856,13-N-02716
느티나무,Zelkova,serrata,36.02928887,126.7249308,13-N-02717
느티나무,Zelkova,serrata,36.02933329,126.7249146,13-N-02718
느티나무,Zelkova,serrata,36.0293787,126.7249141,13-N-02719
느티나무,Zelkova,serrata,36.02932059,126.7248318,13-N-02720
느티나무,Zelkova,serrata,36.02935906,126.7247569,13-N-02721
느티나무,Zelkova,serrata,36.02931048,126.7247668,13-N-02722
느티나무,Zelkova,serrata,36.0292626,126.7247726,13-N-02723
느티나무,Zelkova,serrata,36.02926071,126.7246882,13-N-02724
느티나무,Zelkova,serrata,36.02930019,126.7246827,13-N-02725
느티나무,Zelkova,serrata,36.02934797,126.7246674,13-N-02726
느티나무,Zelkova,serrata,36.02929821,126.7246112,13-N-02727
느티나무,Zelkova,serrata,36.02932418,126.7245263,13-N-02728
느티나무,Zelkova,serrata,36.02928579,126.7245348,13-N-02729
느티나무,Zelkova,serrata,36.02924476,126.724543,13-N-02730
느티나무,Zelkova,serrata,36.02927497,126.7244516,13-N-02731
느티나무,Zelkova,serrata,36.02930783,126.7243827,13-N-02732
느티나무,Zelkova,serrata,36.02926566,126.724392,13-N-02733
느티나무,Zelkova,serrata,36.02922702,126.7244078,13-N-02734
느티나무,Zelkova,serrata,36.02925786,126.7243162,13-N-02735
느티나무,Zelkova,serrata,36.02921499,126.7249231,13-N-02736
느티나무,Zelkova,serrata,36.02919337,126.7247567,13-N-02737
느티나무,Zelkova,serrata,36.02916841,126.7245407,13-N-02738
느티나무,Zelkova,serrata,36.0291539,126.7243919,13-N-02739
매실나무,Prunus,mume,36.0297631,126.7242235,13-N-02740
매실나무,Prunus,mume,36.02978116,126.7242315,13-N-02741
살구나무,Prunus,armeniaca,36.02980661,126.7242011,13-N-02742
살구나무,Prunus,armeniaca,36.02982475,126.7242119,13-N-02743
고로쇠나무,Acer,pictum,36.0298463,126.7242305,13-N-02744
복자기,Acer,triflorum,36.02982512,126.7242568,13-N-02745
복자기,Acer,triflorum,36.0298716,126.7242369,13-N-02746
졸참나무,Quercus,serrata,36.02986129,126.7241884,13-N-02747
고로쇠나무,Acer,pictum,36.02989259,126.7242071,13-N-02748
고로쇠나무,Acer,pictum,36.02990477,126.7242216,13-N-02749
고로쇠나무,Acer,pictum,36.02989075,126.7242391,13-N-02750
물푸레나무,Fraxinus,rhynchophylla,36.03000728,126.7234996,13-N-02751
물푸레나무,Fraxinus,rhynchophylla,36.02994987,126.7234779,13-N-02752
물푸레나무,Fraxinus,rhynchophylla,36.03001903,126.7235134,13-N-02753
물푸레나무,Fraxinus,rhynchophylla,36.03004231,126.7235126,13-N-02754
물푸레나무,Fraxinus,rhynchophylla,36.03001402,126.7235325,13-N-02755
물푸레나무,Fraxinus,rhynchophylla,36.03004161,126.7235368,13-N-02756
물푸레나무,Fraxinus,rhynchophylla,36.03001901,126.7235534,13-N-02757
물푸레나무,Fraxinus,rhynchophylla,36.03004534,126.7235736,13-N-02758
물푸레나무,Fraxinus,rhynchophylla,36.03003017,126.7236077,13-N-02759
물푸레나무,Fraxinus,rhynchophylla,36.0300538,126.7236429,13-N-02760
물푸레나무,Fraxinus,rhynchophylla,36.03004262,126.7236865,13-N-02761
물푸레나무,Fraxinus,rhynchophylla,36.02999753,126.7236669,13-N-02762
느티나무,Zelkova,serrata,36.02997054,126.7236644,13-N-02763
물푸레나무,Fraxinus,rhynchophylla,36.02996927,126.7237159,13-N-02764
복자기,Acer,triflorum,36.03014337,126.7237271,13-N-02765
복자기,Acer,triflorum,36.03014054,126.7237415,13-N-02766
복자기,Acer,triflorum,36.03013079,126.7237499,13-N-02767
복자기,Acer,triflorum,36.03010353,126.7237425,13-N-02768
이팝나무,Chionanthus,retusus,36.02997843,126.7237971,13-N-02769
이팝나무,Chionanthus,retusus,36.0299276,126.7238,13-N-02770
배롱나무,Lagerstroemia,indica,36.02989851,126.7238031,13-N-02771
배롱나무,Lagerstroemia,indica,36.02988231,126.7237792,13-N-02772
배롱나무,Lagerstroemia,indica,36.02986849,126.7238052,13-N-02773
이팝나무,Chionanthus,retusus,36.02984509,126.7238276,13-N-02774
이팝나무,Chionanthus,retusus,36.02978343,126.7238317,13-N-02775
배롱나무,Lagerstroemia,indica,36.02974758,126.723809,13-N-02776
배롱나무,Lagerstroemia,indica,36.02973008,126.7238504,13-N-02777
배롱나무,Lagerstroemia,indica,36.02971434,126.7238198,13-N-02778
이팝나무,Chionanthus,retusus,36.02969959,126.7238507,13-N-02779
이팝나무,Chionanthus,retusus,36.02963104,126.7238745,13-N-02780
배롱나무,Lagerstroemia,indica,36.02960436,126.7238609,13-N-02781
배롱나무,Lagerstroemia,indica,36.0295881,126.7238405,13-N-02782
배롱나무,Lagerstroemia,indica,36.02957277,126.7238636,13-N-02783
이팝나무,Chionanthus,retusus,36.02955875,126.7238869,13-N-02784
이팝나무,Chionanthus,retusus,36.02946676,126.7238932,13-N-02785
이팝나무,Chionanthus,retusus,36.02941578,126.7239028,13-N-02786
배롱나무,Lagerstroemia,indica,36.02939339,126.723882,13-N-02787
배롱나무,Lagerstroemia,indica,36.02937702,126.7239126,13-N-02788
배롱나무,Lagerstroemia,indica,36.02935688,126.7238919,13-N-02789
이팝나무,Chionanthus,retusus,36.02934236,126.723926,13-N-02790
이팝나무,Chionanthus,retusus,36.02926206,126.7239298,13-N-02791
이팝나무,Chionanthus,retusus,36.02919991,126.7239446,13-N-02792
매실나무,Prunus,mume,36.02915781,126.7239615,13-N-02793
매실나무,Prunus,mume,36.02913904,126.7239419,13-N-02794
매실나무,Prunus,mume,36.02911954,126.723965,13-N-02795
매실나무,Prunus,mume,36.02909544,126.7239558,13-N-02796
매실나무,Prunus,mume,36.02909924,126.7239945,13-N-02797
자귀나무,Albizia,julibrissin,36.0291975,126.7240592,13-N-02798
자귀나무,Albizia,julibrissin,36.02921832,126.724047,13-N-02799
자귀나무,Albizia,julibrissin,36.0292454,126.7240526,13-N-02800
고로쇠나무,Acer,pictum,36.02988794,126.7242521,13-N-02801
복자기,Acer,triflorum,36.02988624,126.7242717,13-N-02802
복자기,Acer,triflorum,36.02987943,126.7243008,13-N-02803
복자기,Acer,triflorum,36.02989989,126.7242963,13-N-02804
목련,Magnolia,kobus,36.0299249,126.724265,13-N-02805
목련,Magnolia,kobus,36.02994642,126.7242991,13-N-02806
목련,Magnolia,kobus,36.02993103,126.7243161,13-N-02807
목련,Magnolia,kobus,36.02990226,126.7243416,13-N-02808
목련,Magnolia,kobus,36.02992514,126.7243582,13-N-02809
목련,Magnolia,kobus,36.02993476,126.7243372,13-N-02810
목련,Magnolia,kobus,36.02994857,126.7243674,13-N-02811
살구나무,Prunus,armeniaca,36.02981783,126.7240852,13-N-02812
살구나무,Prunus,armeniaca,36.02983309,126.7240339,13-N-02813
산벚나무,Prunus,sargentii,36.02984371,126.7240755,13-N-02814
살구나무,Prunus,armeniaca,36.02984144,126.7241068,13-N-02815
동백나무,Camellia,japonica,36.02986275,126.7241037,13-N-02816
산벚나무,Prunus,sargentii,36.02985008,126.7240345,13-N-02817
산벚나무,Prunus,sargentii,36.02988724,126.7240555,13-N-02818
산벚나무,Prunus,sargentii,36.02991888,126.7240419,13-N-02819
이팝나무,Chionanthus,retusus,36.02993821,126.7240565,13-N-02820
산벚나무,Prunus,sargentii,36.02993431,126.7240073,13-N-02821
이팝나무,Chionanthus,retusus,36.02994555,126.7240432,13-N-02822
이팝나무,Chionanthus,retusus,36.02996523,126.7240463,13-N-02823
산수유,Cornus,officinalis,36.02995519,126.7239986,13-N-02824
산딸나무,Cornus,kousa,36.02997072,126.7239921,13-N-02825
모감주나무,Koelreuteria,paniculata,36.02999693,126.7240146,13-N-02826
모감주나무,Koelreuteria,paniculata,36.02999576,126.7240479,13-N-02827
모감주나무,Koelreuteria,paniculata,36.03001368,126.7240393,13-N-02828
모감주나무,Koelreuteria,paniculata,36.0300324,126.7240167,13-N-02829
이팝나무,Chionanthus,retusus,36.0300484,126.7240336,13-N-02830
모감주나무,Koelreuteria,paniculata,36.03008086,126.72404,13-N-02831
모감주나무,Koelreuteria,paniculata,36.03007468,126.7240178,13-N-02832
모감주나무,Koelreuteria,paniculata,36.03005038,126.7240072,13-N-02833
모감주나무,Koelreuteria,paniculata,36.03006242,126.7239885,13-N-02834
모감주나무,Koelreuteria,paniculata,36.03008019,126.7239937,13-N-02835
산벚나무,Prunus,sargentii,36.03009638,126.7240149,13-N-02836
산딸나무,Cornus,kousa,36.03002768,126.7239537,13-N-02837
산딸나무,Cornus,kousa,36.03001511,126.7239334,13-N-02838
산딸나무,Cornus,kousa,36.03003123,126.72393,13-N-02839
산수유,Cornus,officinalis,36.03006031,126.7239551,13-N-02840
산딸나무,Cornus,kousa,36.03008099,126.7239577,13-N-02841
산딸나무,Cornus,kousa,36.03008737,126.7239441,13-N-02842
산수유,Cornus,officinalis,36.03010478,126.7239516,13-N-02843
이팝나무,Chionanthus,retusus,36.03012825,126.7239516,13-N-02844
산수유,Cornus,officinalis,36.03011505,126.7239665,13-N-02845
산벚나무,Prunus,sargentii,36.03013142,126.7239906,13-N-02846
산수유,Cornus,officinalis,36.03013643,126.7239714,13-N-02847
산벚나무,Prunus,sargentii,36.03015178,126.723998,13-N-02848
이팝나무,Chionanthus,retusus,36.03015378,126.7240117,13-N-02849
이팝나무,Chionanthus,retusus,36.03015707,126.7240985,13-N-02850
산벚나무,Prunus,sargentii,36.03011989,126.724049,13-N-02851
산벚나무,Prunus,sargentii,36.03011215,126.7240878,13-N-02852
산벚나무,Prunus,sargentii,36.03009178,126.7240683,13-N-02853
느티나무,Zelkova,serrata,36.03007495,126.7241309,13-N-02863
산벚나무,Prunus,sargentii,36.03011452,126.7241421,13-N-02864
느티나무,Zelkova,serrata,36.03010271,126.7241899,13-N-02865
느티나무,Zelkova,serrata,36.03014812,126.7242007,13-N-02866
느티나무,Zelkova,serrata,36.03015235,126.7242626,13-N-02867
느티나무,Zelkova,serrata,36.03015628,126.7243294,13-N-02868
느티나무,Zelkova,serrata,36.03016723,126.7243823,13-N-02869
느티나무,Zelkova,serrata,36.03017513,126.7244506,13-N-02870
느티나무,Zelkova,serrata,36.03018682,126.7245137,13-N-02871
느티나무,Zelkova,serrata,36.03019767,126.7245916,13-N-02872
소나무,Pinus,densiflora,36.03016328,126.724661,13-N-02873
소나무,Pinus,densiflora,36.03018278,126.7247956,13-N-02874
느티나무,Zelkova,serrata,36.03019081,126.7249662,13-N-02875
느티나무,Zelkova,serrata,36.03011311,126.7249835,13-N-02876
느티나무,Zelkova,serrata,36.03007652,126.7249923,13-N-02877
느티나무,Zelkova,serrata,36.03004742,126.7248233,13-N-02878
느티나무,Zelkova,serrata,36.03008048,126.7248188,13-N-02879
느티나무,Zelkova,serrata,36.03002984,126.724645,13-N-02880
느티나무,Zelkova,serrata,36.0300625,126.724635,13-N-02881
느티나무,Zelkova,serrata,36.03001564,126.7245565,13-N-02882
느티나무,Zelkova,serrata,36.03005484,126.7245482,13-N-02883
느티나무,Zelkova,serrata,36.0301333,126.7245236,13-N-02884
느티나무,Zelkova,serrata,36.03011277,126.7243489,13-N-02885
느티나무,Zelkova,serrata,36.02999511,126.7243817,13-N-02886
느티나무,Zelkova,serrata,36.03003819,126.7243651,13-N-02887
매실나무,Prunus,mume,36.034101,126.7192007,13-N-02888
매실나무,Prunus,mume,36.03411379,126.7192131,13-N-02889
매실나무,Prunus,mume,36.03409723,126.7192237,13-N-02890
매실나무,Prunus,mume,36.03411468,126.719234,13-N-02891
매실나무,Prunus,mume,36.03409806,126.7192394,13-N-02892
버드나무,Salix,koreensis,36.03410216,126.7192646,13-N-02893
버드나무,Salix,koreensis,36.03410542,126.7193571,13-N-02894
왕버들,Salix,chaenomeloides,36.03420861,126.7193634,13-N-02895
버드나무,Salix,koreensis,36.03420922,126.7194373,13-N-02896
산수유,Cornus,officinalis,36.0343011,126.719412,13-N-02897
산수유,Cornus,officinalis,36.0343135,126.7193929,13-N-02898
산수유,Cornus,officinalis,36.03432397,126.7194087,13-N-02899
느티나무,Zelkova,serrata,36.03521757,126.7190544,13-N-02900
버드나무,Salix,koreensis,36.03519611,126.7190296,13-N-02901
버드나무,Salix,koreensis,36.0350266,126.7191943,13-N-02902
느티나무,Zelkova,serrata,36.03513064,126.7191489,13-N-02903
버드나무,Salix,koreensis,36.03513632,126.7190779,13-N-02904
느티나무,Zelkova,serrata,36.0350686,126.7191975,13-N-02905
버드나무,Salix,koreensis,36.03507015,126.7191227,13-N-02906
매실나무,Prunus,mume,36.03829318,126.7182891,13-N-02907
매실나무,Prunus,mume,36.03832516,126.7182763,13-N-02908
매실나무,Prunus,mume,36.03834787,126.7183012,13-N-02909
팽나무,Celtis,sinensis,36.03839698,126.718327,13-N-02910
팽나무,Celtis,sinensis,36.03848436,126.7182835,13-N-02911
왕버들,Salix,chaenomeloides,36.03841979,126.7182141,13-N-02912
매실나무,Prunus,mume,36.03847833,126.7181984,13-N-02913
매실나무,Prunus,mume,36.0385058,126.7181999,13-N-02914
매실나무,Prunus,mume,36.03851574,126.7181637,13-N-02915
살구나무,Prunus,armeniaca,36.03033318,126.724883,13-N-02916
살구나무,Prunus,armeniaca,36.03034137,126.7249076,13-N-02917
살구나무,Prunus,armeniaca,36.03033449,126.7249219,13-N-02918
살구나무,Prunus,armeniaca,36.03034616,126.724942,13-N-02919
살구나무,Prunus,armeniaca,36.03033022,126.7249586,13-N-02920
살구나무,Prunus,armeniaca,36.03035651,126.7250202,13-N-02921
살구나무,Prunus,armeniaca,36.03034323,126.7250406,13-N-02922
살구나무,Prunus,armeniaca,36.03035333,126.7250587,13-N-02923
모감주나무,Koelreuteria,paniculata,36.03035444,126.7251024,13-N-02924
모감주나무,Koelreuteria,paniculata,36.03036188,126.7251366,13-N-02925
모감주나무,Koelreuteria,paniculata,36.03035811,126.7251693,13-N-02926
모감주나무,Koelreuteria,paniculata,36.03036618,126.7251999,13-N-02927
모감주나무,Koelreuteria,paniculata,36.03037615,126.7252243,13-N-02928
고로쇠나무,Acer,pictum,36.03039477,126.7252577,13-N-02929
고로쇠나무,Acer,pictum,36.03039419,126.7252845,13-N-02930
고로쇠나무,Acer,pictum,36.03040188,126.7252911,13-N-02931
고로쇠나무,Acer,pictum,36.03041024,126.7253132,13-N-02932
고로쇠나무,Acer,pictum,36.03041125,126.7253376,13-N-02933
소나무,Pinus,densiflora,36.03039767,126.7255789,13-N-02934
소나무,Pinus,densiflora,36.03035994,126.7256232,13-N-02935
소나무,Pinus,densiflora,36.03032132,126.7255765,13-N-02936
왕벚나무,Prunus,yedoensis,36.03028485,126.7256206,13-N-02937
왕벚나무,Prunus,yedoensis,36.03025131,126.72562,13-N-02938
왕벚나무,Prunus,yedoensis,36.03027714,126.7255899,13-N-02939
왕벚나무,Prunus,yedoensis,36.03024875,126.7255846,13-N-02940
왕벚나무,Prunus,yedoensis,36.03022685,126.7256394,13-N-02941
왕벚나무,Prunus,yedoensis,36.03021994,126.7256053,13-N-02942
왕벚나무,Prunus,yedoensis,36.03021614,126.7256193,13-N-02943
왕벚나무,Prunus,yedoensis,36.03020096,126.7256311,13-N-02944
왕벚나무,Prunus,yedoensis,36.0301935,126.7255999,13-N-02945
왕벚나무,Prunus,yedoensis,36.03018118,126.7256247,13-N-02946
왕벚나무,Prunus,yedoensis,36.0301666,126.7256071,13-N-02947
왕벚나무,Prunus,yedoensis,36.03014417,126.7256136,13-N-02948
모과나무,Chaenomeles,sinensis,36.02947242,126.7260848,13-N-02949
모과나무,Chaenomeles,sinensis,36.02942365,126.726072,13-N-02950
감나무,Diospyros,kaki,36.0294146,126.7261149,13-N-02951
모과나무,Chaenomeles,sinensis,36.02939736,126.72609,13-N-02952
감나무,Diospyros,kaki,36.02938061,126.7261199,13-N-02953
모과나무,Chaenomeles,sinensis,36.02936034,126.7260885,13-N-02954
감나무,Diospyros,kaki,36.02934782,126.7261105,13-N-02955
모과나무,Chaenomeles,sinensis,36.02932325,126.726095,13-N-02956
감나무,Diospyros,kaki,36.02929646,126.7261281,13-N-02957
대추나무,Ziziphus,jujuba,36.02927288,126.7261172,13-N-02958
대추나무,Ziziphus,jujuba,36.02926459,126.7261399,13-N-02959
대추나무,Ziziphus,jujuba,36.02925702,126.7261111,13-N-02960
은행나무,Ginkgo,biloba,36.02924257,126.7261242,13-N-02961
대추나무,Ziziphus,jujuba,36.02923934,126.7261502,13-N-02962
은행나무,Ginkgo,biloba,36.02922566,126.7261213,13-N-02963
대추나무,Ziziphus,jujuba,36.02921899,126.7261529,13-N-02964
은행나무,Ginkgo,biloba,36.02920945,126.7261365,13-N-02965
산벚나무,Prunus,sargentii,36.02926895,126.7264706,13-N-02966
산벚나무,Prunus,sargentii,36.02926774,126.7265067,13-N-02967
산벚나무,Prunus,sargentii,36.02924557,126.7265677,13-N-02968
소나무,Pinus,densiflora,36.02953538,126.7265667,13-N-02969
매실나무,Prunus,mume,36.03130727,126.7260428,13-N-02970
매실나무,Prunus,mume,36.0312788,126.7260135,13-N-02971
매실나무,Prunus,mume,36.03125806,126.7260312,13-N-02972
매실나무,Prunus,mume,36.03123742,126.7259943,13-N-02973
매실나무,Prunus,mume,36.03120751,126.7260232,13-N-02974
동백나무,Camellia,japonica,36.03109273,126.7259274,13-N-02975
층층나무,Cornus,controversa,36.0312924,126.7260898,13-N-02976
층층나무,Cornus,controversa,36.03123016,126.7260717,13-N-02977
느티나무,Zelkova,serrata,36.03116981,126.7260373,13-N-02978
느티나무,Zelkova,serrata,36.03114693,126.726026,13-N-02979
고로쇠나무,Acer,pictum,36.03107764,126.7259947,13-N-02980
자귀나무,Albizia,julibrissin,36.03105161,126.7259834,13-N-02981
자귀나무,Albizia,julibrissin,36.03103617,126.7259776,13-N-02982
고로쇠나무,Acer,pictum,36.03102003,126.7259671,13-N-02983
고로쇠나무,Acer,pictum,36.03100176,126.7259511,13-N-02984
목련,Magnolia,kobus,36.03096624,126.7259378,13-N-02985
목련,Magnolia,kobus,36.03094481,126.7259329,13-N-02986
목련,Magnolia,kobus,36.03092102,126.7259194,13-N-02987
목련,Magnolia,kobus,36.03088296,126.7258959,13-N-02988
목련,Magnolia,kobus,36.03080485,126.7258488,13-N-02989
목련,Magnolia,kobus,36.03077714,126.725827,13-N-02990
목련,Magnolia,kobus,36.03075388,126.725812,13-N-02991
목련,Magnolia,kobus,36.03073961,126.72579,13-N-02992
때죽나무,Styrax,japonicus,36.03045723,126.725646,13-N-02993
때죽나무,Styrax,japonicus,36.0304995,126.7256844,13-N-02994
때죽나무,Styrax,japonicus,36.03053654,126.7257397,13-N-02995
때죽나무,Styrax,japonicus,36.0305582,126.7257481,13-N-02996
고로쇠나무,Acer,pictum,36.03075252,126.725928,13-N-02997
고로쇠나무,Acer,pictum,36.03077918,126.725947,13-N-02998
고로쇠나무,Acer,pictum,36.0307986,126.7259637,13-N-02999
복자기,Acer,triflorum,36.03086799,126.7260049,13-N-03000
복자기,Acer,triflorum,36.03089275,126.7260204,13-N-03001
복자기,Acer,triflorum,36.03091665,126.7260236,13-N-03002
복자기,Acer,triflorum,36.03093333,126.7260341,13-N-03003
자귀나무,Albizia,julibrissin,36.03098924,126.7260647,13-N-03004
자귀나무,Albizia,julibrissin,36.03102942,126.7260915,13-N-03005
자귀나무,Albizia,julibrissin,36.03102619,126.7261482,13-N-03006
멀구슬나무,Melia,azedarach,36.03097415,126.7261851,13-N-03007
산수유,Cornus,officinalis,36.03150485,126.7261788,13-N-03008
산수유,Cornus,officinalis,36.03152063,126.726184,13-N-03009
산수유,Cornus,officinalis,36.0315287,126.7261663,13-N-03010
산수유,Cornus,officinalis,36.03154532,126.7261793,13-N-03011
산수유,Cornus,officinalis,36.03155699,126.7261608,13-N-03012
산딸나무,Cornus,kousa,36.03158513,126.7261124,13-N-03013
산딸나무,Cornus,kousa,36.03158511,126.7260845,13-N-03014
산딸나무,Cornus,kousa,36.03160118,126.7260748,13-N-03015
산딸나무,Cornus,kousa,36.03159817,126.7260465,13-N-03016
산딸나무,Cornus,kousa,36.03161192,126.7260308,13-N-03017
산수유,Cornus,officinalis,36.03162997,126.7259503,13-N-03018
산수유,Cornus,officinalis,36.03164221,126.7259176,13-N-03019
산수유,Cornus,officinalis,36.03165125,126.7258802,13-N-03020
고로쇠나무,Acer,pictum,36.03168754,126.7257818,13-N-03021
고로쇠나무,Acer,pictum,36.03170253,126.7257831,13-N-03022
고로쇠나무,Acer,pictum,36.03171214,126.7257601,13-N-03023
고로쇠나무,Acer,pictum,36.03173008,126.7257424,13-N-03024
산딸나무,Cornus,kousa,36.03176483,126.7257214,13-N-03025
산딸나무,Cornus,kousa,36.03176787,126.7257053,13-N-03026
산딸나무,Cornus,kousa,36.03178736,126.7256888,13-N-03027
산딸나무,Cornus,kousa,36.03179839,126.7256807,13-N-03028
산딸나무,Cornus,kousa,36.03181453,126.7256674,13-N-03029
산사나무,Crataegus,pinnatifida,36.03183817,126.7256294,13-N-03030
감나무,Diospyros,kaki,36.03178276,126.7254601,13-N-03031
감나무,Diospyros,kaki,36.0317821,126.7255042,13-N-03032
감나무,Diospyros,kaki,36.03181646,126.7254952,13-N-03033
감나무,Diospyros,kaki,36.03181038,126.72547,13-N-03034
때죽나무,Styrax,japonicus,36.03192933,126.7256882,13-N-03035
때죽나무,Styrax,japonicus,36.03190014,126.7257173,13-N-03036
때죽나무,Styrax,japonicus,36.03192986,126.7257119,13-N-03037
단풍나무,Acer,palmatum,36.03185966,126.7257751,13-N-03038
단풍나무,Acer,palmatum,36.03184435,126.7257683,13-N-03039
단풍나무,Acer,palmatum,36.03182853,126.7257796,13-N-03040
단풍나무,Acer,palmatum,36.03179758,126.7258114,13-N-03041
복자기,Acer,triflorum,36.03176354,126.7258472,13-N-03042
복자기,Acer,triflorum,36.03176456,126.7258749,13-N-03043
복자기,Acer,triflorum,36.03174262,126.7258923,13-N-03044
복자기,Acer,triflorum,36.03174342,126.7259241,13-N-03045
복자기,Acer,triflorum,36.03172847,126.7259423,13-N-03046
고로쇠나무,Acer,pictum,36.03170902,126.7259996,13-N-03047
고로쇠나무,Acer,pictum,36.03169121,126.7260464,13-N-03048
고로쇠나무,Acer,pictum,36.03168111,126.7260792,13-N-03049
고로쇠나무,Acer,pictum,36.03166149,126.7261528,13-N-03050
고로쇠나무,Acer,pictum,36.03164743,126.7261761,13-N-03051
복자기,Acer,triflorum,36.03164264,126.7262015,13-N-03052
복자기,Acer,triflorum,36.03161764,126.7262286,13-N-03053
자귀나무,Albizia,julibrissin,36.03160222,126.7262419,13-N-03054
자귀나무,Albizia,julibrissin,36.03160308,126.7262774,13-N-03055
느티나무,Zelkova,serrata,36.02859253,126.719704,13-N-03056
느티나무,Zelkova,serrata,36.0285465,126.7197242,13-N-03057
느티나무,Zelkova,serrata,36.02850197,126.7197473,13-N-03058
느티나무,Zelkova,serrata,36.02844875,126.7197746,13-N-03059
느티나무,Zelkova,serrata,36.02840371,126.7197907,13-N-03060
느티나무,Zelkova,serrata,36.0283692,126.7198016,13-N-03061
느티나무,Zelkova,serrata,36.02830701,126.7198291,13-N-03062
느티나무,Zelkova,serrata,36.028127,126.7198784,13-N-03063
느티나무,Zelkova,serrata,36.02808346,126.7198887,13-N-03064
느티나무,Zelkova,serrata,36.02803905,126.7198961,13-N-03065
느티나무,Zelkova,serrata,36.02798086,126.7199081,13-N-03066
느티나무,Zelkova,serrata,36.02793327,126.7199157,13-N-03067
느티나무,Zelkova,serrata,36.02788337,126.7199268,13-N-03068
느티나무,Zelkova,serrata,36.02783444,126.7199338,13-N-03069
느티나무,Zelkova,serrata,36.02779722,126.719934,13-N-03070
느티나무,Zelkova,serrata,36.02751736,126.7199351,13-N-03071
느티나무,Zelkova,serrata,36.02747047,126.7199261,13-N-03072
느티나무,Zelkova,serrata,36.0274134,126.7199182,13-N-03073
느티나무,Zelkova,serrata,36.02736095,126.7199035,13-N-03074
느티나무,Zelkova,serrata,36.02730769,126.7198952,13-N-03075
느티나무,Zelkova,serrata,36.0272652,126.7198936,13-N-03076
느티나무,Zelkova,serrata,36.02729661,126.7200941,13-N-03077
느티나무,Zelkova,serrata,36.02733979,126.7201225,13-N-03078
느티나무,Zelkova,serrata,36.02738668,126.7201141,13-N-03079
느티나무,Zelkova,serrata,36.02750849,126.7201116,13-N-03080
느티나무,Zelkova,serrata,36.02755121,126.7201163,13-N-03081
느티나무,Zelkova,serrata,36.02780872,126.7201082,13-N-03082
느티나무,Zelkova,serrata,36.02785886,126.720109,13-N-03083
느티나무,Zelkova,serrata,36.0279149,126.7201027,13-N-03084
느티나무,Zelkova,serrata,36.02797233,126.7200979,13-N-03085
느티나무,Zelkova,serrata,36.02802537,126.7200857,13-N-03086
느티나무,Zelkova,serrata,36.02807458,126.7200739,13-N-03087
느티나무,Zelkova,serrata,36.02812518,126.7200635,13-N-03088
느티나무,Zelkova,serrata,36.02818748,126.720055,13-N-03089
느티나무,Zelkova,serrata,36.02823635,126.7200385,13-N-03090
느티나무,Zelkova,serrata,36.02828638,126.7200203,13-N-03091
느티나무,Zelkova,serrata,36.02834346,126.7200108,13-N-03092
느티나무,Zelkova,serrata,36.02839118,126.7199786,13-N-03093
느티나무,Zelkova,serrata,36.02844433,126.7199679,13-N-03094
느티나무,Zelkova,serrata,36.0285115,126.7199383,13-N-03095
느티나무,Zelkova,serrata,36.02856453,126.7199261,13-N-03096
느티나무,Zelkova,serrata,36.02860959,126.7198926,13-N-03097
느티나무,Zelkova,serrata,36.02875542,126.719203,13-N-03098
느티나무,Zelkova,serrata,36.0287507,126.7191387,13-N-03099
느티나무,Zelkova,serrata,36.02873892,126.719057,13-N-03100
느티나무,Zelkova,serrata,36.02872198,126.7189925,13-N-03101
느티나무,Zelkova,serrata,36.02871525,126.7189008,13-N-03102
느티나무,Zelkova,serrata,36.02870752,126.7188392,13-N-03103
느티나무,Zelkova,serrata,36.02869563,126.7187385,13-N-03104
느티나무,Zelkova,serrata,36.02868513,126.7186567,13-N-03105
느티나무,Zelkova,serrata,36.02867421,126.7186042,13-N-03106
느티나무,Zelkova,serrata,36.02845831,126.718497,13-N-03107
느티나무,Zelkova,serrata,36.02841431,126.7185098,13-N-03108
느티나무,Zelkova,serrata,36.02837633,126.7185172,13-N-03109
느티나무,Zelkova,serrata,36.02841787,126.7185758,13-N-03110
느티나무,Zelkova,serrata,36.02842676,126.7186444,13-N-03111
느티나무,Zelkova,serrata,36.02843437,126.7187131,13-N-03112
느티나무,Zelkova,serrata,36.02844037,126.7187598,13-N-03113
느티나무,Zelkova,serrata,36.0284869,126.7188163,13-N-03114
느티나무,Zelkova,serrata,36.0284503,126.7188251,13-N-03115
느티나무,Zelkova,serrata,36.02841539,126.7188306,13-N-03116
느티나무,Zelkova,serrata,36.02850711,126.7189342,13-N-03117
느티나무,Zelkova,serrata,36.02846542,126.7189436,13-N-03118
느티나무,Zelkova,serrata,36.02842617,126.7189511,13-N-03119
느티나무,Zelkova,serrata,36.0284698,126.7190032,13-N-03120
느티나무,Zelkova,serrata,36.02848743,126.7190771,13-N-03121
느티나무,Zelkova,serrata,36.02849394,126.7191483,13-N-03122
느티나무,Zelkova,serrata,36.02853282,126.7191969,13-N-03123
느티나무,Zelkova,serrata,36.02849796,126.7192119,13-N-03124
느티나무,Zelkova,serrata,36.02845859,126.7192178,13-N-03125
느티나무,Zelkova,serrata,36.02854782,126.7193225,13-N-03126
느티나무,Zelkova,serrata,36.02852212,126.7193222,13-N-03127
느티나무,Zelkova,serrata,36.02847389,126.7193299,13-N-03128
느티나무,Zelkova,serrata,36.02851763,126.7193836,13-N-03129
느티나무,Zelkova,serrata,36.02852305,126.7194399,13-N-03130
느티나무,Zelkova,serrata,36.02857716,126.719486,13-N-03131
느티나무,Zelkova,serrata,36.02853651,126.7195095,13-N-03132
느티나무,Zelkova,serrata,36.02850253,126.7195188,13-N-03133
느티나무,Zelkova,serrata,36.02837931,126.7195721,13-N-03134
느티나무,Zelkova,serrata,36.02834463,126.7195807,13-N-03135
느티나무,Zelkova,serrata,36.02837193,126.7194978,13-N-03136
느티나무,Zelkova,serrata,36.02835552,126.7194229,13-N-03137
느티나무,Zelkova,serrata,36.02838791,126.7193482,13-N-03138
느티나무,Zelkova,serrata,36.02834756,126.7193582,13-N-03139
느티나무,Zelkova,serrata,36.02831126,126.7193623,13-N-03140
느티나무,Zelkova,serrata,36.02837025,126.71923,13-N-03141
느티나무,Zelkova,serrata,36.02833933,126.7192374,13-N-03142
느티나무,Zelkova,serrata,36.02830245,126.7192423,13-N-03143
느티나무,Zelkova,serrata,36.02832772,126.7191668,13-N-03144
느티나무,Zelkova,serrata,36.02831669,126.7190953,13-N-03145
느티나무,Zelkova,serrata,36.02830989,126.7190376,13-N-03146
느티나무,Zelkova,serrata,36.02834159,126.7189534,13-N-03147
느티나무,Zelkova,serrata,36.0282926,126.7189683,13-N-03148
느티나무,Zelkova,serrata,36.02826464,126.7189722,13-N-03149
느티나무,Zelkova,serrata,36.02833294,126.7188532,13-N-03150
느티나무,Zelkova,serrata,36.02829005,126.7188548,13-N-03151
느티나무,Zelkova,serrata,36.02824933,126.7188664,13-N-03152
느티나무,Zelkova,serrata,36.02828277,126.7187973,13-N-03153
느티나무,Zelkova,serrata,36.02827317,126.7187233,13-N-03154
느티나무,Zelkova,serrata,36.02826317,126.7186659,13-N-03155
느티나무,Zelkova,serrata,36.02825562,126.718598,13-N-03156
느티나무,Zelkova,serrata,36.02827626,126.7185293,13-N-03157
느티나무,Zelkova,serrata,36.0282458,126.7185343,13-N-03158
느티나무,Zelkova,serrata,36.02820632,126.7185387,13-N-03159
느티나무,Zelkova,serrata,36.02811246,126.7185633,13-N-03160
느티나무,Zelkova,serrata,36.02807842,126.7185632,13-N-03161
느티나무,Zelkova,serrata,36.0280832,126.7186282,13-N-03162
느티나무,Zelkova,serrata,36.02809104,126.7187001,13-N-03163
느티나무,Zelkova,serrata,36.0281019,126.7187605,13-N-03164
느티나무,Zelkova,serrata,36.02810199,126.718823,13-N-03165
느티나무,Zelkova,serrata,36.02815494,126.7188882,13-N-03166
느티나무,Zelkova,serrata,36.02811829,126.7188962,13-N-03167
느티나무,Zelkova,serrata,36.02818135,126.7189944,13-N-03168
느티나무,Zelkova,serrata,36.02814013,126.7190013,13-N-03169
느티나무,Zelkova,serrata,36.02814404,126.719072,13-N-03170
느티나무,Zelkova,serrata,36.02815096,126.71914,13-N-03171
느티나무,Zelkova,serrata,36.02815718,126.7192073,13-N-03172
느티나무,Zelkova,serrata,36.02820915,126.7192592,13-N-03173
느티나무,Zelkova,serrata,36.0281707,126.719269,13-N-03174
느티나무,Zelkova,serrata,36.02823266,126.7193783,13-N-03175
느티나무,Zelkova,serrata,36.02818582,126.7193875,13-N-03176
느티나무,Zelkova,serrata,36.02819141,126.7194548,13-N-03177
느티나무,Zelkova,serrata,36.02820001,126.7195195,13-N-03178
느티나무,Zelkova,serrata,36.02821006,126.7195777,13-N-03179
느티나무,Zelkova,serrata,36.02821686,126.7196441,13-N-03180
느티나무,Zelkova,serrata,36.02823194,126.7197096,13-N-03181
느티나무,Zelkova,serrata,36.02823852,126.7197642,13-N-03182
느티나무,Zelkova,serrata,36.02827736,126.7197773,13-N-03183
느티나무,Zelkova,serrata,36.02832148,126.7197573,13-N-03184
느티나무,Zelkova,serrata,36.02837243,126.719743,13-N-03185
느티나무,Zelkova,serrata,36.02842293,126.7197223,13-N-03186
느티나무,Zelkova,serrata,36.02846572,126.7197018,13-N-03187
느티나무,Zelkova,serrata,36.02851204,126.7196855,13-N-03188
느티나무,Zelkova,serrata,36.02855819,126.7196583,13-N-03189
느티나무,Zelkova,serrata,36.02860428,126.7196389,13-N-03190
느티나무,Zelkova,serrata,36.02865112,126.7196211,13-N-03191
느티나무,Zelkova,serrata,36.02870337,126.7195544,13-N-03192
느티나무,Zelkova,serrata,36.0286684,126.7195504,13-N-03193
느티나무,Zelkova,serrata,36.02830489,126.7197062,13-N-03194
느티나무,Zelkova,serrata,36.02827318,126.7196592,13-N-03195
느티나무,Zelkova,serrata,36.02798138,126.7185882,13-N-03196
느티나무,Zelkova,serrata,36.02798715,126.7186492,13-N-03197
느티나무,Zelkova,serrata,36.0280031,126.7187091,13-N-03198
느티나무,Zelkova,serrata,36.02801088,126.7187888,13-N-03199
느티나무,Zelkova,serrata,36.02801838,126.718856,13-N-03200
느티나무,Zelkova,serrata,36.02802478,126.7189169,13-N-03201
느티나무,Zelkova,serrata,36.02798675,126.7189235,13-N-03202
느티나무,Zelkova,serrata,36.02804396,126.7190207,13-N-03203
느티나무,Zelkova,serrata,36.02799996,126.7190335,13-N-03204
느티나무,Zelkova,serrata,36.02805441,126.7191018,13-N-03205
느티나무,Zelkova,serrata,36.02806365,126.7191576,13-N-03206
느티나무,Zelkova,serrata,36.02806906,126.7192226,13-N-03207
느티나무,Zelkova,serrata,36.02807882,126.7192943,13-N-03208
느티나무,Zelkova,serrata,36.02804113,126.7192882,13-N-03209
느티나무,Zelkova,serrata,36.02809457,126.719404,13-N-03210
느티나무,Zelkova,serrata,36.02805173,126.7194064,13-N-03211
느티나무,Zelkova,serrata,36.02809165,126.7194691,13-N-03212
느티나무,Zelkova,serrata,36.02810465,126.7195499,13-N-03213
느티나무,Zelkova,serrata,36.02811649,126.7196149,13-N-03214
느티나무,Zelkova,serrata,36.02812306,126.7196695,13-N-03215
느티나무,Zelkova,serrata,36.02813346,126.7197324,13-N-03216
느티나무,Zelkova,serrata,36.0281383,126.7197809,13-N-03217
느티나무,Zelkova,serrata,36.02809644,126.7197792,13-N-03218
느티나무,Zelkova,serrata,36.02810122,126.719853,13-N-03219
느티나무,Zelkova,serrata,36.02806098,126.7198559,13-N-03220
느티나무,Zelkova,serrata,36.02801061,126.7198607,13-N-03221
느티나무,Zelkova,serrata,36.02795955,126.7198735,13-N-03222
느티나무,Zelkova,serrata,36.02790935,126.7198806,13-N-03223
느티나무,Zelkova,serrata,36.02785771,126.7198856,13-N-03224
느티나무,Zelkova,serrata,36.02779484,126.7198863,13-N-03225
느티나무,Zelkova,serrata,36.02774165,126.7199001,13-N-03226
느티나무,Zelkova,serrata,36.02768862,126.7199036,13-N-03227
느티나무,Zelkova,serrata,36.02764521,126.7198895,13-N-03228
느티나무,Zelkova,serrata,36.02800312,126.7197098,13-N-03229
느티나무,Zelkova,serrata,36.0279641,126.7197204,13-N-03230
느티나무,Zelkova,serrata,36.02792542,126.7197271,13-N-03231
느티나무,Zelkova,serrata,36.0279489,126.7196447,13-N-03232
느티나무,Zelkova,serrata,36.02794308,126.7195742,13-N-03233
느티나무,Zelkova,serrata,36.02793367,126.7195246,13-N-03234
느티나무,Zelkova,serrata,36.02795437,126.7194393,13-N-03235
느티나무,Zelkova,serrata,36.02792119,126.7194509,13-N-03236
느티나무,Zelkova,serrata,36.02788119,126.7194483,13-N-03237
느티나무,Zelkova,serrata,36.02794701,126.7193129,13-N-03238
느티나무,Zelkova,serrata,36.02788355,126.7193318,13-N-03239
느티나무,Zelkova,serrata,36.02789992,126.7192486,13-N-03240
느티나무,Zelkova,serrata,36.02789653,126.7191849,13-N-03241
느티나무,Zelkova,serrata,36.02788237,126.7191146,13-N-03242
느티나무,Zelkova,serrata,36.02791731,126.7190482,13-N-03243
느티나무,Zelkova,serrata,36.02788263,126.7190568,13-N-03244
느티나무,Zelkova,serrata,36.02784806,126.7190583,13-N-03245
느티나무,Zelkova,serrata,36.02790265,126.7189274,13-N-03246
느티나무,Zelkova,serrata,36.02786021,126.7189439,13-N-03247
느티나무,Zelkova,serrata,36.02783225,126.7189478,13-N-03248
느티나무,Zelkova,serrata,36.02785237,126.7188634,13-N-03249
느티나무,Zelkova,serrata,36.02784429,126.7188058,13-N-03250
느티나무,Zelkova,serrata,36.02783991,126.7187462,13-N-03251
느티나무,Zelkova,serrata,36.02783056,126.7186801,13-N-03252
느티나무,Zelkova,serrata,36.02786689,126.7186065,13-N-03253
느티나무,Zelkova,serrata,36.02782491,126.7186206,13-N-03254
느티나무,Zelkova,serrata,36.02778462,126.7186314,13-N-03255
느티나무,Zelkova,serrata,36.02769308,126.718644,13-N-03256
느티나무,Zelkova,serrata,36.02765336,126.718654,13-N-03257
느티나무,Zelkova,serrata,36.02761394,126.7186591,13-N-03258
느티나무,Zelkova,serrata,36.02766341,126.7187208,13-N-03259
느티나무,Zelkova,serrata,36.02766802,126.7187835,13-N-03260
느티나무,Zelkova,serrata,36.02767991,126.7188494,13-N-03261
느티나무,Zelkova,serrata,36.02773654,126.7189648,13-N-03262
느티나무,Zelkova,serrata,36.02768705,126.7189838,13-N-03263
느티나무,Zelkova,serrata,36.02764938,126.7189878,13-N-03264
느티나무,Zelkova,serrata,36.02775253,126.7190776,13-N-03265
느티나무,Zelkova,serrata,36.02771166,126.7190893,13-N-03266
느티나무,Zelkova,serrata,36.02767425,126.7190958,13-N-03267
느티나무,Zelkova,serrata,36.02772089,126.7191626,13-N-03268
느티나무,Zelkova,serrata,36.02773187,126.7192159,13-N-03269
느티나무,Zelkova,serrata,36.02773537,126.7192811,13-N-03270
느티나무,Zelkova,serrata,36.02778044,126.7193441,13-N-03271
느티나무,Zelkova,serrata,36.02774559,126.7193503,13-N-03272
느티나무,Zelkova,serrata,36.02770321,126.719359,13-N-03273
느티나무,Zelkova,serrata,36.02779967,126.719466,13-N-03274
느티나무,Zelkova,serrata,36.02775573,126.7194709,13-N-03275
느티나무,Zelkova,serrata,36.0277251,126.7194822,13-N-03276
느티나무,Zelkova,serrata,36.02777573,126.7195335,13-N-03277
느티나무,Zelkova,serrata,36.0277823,126.7196055,13-N-03278
느티나무,Zelkova,serrata,36.0277913,126.7196843,13-N-03279
느티나무,Zelkova,serrata,36.0278424,126.7197332,13-N-03280
느티나무,Zelkova,serrata,36.02779458,126.7197377,13-N-03281
느티나무,Zelkova,serrata,36.02775845,126.7197441,13-N-03282
느티나무,Zelkova,serrata,36.02768384,126.7198386,13-N-03283
느티나무,Zelkova,serrata,36.02763759,126.7198382,13-N-03284
느티나무,Zelkova,serrata,36.02762987,126.7197505,13-N-03285
느티나무,Zelkova,serrata,36.0276226,126.7196952,13-N-03286
느티나무,Zelkova,serrata,36.02761781,126.7196562,13-N-03287
느티나무,Zelkova,serrata,36.02760991,126.7195749,13-N-03288
느티나무,Zelkova,serrata,36.02763461,126.7194915,13-N-03289
느티나무,Zelkova,serrata,36.0275972,126.7195067,13-N-03290
느티나무,Zelkova,serrata,36.02761966,126.7193841,13-N-03291
느티나무,Zelkova,serrata,36.02758591,126.7193879,13-N-03292
느티나무,Zelkova,serrata,36.0275706,126.7193105,13-N-03293
느티나무,Zelkova,serrata,36.02756257,126.7192537,13-N-03294
느티나무,Zelkova,serrata,36.02755907,126.7191885,13-N-03295
느티나무,Zelkova,serrata,36.02758492,126.7191121,13-N-03296
느티나무,Zelkova,serrata,36.02755354,126.7191219,13-N-03297
느티나무,Zelkova,serrata,36.0275691,126.7190016,13-N-03298
느티나무,Zelkova,serrata,36.02753639,126.7190108,13-N-03299
느티나무,Zelkova,serrata,36.0275249,126.7189417,13-N-03300
느티나무,Zelkova,serrata,36.02751462,126.7188717,13-N-03301
느티나무,Zelkova,serrata,36.0275088,126.7188186,13-N-03302
느티나무,Zelkova,serrata,36.02749881,126.7187526,13-N-03303
느티나무,Zelkova,serrata,36.02753149,126.718673,13-N-03304
느티나무,Zelkova,serrata,36.0274967,126.7186801,13-N-03305
느티나무,Zelkova,serrata,36.0274245,126.7188249,13-N-03306
느티나무,Zelkova,serrata,36.02743431,126.718906,13-N-03307
느티나무,Zelkova,serrata,36.02740854,126.7189136,13-N-03308
느티나무,Zelkova,serrata,36.02754235,126.719844,13-N-03309
느티나무,Zelkova,serrata,36.02753116,126.7198927,13-N-03310
느티나무,Zelkova,serrata,36.02749804,126.7198964,13-N-03311
느티나무,Zelkova,serrata,36.02744566,126.7198738,13-N-03312
느티나무,Zelkova,serrata,36.02740341,126.7198492,13-N-03313
느티나무,Zelkova,serrata,36.02739794,126.7197834,13-N-03314
느티나무,Zelkova,serrata,36.02739107,126.7197162,13-N-03315
느티나무,Zelkova,serrata,36.02738375,126.7196514,13-N-03316
느티나무,Zelkova,serrata,36.02737399,126.7195885,13-N-03317
느티나무,Zelkova,serrata,36.02736343,126.7195059,13-N-03318
느티나무,Zelkova,serrata,36.02735396,126.7194469,13-N-03319
느티나무,Zelkova,serrata,36.0273427,126.7193809,13-N-03320
느티나무,Zelkova,serrata,36.02732657,126.7193187,13-N-03321
느티나무,Zelkova,serrata,36.02732359,126.7192605,13-N-03322
느티나무,Zelkova,serrata,36.02731337,126.7191913,13-N-03323
느티나무,Zelkova,serrata,36.02730616,126.7191281,13-N-03324
느티나무,Zelkova,serrata,36.02729756,126.7190635,13-N-03325
느티나무,Zelkova,serrata,36.02729458,126.7189879,13-N-03326
느티나무,Zelkova,serrata,36.02729067,126.7189172,13-N-03327
느티나무,Zelkova,serrata,36.02729029,126.7188596,13-N-03328
느티나무,Zelkova,serrata,36.0273067,126.7187945,13-N-03329
느티나무,Zelkova,serrata,36.02731431,126.718732,13-N-03330
느티나무,Zelkova,serrata,36.02732545,126.7186825,13-N-03331
느티나무,Zelkova,serrata,36.02740788,126.7185996,13-N-03332
느티나무,Zelkova,serrata,36.02744632,126.7185876,13-N-03333
느티나무,Zelkova,serrata,36.02767957,126.7185366,13-N-03334
느티나무,Zelkova,serrata,36.02771509,126.7185264,13-N-03335
느티나무,Zelkova,serrata,36.02777259,126.7185138,13-N-03336
느티나무,Zelkova,serrata,36.02782757,126.7184987,13-N-03337
느티나무,Zelkova,serrata,36.02788529,126.71849,13-N-03338
느티나무,Zelkova,serrata,36.0279346,126.7184793,13-N-03339
느티나무,Zelkova,serrata,36.02798256,126.7184714,13-N-03340
느티나무,Zelkova,serrata,36.02804904,126.7184574,13-N-03341
느티나무,Zelkova,serrata,36.0280969,126.7184431,13-N-03342
느티나무,Zelkova,serrata,36.02815711,126.7184413,13-N-03343
느티나무,Zelkova,serrata,36.0282081,126.7184337,13-N-03344
느티나무,Zelkova,serrata,36.02825657,126.7184191,13-N-03345
느티나무,Zelkova,serrata,36.02831634,126.7184123,13-N-03346
느티나무,Zelkova,serrata,36.02836885,126.718398,13-N-03347
느티나무,Zelkova,serrata,36.02841415,126.7183886,13-N-03348
느티나무,Zelkova,serrata,36.02847894,126.7183759,13-N-03349
느티나무,Zelkova,serrata,36.02853953,126.7183622,13-N-03350
느티나무,Zelkova,serrata,36.02858754,126.7183576,13-N-03351
느티나무,Zelkova,serrata,36.02864101,126.7183447,13-N-03352
느티나무,Zelkova,serrata,36.02869105,126.7183313,13-N-03353
느티나무,Zelkova,serrata,36.02873996,126.7183247,13-N-03354
느티나무,Zelkova,serrata,36.02879296,126.7183217,13-N-03355
느티나무,Zelkova,serrata,36.02884732,126.7183158,13-N-03356
느티나무,Zelkova,serrata,36.02889853,126.7183077,13-N-03357
느티나무,Zelkova,serrata,36.02896002,126.7182921,13-N-03358
느티나무,Zelkova,serrata,36.02901616,126.7182913,13-N-03359
느티나무,Zelkova,serrata,36.02906996,126.7182799,13-N-03360
느티나무,Zelkova,serrata,36.02913031,126.7182711,13-N-03361
느티나무,Zelkova,serrata,36.02919073,126.7182567,13-N-03362
느티나무,Zelkova,serrata,36.02923073,126.7182458,13-N-03363
왕벚나무,Prunus,yedoensis,36.03329141,126.7250983,13-N-03364
왕벚나무,Prunus,yedoensis,36.0332743,126.7251561,13-N-03365
왕벚나무,Prunus,yedoensis,36.03326582,126.7252173,13-N-03366
왕벚나무,Prunus,yedoensis,36.03325743,126.7252465,13-N-03367
왕벚나무,Prunus,yedoensis,36.03324582,126.7252689,13-N-03368
왕벚나무,Prunus,yedoensis,36.03324239,126.7252914,13-N-03369
왕벚나무,Prunus,yedoensis,36.03324185,126.7253189,13-N-03370
왕벚나무,Prunus,yedoensis,36.0332387,126.7253455,13-N-03371
왕벚나무,Prunus,yedoensis,36.03321942,126.7254112,13-N-03372
왕벚나무,Prunus,yedoensis,36.03320099,126.7254881,13-N-03373
왕벚나무,Prunus,yedoensis,36.03319025,126.7255358,13-N-03374
왕벚나무,Prunus,yedoensis,36.03318413,126.7256012,13-N-03375
왕벚나무,Prunus,yedoensis,36.03316601,126.7256615,13-N-03376
왕벚나무,Prunus,yedoensis,36.03315204,126.7257134,13-N-03377
왕벚나무,Prunus,yedoensis,36.03313215,126.7257841,13-N-03378
왕벚나무,Prunus,yedoensis,36.03312525,126.725851,13-N-03379
왕벚나무,Prunus,yedoensis,36.03310063,126.7259132,13-N-03380
왕벚나무,Prunus,yedoensis,36.03309215,126.7259548,13-N-03381
왕벚나무,Prunus,yedoensis,36.03307696,126.7260276,13-N-03382
왕벚나무,Prunus,yedoensis,36.03304242,126.7260868,13-N-03383
왕벚나무,Prunus,yedoensis,36.03298373,126.7260682,13-N-03384
왕벚나무,Prunus,yedoensis,36.0329966,126.7261715,13-N-03385
왕벚나무,Prunus,yedoensis,36.03302669,126.7262109,13-N-03386
왕벚나무,Prunus,yedoensis,36.03300331,126.726275,13-N-03387
왕벚나무,Prunus,yedoensis,36.03299459,126.7263286,13-N-03388
왕벚나무,Prunus,yedoensis,36.03298166,126.7263952,13-N-03389
왕벚나무,Prunus,yedoensis,36.03296707,126.726463,13-N-03390
왕벚나무,Prunus,yedoensis,36.03294834,126.7265283,13-N-03391
왕벚나무,Prunus,yedoensis,36.03293656,126.7265895,13-N-03392
왕벚나무,Prunus,yedoensis,36.03291405,126.7266594,13-N-03393
왕벚나무,Prunus,yedoensis,36.03290363,126.7267078,13-N-03394
왕벚나무,Prunus,yedoensis,36.03287955,126.7267806,13-N-03395
왕벚나무,Prunus,yedoensis,36.03287063,126.7268416,13-N-03396
왕벚나무,Prunus,yedoensis,36.0328501,126.7269109,13-N-03397
왕벚나무,Prunus,yedoensis,36.03283488,126.7269664,13-N-03398
왕벚나무,Prunus,yedoensis,36.03282204,126.7270348,13-N-03399
왕벚나무,Prunus,yedoensis,36.03280436,126.7271039,13-N-03400
왕벚나무,Prunus,yedoensis,36.03278641,126.7271677,13-N-03401
왕벚나무,Prunus,yedoensis,36.03277297,126.7272411,13-N-03402
왕벚나무,Prunus,yedoensis,36.03274733,126.7273058,13-N-03403
왕벚나무,Prunus,yedoensis,36.03273911,126.7273636,13-N-03404
왕벚나무,Prunus,yedoensis,36.03271671,126.7274525,13-N-03405
왕벚나무,Prunus,yedoensis,36.03270269,126.7275372,13-N-03406
대추나무,Ziziphus,jujuba,36.03068017,126.7219925,13-N-03407
대추나무,Ziziphus,jujuba,36.03067025,126.7220155,13-N-03408
대추나무,Ziziphus,jujuba,36.03069066,126.7220285,13-N-03409
복자기,Acer,triflorum,36.03067918,126.7222124,13-N-03410
복자기,Acer,triflorum,36.03068648,126.7222405,13-N-03411
복자기,Acer,triflorum,36.03069101,126.7222708,13-N-03412
복자기,Acer,triflorum,36.03066193,126.722273,13-N-03413
산벚나무,Prunus,sargentii,36.0306903,126.7223103,13-N-03414
산벚나무,Prunus,sargentii,36.03066838,126.7223139,13-N-03415
산벚나무,Prunus,sargentii,36.03067314,126.7223477,13-N-03416
산벚나무,Prunus,sargentii,36.03065332,126.7223689,13-N-03417
산벚나무,Prunus,sargentii,36.03066243,126.722399,13-N-03418
자귀나무,Albizia,julibrissin,36.03066622,126.7228467,13-N-03419
보리수나무,Elaeagnus,umbellata,36.02975463,126.7188075,13-N-03420
보리수나무,Elaeagnus,umbellata,36.02976791,126.7188084,13-N-03421
보리수나무,Elaeagnus,umbellata,36.02975087,126.7188307,13-N-03422
보리수나무,Elaeagnus,umbellata,36.02977029,126.7188287,13-N-03423
보리수나무,Elaeagnus,umbellata,36.02976361,126.7188434,13-N-03424
보리수나무,Elaeagnus,umbellata,36.02969035,126.7189102,13-N-03425
보리수나무,Elaeagnus,umbellata,36.02967867,126.7189083,13-N-03426
보리수나무,Elaeagnus,umbellata,36.02967667,126.7189265,13-N-03427
보리수나무,Elaeagnus,umbellata,36.02969629,126.7189267,13-N-03428
보리수나무,Elaeagnus,umbellata,36.02967135,126.7189397,13-N-03429
보리수나무,Elaeagnus,umbellata,36.02968258,126.7189484,13-N-03430
보리수나무,Elaeagnus,umbellata,36.02975266,126.7187945,13-N-03431
보리수나무,Elaeagnus,umbellata,36.02976807,126.7187914,13-N-03432
보리수나무,Elaeagnus,umbellata,36.02975756,126.7187828,13-N-03433
느티나무,Zelkova,serrata,36.03657792,126.7174134,13-N-03434
느티나무,Zelkova,serrata,36.03652302,126.7174579,13-N-03435
느티나무,Zelkova,serrata,36.03640297,126.7174831,13-N-03436
느티나무,Zelkova,serrata,36.02790561,126.7193233,13-N-0437
산딸나무,Cornus,kousa,36.03542903,126.7197297,13N-N-1237
산딸나무,Cornus,kousa,36.03540195,126.7197927,13N-N-1238
산딸나무,Cornus,kousa,36.03542914,126.7197734,13N-N-1239
산사나무,Crataegus,pinnatifida,36.03557005,126.7196181,13N-N-1244
산사나무,Crataegus,pinnatifida,36.03552801,126.7195984,13N-N-1245
산사나무,Crataegus,pinnatifida,36.0355128,126.7196442,13N-N-1247
산수유,Cornus,officinalis,36.03547319,126.7196876,13N-N-1252
산수유,Cornus,officinalis,36.03534966,126.719936,13N-N-1253
산수유,Cornus,officinalis,36.03536065,126.7199645,13N-N-1254
산수유,Cornus,officinalis,36.03536948,126.7199189,13N-N-1255
살구나무,Prunus,armeniaca,36.03530753,126.7202972,13N-N-2888
살구나무,Prunus,armeniaca,36.03564126,126.7196221,13N-N-2889
산수유,Cornus,officinalis,36.03545108,126.7196961,13N-N-2899
산수유,Cornus,officinalis,36.03604685,126.7194724,13N-N-3407
산수유,Cornus,officinalis,36.03547908,126.7196576,13N-N-3408
산수유,Cornus,officinalis,36.0359721,126.719532,13N-N-3409
산수유,Cornus,officinalis,36.03608714,126.7194743,13N-N-3410
산수유,Cornus,officinalis,36.03600291,126.719483,13N-N-3411
멀구슬나무,Melia,azedarach,36.03869232,126.7191013,14-N-00001
멀구슬나무,Melia,azedarach,36.03872244,126.7191098,14-N-00002
왕벚나무,Prunus,yedoensis,36.04093873,126.7173328,15-N-00001
왕벚나무,Prunus,yedoensis,36.04095623,126.7173412,15-N-00002
왕벚나무,Prunus,yedoensis,36.04094577,126.7172823,15-N-00003
왕벚나무,Prunus,yedoensis,36.04096091,126.7172603,15-N-00004
왕벚나무,Prunus,yedoensis,36.0409775,126.7172451,15-N-00005
왕벚나무,Prunus,yedoensis,36.04098178,126.7172373,15-N-00006
왕벚나무,Prunus,yedoensis,36.04098812,126.7172504,15-N-00007
왕벚나무,Prunus,yedoensis,36.04098613,126.7172578,15-N-00008
왕벚나무,Prunus,yedoensis,36.04097098,126.7172769,15-N-00009
왕벚나무,Prunus,yedoensis,36.04096129,126.7172981,15-N-00010
왕벚나무,Prunus,yedoensis,36.04095942,126.7173546,15-N-00011
왕벚나무,Prunus,yedoensis,36.04097315,126.717345,15-N-00012
왕벚나무,Prunus,yedoensis,36.0409783,126.7173397,15-N-00013
왕벚나무,Prunus,yedoensis,36.04097909,126.7173107,15-N-00014
왕벚나무,Prunus,yedoensis,36.04098909,126.7172987,15-N-00015
왕벚나무,Prunus,yedoensis,36.04102854,126.7172537,15-N-00016
왕벚나무,Prunus,yedoensis,36.0410431,126.717229,15-N-00017
왕벚나무,Prunus,yedoensis,36.0410508,126.7172152,15-N-00018
왕벚나무,Prunus,yedoensis,36.04105513,126.7172282,15-N-00019
왕벚나무,Prunus,yedoensis,36.04103716,126.7172636,15-N-00020
왕벚나무,Prunus,yedoensis,36.04106148,126.7172476,15-N-00021
왕벚나무,Prunus,yedoensis,36.04105535,126.7171989,15-N-00022
왕벚나무,Prunus,yedoensis,36.04106142,126.7172194,15-N-00023
왕벚나무,Prunus,yedoensis,36.04106892,126.7172398,15-N-00024
왕벚나무,Prunus,yedoensis,36.04106393,126.7171915,15-N-00025
왕벚나무,Prunus,yedoensis,36.04107288,126.7172201,15-N-00026
왕벚나무,Prunus,yedoensis,36.04106847,126.7171731,15-N-00027
왕벚나무,Prunus,yedoensis,36.04107769,126.7171915,15-N-00028
왕벚나무,Prunus,yedoensis,36.04108317,126.7172059,15-N-00029
왕벚나무,Prunus,yedoensis,36.04108953,126.7172285,15-N-00030
왕벚나무,Prunus,yedoensis,36.04108878,126.7171575,15-N-00031
왕벚나무,Prunus,yedoensis,36.04109197,126.7171706,15-N-00032
왕벚나무,Prunus,yedoensis,36.04109514,126.717179,15-N-00033
왕벚나무,Prunus,yedoensis,36.04108972,126.7171882,15-N-00034
왕벚나무,Prunus,yedoensis,36.04109836,126.7172055,15-N-00035
왕벚나무,Prunus,yedoensis,36.04110709,126.7171402,15-N-00036
왕벚나무,Prunus,yedoensis,36.04111431,126.7171663,15-N-00037
왕벚나무,Prunus,yedoensis,36.04111148,126.7171815,15-N-00038
왕벚나무,Prunus,yedoensis,36.04112239,126.7171899,15-N-00039
왕벚나무,Prunus,yedoensis,36.04112054,126.7171341,15-N-00040
왕벚나무,Prunus,yedoensis,36.04111799,126.7171465,15-N-00041
왕벚나무,Prunus,yedoensis,36.04112518,126.717156,15-N-00042
왕벚나무,Prunus,yedoensis,36.04115194,126.717199,15-N-00043
왕벚나무,Prunus,yedoensis,36.0411376,126.7171955,15-N-00044
왕벚나무,Prunus,yedoensis,36.04114049,126.7172064,15-N-00045
왕벚나무,Prunus,yedoensis,36.04114461,126.7171305,15-N-00046
왕벚나무,Prunus,yedoensis,36.04114893,126.7171411,15-N-00047
왕벚나무,Prunus,yedoensis,36.04114839,126.7171517,15-N-00048
왕벚나무,Prunus,yedoensis,36.04115477,126.7171866,15-N-00049
왕벚나무,Prunus,yedoensis,36.04115796,126.7171996,15-N-00050
왕벚나무,Prunus,yedoensis,36.04118145,126.7172556,15-N-00051
왕벚나무,Prunus,yedoensis,36.04117855,126.7172418,15-N-00052
왕벚나무,Prunus,yedoensis,36.04117652,126.7172316,15-N-00053
왕벚나무,Prunus,yedoensis,36.04119754,126.7172718,15-N-00054
왕벚나무,Prunus,yedoensis,36.04105707,126.7171406,15-N-00055
왕벚나무,Prunus,yedoensis,36.04107739,126.7171279,15-N-00056
왕벚나무,Prunus,yedoensis,36.03466787,126.7209008,15-N-00057
왕벚나무,Prunus,yedoensis,36.03465187,126.7209289,15-N-00058
왕벚나무,Prunus,yedoensis,36.03463304,126.7209288,15-N-00059
왕벚나무,Prunus,yedoensis,36.03463354,126.7208996,15-N-00060
왕벚나무,Prunus,yedoensis,36.03465335,126.7208793,15-N-00061
왕벚나무,Prunus,yedoensis,36.03462814,126.7208716,15-N-00062
왕벚나무,Prunus,yedoensis,36.03459595,126.7208952,15-N-00063
왕벚나무,Prunus,yedoensis,36.03458037,126.7208773,15-N-00064
왕벚나무,Prunus,yedoensis,36.03459403,126.7209757,15-N-00065
왕벚나무,Prunus,yedoensis,36.03458002,126.7209989,15-N-00066
왕벚나무,Prunus,yedoensis,36.03457364,126.7209666,15-N-00067
왕벚나무,Prunus,yedoensis,36.03455608,126.7209896,15-N-00068
왕벚나무,Prunus,yedoensis,36.0345487,126.720958,15-N-00069
왕벚나무,Prunus,yedoensis,36.03455878,126.7209245,15-N-00070
왕벚나무,Prunus,yedoensis,36.03456155,126.7208639,15-N-00071
왕벚나무,Prunus,yedoensis,36.03456022,126.7208021,15-N-00072
왕벚나무,Prunus,yedoensis,36.03453345,126.7208357,15-N-00073
왕벚나무,Prunus,yedoensis,36.03452154,126.7208611,15-N-00074
왕벚나무,Prunus,yedoensis,36.03452064,126.7209106,15-N-00075
왕벚나무,Prunus,yedoensis,36.03451522,126.7209547,15-N-00076
느티나무,Zelkova,serrata,36.0345103,126.7209819,15-N-00077
복자기,Acer,triflorum,36.03448041,126.7209608,15-N-00078
느티나무,Zelkova,serrata,36.03448246,126.7209367,15-N-00079
왕벚나무,Prunus,yedoensis,36.03447845,126.7209097,15-N-00080
왕벚나무,Prunus,yedoensis,36.03447835,126.7208816,15-N-00081
왕벚나무,Prunus,yedoensis,36.03447708,126.7208537,15-N-00082
왕벚나무,Prunus,yedoensis,36.03448313,126.7208236,15-N-00083
왕벚나무,Prunus,yedoensis,36.03450102,126.7207966,15-N-00084
왕벚나무,Prunus,yedoensis,36.03447897,126.7207838,15-N-00085
왕벚나무,Prunus,yedoensis,36.03444801,126.7208117,15-N-00086
왕벚나무,Prunus,yedoensis,36.03444841,126.7208416,15-N-00087
왕벚나무,Prunus,yedoensis,36.0344513,126.7208668,15-N-00088
왕벚나무,Prunus,yedoensis,36.03445558,126.7209005,15-N-00089
느티나무,Zelkova,serrata,36.03444595,126.7209325,15-N-00090
복자기,Acer,triflorum,36.03444141,126.7209612,15-N-00091
복자기,Acer,triflorum,36.03442312,126.7209556,15-N-00092
복자기,Acer,triflorum,36.03442341,126.7209242,15-N-00093
복자기,Acer,triflorum,36.03443274,126.7208862,15-N-00094
복자기,Acer,triflorum,36.03440895,126.7209002,15-N-00095
복자기,Acer,triflorum,36.03440071,126.72093,15-N-00096
복자기,Acer,triflorum,36.03438677,126.7208889,15-N-00097
복자기,Acer,triflorum,36.03436421,126.7208785,15-N-00098
왕벚나무,Prunus,yedoensis,36.03440271,126.7208559,15-N-00099
왕벚나무,Prunus,yedoensis,36.03437406,126.7208462,15-N-00100
왕벚나무,Prunus,yedoensis,36.03440715,126.7208173,15-N-00101
왕벚나무,Prunus,yedoensis,36.03442858,126.720802,15-N-00102
왕벚나무,Prunus,yedoensis,36.03445417,126.720772,15-N-00103
왕벚나무,Prunus,yedoensis,36.03442354,126.7207689,15-N-00104
왕벚나무,Prunus,yedoensis,36.03439648,126.7207933,15-N-00105
왕벚나무,Prunus,yedoensis,36.03437032,126.7208084,15-N-00106
왕벚나무,Prunus,yedoensis,36.03434322,126.7208321,15-N-00107
왕벚나무,Prunus,yedoensis,36.03431859,126.7208181,15-N-00108
왕벚나무,Prunus,yedoensis,36.03433501,126.7207917,15-N-00109
왕벚나무,Prunus,yedoensis,36.03436433,126.7207768,15-N-00110
왕벚나무,Prunus,yedoensis,36.03439215,126.7207485,15-N-00111
왕벚나무,Prunus,yedoensis,36.03440572,126.7207335,15-N-00112
왕벚나무,Prunus,yedoensis,36.03442861,126.7207238,15-N-00113
왕벚나무,Prunus,yedoensis,36.03446035,126.7207132,15-N-00114
왕벚나무,Prunus,yedoensis,36.03439018,126.7207003,15-N-00115
왕벚나무,Prunus,yedoensis,36.03437182,126.7207289,15-N-00116
왕벚나무,Prunus,yedoensis,36.03434103,126.7207523,15-N-00117
왕벚나무,Prunus,yedoensis,36.03431322,126.7207735,15-N-00118
왕벚나무,Prunus,yedoensis,36.03431649,126.7207395,15-N-00119
왕벚나무,Prunus,yedoensis,36.03434829,126.7207011,15-N-00120
왕벚나무,Prunus,yedoensis,36.03436792,126.7206757,15-N-00121
왕벚나무,Prunus,yedoensis,36.03439039,126.7206532,15-N-00122
왕벚나무,Prunus,yedoensis,36.03441621,126.7206477,15-N-00123
왕벚나무,Prunus,yedoensis,36.03434931,126.7206293,15-N-00124
왕벚나무,Prunus,yedoensis,36.03432891,126.7206658,15-N-00125
왕벚나무,Prunus,yedoensis,36.03431907,126.7206889,15-N-00126
왕벚나무,Prunus,yedoensis,36.03429589,126.7208161,15-N-00127
왕벚나무,Prunus,yedoensis,36.03427074,126.7208092,15-N-00128
왕벚나무,Prunus,yedoensis,36.03425195,126.720839,15-N-00129
왕벚나무,Prunus,yedoensis,36.03424535,126.720792,15-N-00130
왕벚나무,Prunus,yedoensis,36.0342242,126.7208182,15-N-00131
왕벚나무,Prunus,yedoensis,36.03420421,126.7207959,15-N-00132
왕벚나무,Prunus,yedoensis,36.03423023,126.7207646,15-N-00133
왕벚나무,Prunus,yedoensis,36.03421377,126.7207272,15-N-00134
왕벚나무,Prunus,yedoensis,36.03419468,126.7207499,15-N-00135
왕벚나무,Prunus,yedoensis,36.03417075,126.7207128,15-N-00137
왕벚나무,Prunus,yedoensis,36.03418709,126.7206908,15-N-00138
왕벚나무,Prunus,yedoensis,36.03420455,126.7206534,15-N-00139
왕벚나무,Prunus,yedoensis,36.03423048,126.7206198,15-N-00140
왕벚나무,Prunus,yedoensis,36.03422254,126.7206762,15-N-00141
왕벚나무,Prunus,yedoensis,36.03421041,126.7206984,15-N-00142
왕벚나무,Prunus,yedoensis,36.03422821,126.7206924,15-N-00143
왕벚나무,Prunus,yedoensis,36.03425483,126.7206916,15-N-00144
왕벚나무,Prunus,yedoensis,36.03424768,126.7207122,15-N-00145
왕벚나무,Prunus,yedoensis,36.0342408,126.720731,15-N-00146
왕벚나무,Prunus,yedoensis,36.03425456,126.7207424,15-N-00147
왕벚나무,Prunus,yedoensis,36.03428651,126.7207414,15-N-00148
왕벚나무,Prunus,yedoensis,36.03427906,126.72064,15-N-00149
왕벚나무,Prunus,yedoensis,36.03425546,126.7206382,15-N-00150
왕벚나무,Prunus,yedoensis,36.03425336,126.7205966,15-N-00151
왕벚나무,Prunus,yedoensis,36.0342031,126.7205781,15-N-00152
왕벚나무,Prunus,yedoensis,36.03422876,126.7205483,15-N-00153
왕벚나무,Prunus,yedoensis,36.03428626,126.720586,15-N-00154
이팝나무,Chionanthus,retusus,36.04023331,126.7176659,16-N-00001
이팝나무,Chionanthus,retusus,36.04026913,126.7176633,16-N-00002
이팝나무,Chionanthus,retusus,36.04029835,126.7176551,16-N-00003
이팝나무,Chionanthus,retusus,36.04034076,126.7176518,16-N-00004
이팝나무,Chionanthus,retusus,36.04036476,126.7176238,16-N-00005
이팝나무,Chionanthus,retusus,36.04039919,126.7176396,16-N-00006
이팝나무,Chionanthus,retusus,36.04041346,126.7176102,16-N-00007
이팝나무,Chionanthus,retusus,36.04042898,126.71763,16-N-00008
이팝나무,Chionanthus,retusus,36.0404567,126.7175946,16-N-00009
이팝나무,Chionanthus,retusus,36.04048048,126.717592,16-N-00010
이팝나무,Chionanthus,retusus,36.04046679,126.7176221,16-N-00011
이팝나무,Chionanthus,retusus,36.04051886,126.7175834,16-N-00012
이팝나무,Chionanthus,retusus,36.04053011,126.717612,16-N-00013
이팝나무,Chionanthus,retusus,36.04054895,126.7175787,16-N-00014
이팝나무,Chionanthus,retusus,36.04056707,126.7176083,16-N-00015
이팝나무,Chionanthus,retusus,36.04058676,126.7175712,16-N-00016
이팝나무,Chionanthus,retusus,36.04060461,126.7176057,16-N-00017
이팝나무,Chionanthus,retusus,36.0406157,126.7175668,16-N-00018
이팝나무,Chionanthus,retusus,36.04065611,126.717566,16-N-00019
이팝나무,Chionanthus,retusus,36.04065676,126.7176002,16-N-00020
이팝나무,Chionanthus,retusus,36.04067815,126.717555,16-N-00021
이팝나무,Chionanthus,retusus,36.0406788,126.7175867,16-N-00022
이팝나무,Chionanthus,retusus,36.04069793,126.717557,16-N-00023
이팝나무,Chionanthus,retusus,36.04070116,126.7175902,16-N-00024
이팝나무,Chionanthus,retusus,36.04070771,126.7175725,16-N-00025
이팝나무,Chionanthus,retusus,36.04074927,126.7175727,16-N-00026
이팝나무,Chionanthus,retusus,36.04072802,126.7175562,16-N-00027
이팝나무,Chionanthus,retusus,36.04076816,126.7175599,16-N-00028
산딸나무,Cornus,kousa,36.04100996,126.7173981,16-N-00029
산딸나무,Cornus,kousa,36.04099271,126.7173739,16-N-00030
산딸나무,Cornus,kousa,36.04098686,126.7173238,16-N-00031
산딸나무,Cornus,kousa,36.04100267,126.7173431,16-N-00032
산딸나무,Cornus,kousa,36.04101305,126.7173703,16-N-00033
산딸나무,Cornus,kousa,36.0410265,126.7173628,16-N-00034
산딸나무,Cornus,kousa,36.0410144,126.7173343,16-N-00035
산딸나무,Cornus,kousa,36.04099798,126.7173011,16-N-00036
산딸나무,Cornus,kousa,36.04099332,126.7172676,16-N-00037
산딸나무,Cornus,kousa,36.04100133,126.7172605,16-N-00038
산딸나무,Cornus,kousa,36.041012,126.7172912,16-N-00039
산딸나무,Cornus,kousa,36.0410221,126.7173205,16-N-00040
산딸나무,Cornus,kousa,36.04106765,126.7173087,16-N-00041
산딸나무,Cornus,kousa,36.04105297,126.7172826,16-N-00042
산딸나무,Cornus,kousa,36.04104433,126.7172678,16-N-00043
산딸나무,Cornus,kousa,36.04107499,126.7172631,16-N-00044
산딸나무,Cornus,kousa,36.04108334,126.7172797,16-N-00045
산딸나무,Cornus,kousa,36.04109143,126.7173054,16-N-00046
산딸나무,Cornus,kousa,36.04110201,126.7172979,16-N-00047
산딸나무,Cornus,kousa,36.04109364,126.7172708,16-N-00048
산딸나무,Cornus,kousa,36.04108384,126.7172483,16-N-00049
산딸나무,Cornus,kousa,36.04111489,126.7172884,16-N-00050
산딸나무,Cornus,kousa,36.04110164,126.7172598,16-N-00051
산딸나무,Cornus,kousa,36.04109501,126.7172436,16-N-00052
산딸나무,Cornus,kousa,36.04110415,126.7172327,16-N-00053
산딸나무,Cornus,kousa,36.04111252,126.7172549,16-N-00054
산딸나무,Cornus,kousa,36.04112261,126.7172834,16-N-00055
산딸나무,Cornus,kousa,36.04112055,126.7172577,16-N-00056
산딸나무,Cornus,kousa,36.04112046,126.717222,16-N-00057
산딸나무,Cornus,kousa,36.04113105,126.7172128,16-N-00058
산딸나무,Cornus,kousa,36.04113595,126.7172276,16-N-00059
산딸나무,Cornus,kousa,36.04112597,126.7172481,16-N-00060
산딸나무,Cornus,kousa,36.04113061,126.7172717,16-N-00061
산딸나무,Cornus,kousa,36.04113809,126.7172841,16-N-00062
산딸나무,Cornus,kousa,36.04113978,126.7172699,16-N-00063
산딸나무,Cornus,kousa,36.04113746,126.7172597,16-N-00064
산딸나무,Cornus,kousa,36.041134,126.7172498,16-N-00065
산딸나무,Cornus,kousa,36.04114711,126.7172205,16-N-00066
산딸나무,Cornus,kousa,36.04115914,126.7172162,16-N-00067
산딸나무,Cornus,kousa,36.04115032,126.7172427,16-N-00068
산딸나무,Cornus,kousa,36.04115266,126.7172642,16-N-00069
산딸나무,Cornus,kousa,36.04115442,126.7172784,16-N-00070
산딸나무,Cornus,kousa,36.04116192,126.7173006,16-N-00071
산딸나무,Cornus,kousa,36.04117257,126.717321,16-N-00072
산딸나무,Cornus,kousa,36.0411731,126.7173026,16-N-00073
산딸나무,Cornus,kousa,36.04116647,126.7172847,16-N-00074
산딸나무,Cornus,kousa,36.04116269,126.7172631,16-N-00075
산딸나무,Cornus,kousa,36.04116495,126.7172466,16-N-00076
산딸나무,Cornus,kousa,36.04117094,126.7172352,16-N-00077
산딸나무,Cornus,kousa,36.04117586,126.7172582,16-N-00078
산딸나무,Cornus,kousa,36.04117852,126.7172906,16-N-00079
산딸나무,Cornus,kousa,36.04118717,126.7173135,16-N-00080
산딸나무,Cornus,kousa,36.04119691,126.7173103,16-N-00081
산딸나무,Cornus,kousa,36.04119143,126.7172937,16-N-00082
산딸나무,Cornus,kousa,36.04119742,126.7172817,16-N-00083
산딸나무,Cornus,kousa,36.04119107,126.7172662,16-N-00084
산딸나무,Cornus,kousa,36.04118584,126.7172345,16-N-00085
산딸나무,Cornus,kousa,36.04117921,126.7172176,16-N-00086
산딸나무,Cornus,kousa,36.04116947,126.7172218,16-N-00087
산딸나무,Cornus,kousa,36.04112779,126.7171701,16-N-00088
산딸나무,Cornus,kousa,36.04114789,126.7171827,16-N-00089
산딸나무,Cornus,kousa,36.04115131,126.7171764,16-N-00090
산딸나무,Cornus,kousa,36.04116077,126.7171767,16-N-00091
산딸나무,Cornus,kousa,36.04116592,126.7171728,16-N-00092
산딸나무,Cornus,kousa,36.04116045,126.717164,16-N-00093
산딸나무,Cornus,kousa,36.04115555,126.7171534,16-N-00094
산딸나무,Cornus,kousa,36.0411737,126.7171911,16-N-00095
산딸나무,Cornus,kousa,36.04118118,126.7172017,16-N-00096
산딸나무,Cornus,kousa,36.04117683,126.7171812,16-N-00097
산딸나무,Cornus,kousa,36.04118339,126.7171671,16-N-00098
산딸나무,Cornus,kousa,36.04118657,126.7171791,16-N-00099
산딸나무,Cornus,kousa,36.04118889,126.7171907,16-N-00100
산딸나무,Cornus,kousa,36.04119366,126.71721,16-N-00101
산딸나무,Cornus,kousa,36.04119485,126.7172262,16-N-00102
산딸나무,Cornus,kousa,36.04120361,126.7172971,16-N-00103
산딸나무,Cornus,kousa,36.04120703,126.7172865,16-N-00104
산딸나무,Cornus,kousa,36.04120991,126.7172936,16-N-00105
왕벚나무,Prunus,yedoensis,36.04120035,126.7172509,16-N-00106
산딸나무,Cornus,kousa,36.04120001,126.7172262,16-N-00107
산딸나무,Cornus,kousa,36.04119332,126.7171874,16-N-00108
산딸나무,Cornus,kousa,36.04118871,126.7171747,16-N-00109
산딸나무,Cornus,kousa,36.04119301,126.7171754,16-N-00110
산딸나무,Cornus,kousa,36.04118608,126.717156,16-N-00111
산딸나무,Cornus,kousa,36.04118751,126.7171511,16-N-00112
산딸나무,Cornus,kousa,36.04119791,126.7171867,16-N-00113
산딸나무,Cornus,kousa,36.04121592,126.7172879,16-N-00114
산딸나무,Cornus,kousa,36.04119326,126.717161,16-N-00115
산딸나무,Cornus,kousa,36.04119179,126.7171433,16-N-00116
산딸나무,Cornus,kousa,36.041261,126.7170831,16-N-00117
산딸나무,Cornus,kousa,36.04127108,126.7171014,16-N-00118
산딸나무,Cornus,kousa,36.04127016,126.7170774,16-N-00119
산딸나무,Cornus,kousa,36.04129094,126.7170145,16-N-00120
산딸나무,Cornus,kousa,36.04129842,126.71703,16-N-00121
산딸나무,Cornus,kousa,36.04130412,126.7170131,16-N-00122
산딸나무,Cornus,kousa,36.04130588,126.7170332,16-N-00123
산딸나무,Cornus,kousa,36.04131357,126.7170105,16-N-00124
산딸나무,Cornus,kousa,36.04131533,126.71703,16-N-00125
산딸나무,Cornus,kousa,36.04131911,126.7170508,16-N-00126
산딸나무,Cornus,kousa,36.04130623,126.7170565,16-N-00127
산딸나무,Cornus,kousa,36.04131056,126.7170706,16-N-00128
산딸나무,Cornus,kousa,36.04132373,126.7170677,16-N-00129
산딸나무,Cornus,kousa,36.0413258,126.7170906,16-N-00130
산딸나무,Cornus,kousa,36.04123975,126.717063,16-N-00131
산딸나무,Cornus,kousa,36.04125258,126.7170362,16-N-00132
느티나무,Zelkova,serrata,36.03829857,126.7190706,17-N-00001
느티나무,Zelkova,serrata,36.03835516,126.719012,17-N-00002
느티나무,Zelkova,serrata,36.03839876,126.7190874,17-N-00003
느티나무,Zelkova,serrata,36.03848605,126.7190315,17-N-00004
느티나무,Zelkova,serrata,36.03849089,126.7191184,17-N-00005
느티나무,Zelkova,serrata,36.03855683,126.7190947,17-N-00006
느티나무,Zelkova,serrata,36.03854911,126.7190134,17-N-00007
느티나무,Zelkova,serrata,36.03863944,126.7190181,17-N-00008
잔털벚나무,Prunus,serrulata,36.03874482,126.719022,17-N-00009
산벚나무,Prunus,sargentii,36.03875584,126.7190334,17-N-00010
느티나무,Zelkova,serrata,36.03887547,126.7191869,17-N-00011
느티나무,Zelkova,serrata,36.03896667,126.7193185,17-N-00012
갈참나무,Quercus,aliena,36.0388919,126.7192817,17-N-00013
느티나무,Zelkova,serrata,36.03899752,126.7193875,17-N-00014
소나무,Pinus,densiflora,36.03914582,126.719309,17-N-00015
소나무,Pinus,densiflora,36.0391247,126.7193129,17-N-00016
소나무,Pinus,densiflora,36.03912271,126.7193375,17-N-00017
소나무,Pinus,densiflora,36.03909018,126.7193446,17-N-00018
소나무,Pinus,densiflora,36.03909761,126.7193881,17-N-00019
소나무,Pinus,densiflora,36.03906692,126.7193857,17-N-00020
소나무,Pinus,densiflora,36.03905479,126.7194436,17-N-00021
소나무,Pinus,densiflora,36.03902852,126.7194341,17-N-00022
소나무,Pinus,densiflora,36.03903339,126.7194726,17-N-00023
느릅나무,Ulmus,davidiana,36.0391372,126.719395,17-N-00024
느릅나무,Ulmus,davidiana,36.03910967,126.7194287,17-N-00025
매실나무,Prunus,mume,36.03906177,126.7195699,17-N-00026
매실나무,Prunus,mume,36.03902846,126.7196082,17-N-00027
매실나무,Prunus,mume,36.03899434,126.7195928,17-N-00028
매실나무,Prunus,mume,36.03899106,126.7196486,17-N-00029
매실나무,Prunus,mume,36.0389579,126.7196072,17-N-00030
매실나무,Prunus,mume,36.03893655,126.7196568,17-N-00031
매실나무,Prunus,mume,36.03891158,126.7196182,17-N-00032
매실나무,Prunus,mume,36.03888271,126.7196624,17-N-00033
매실나무,Prunus,mume,36.0388458,126.7196206,17-N-00034
매실나무,Prunus,mume,36.0388234,126.7196601,17-N-00035
소나무,Pinus,densiflora,36.03898979,126.7195567,17-N-00036
소나무,Pinus,densiflora,36.03896212,126.7195333,17-N-00037
소나무,Pinus,densiflora,36.03900534,126.7195046,17-N-00038
느티나무,Zelkova,serrata,36.03896268,126.719464,17-N-00039
소나무,Pinus,densiflora,36.0389155,126.7194017,17-N-00040
느티나무,Zelkova,serrata,36.03885203,126.7193709,17-N-00041
소나무,Pinus,densiflora,36.03881136,126.7193211,17-N-00042
느티나무,Zelkova,serrata,36.03876496,126.7193028,17-N-00043
느티나무,Zelkova,serrata,36.03879212,126.7193996,17-N-00044
상수리나무,Quercus,acutissima,36.03883689,126.719454,17-N-00045
감나무,Diospyros,kaki,36.03870515,126.7200205,17-N-00046
배롱나무,Lagerstroemia,indica,36.03864064,126.7200254,17-N-00047
느티나무,Zelkova,serrata,36.03838863,126.7200191,17-N-00048
느티나무,Zelkova,serrata,36.03842041,126.7202284,17-N-00049
느티나무,Zelkova,serrata,36.03849921,126.7201595,17-N-00050
멀구슬나무,Melia,azedarach,36.03855683,126.7201483,17-N-00051
소나무,Pinus,densiflora,36.03875665,126.7220488,17-N-00052
이팝나무,Chionanthus,retusus,36.03822734,126.7203144,17-N-00053
이팝나무,Chionanthus,retusus,36.03821131,126.7203346,17-N-00054
이팝나무,Chionanthus,retusus,36.03818798,126.7203199,17-N-00055
왕벚나무,Prunus,yedoensis,36.03565852,126.7196435,17-N-00056
왕벚나무,Prunus,yedoensis,36.03563762,126.7196132,17-N-00057
자귀나무,Albizia,julibrissin,36.03559835,126.7196005,17-N-00058
자귀나무,Albizia,julibrissin,36.03557553,126.7195761,17-N-00059
자귀나무,Albizia,julibrissin,36.03554255,126.7195601,17-N-00060
자귀나무,Albizia,julibrissin,36.03552513,126.7195703,17-N-00061
왕벚나무,Prunus,yedoensis,36.03557902,126.7196193,17-N-00062
자귀나무,Albizia,julibrissin,36.03551404,126.7195912,17-N-00063
왕벚나무,Prunus,yedoensis,36.03556058,126.7196042,17-N-00064
왕벚나무,Prunus,yedoensis,36.03551898,126.7196315,17-N-00065
왕벚나무,Prunus,yedoensis,36.03550645,126.7196614,17-N-00066
왕벚나무,Prunus,yedoensis,36.03547599,126.7196835,17-N-00067
왕벚나무,Prunus,yedoensis,36.03546685,126.7197104,17-N-00068
왕벚나무,Prunus,yedoensis,36.03542876,126.7197905,17-N-00069
왕벚나무,Prunus,yedoensis,36.03539836,126.7198371,17-N-00070
왕벚나무,Prunus,yedoensis,36.03539697,126.7198681,17-N-00071
왕벚나무,Prunus,yedoensis,36.03537281,126.7198909,17-N-00072
왕벚나무,Prunus,yedoensis,36.03536466,126.7199273,17-N-00073
왕벚나무,Prunus,yedoensis,36.03535893,126.7199625,17-N-00074
왕벚나무,Prunus,yedoensis,36.03537111,126.7199928,17-N-00075
왕벚나무,Prunus,yedoensis,36.03536391,126.7200221,17-N-00076
자귀나무,Albizia,julibrissin,36.03533042,126.7199963,17-N-00077
자귀나무,Albizia,julibrissin,36.03532563,126.7200175,17-N-00078
자귀나무,Albizia,julibrissin,36.03534237,126.7200287,17-N-00079
자귀나무,Albizia,julibrissin,36.0353158,126.7200628,17-N-00080
자귀나무,Albizia,julibrissin,36.03533403,126.7200881,17-N-00081
자귀나무,Albizia,julibrissin,36.03531759,126.7201031,17-N-00082
왕벚나무,Prunus,yedoensis,36.03534837,126.7201077,17-N-00083
왕벚나무,Prunus,yedoensis,36.0353242,126.7201305,17-N-00084
왕벚나무,Prunus,yedoensis,36.03531994,126.720174,17-N-00085
왕벚나무,Prunus,yedoensis,36.03530304,126.7201962,17-N-00086
왕벚나무,Prunus,yedoensis,36.03529983,126.7202743,17-N-00087
왕벚나무,Prunus,yedoensis,36.03531879,126.7203035,17-N-00088
왕벚나무,Prunus,yedoensis,36.03531545,126.7203261,17-N-00089
왕벚나무,Prunus,yedoensis,36.03533926,126.7203595,17-N-00090
왕벚나무,Prunus,yedoensis,36.03533981,126.7203863,17-N-00091
왕벚나무,Prunus,yedoensis,36.03534956,126.7204143,17-N-00092
왕벚나무,Prunus,yedoensis,36.03537603,126.720441,17-N-00093
왕벚나무,Prunus,yedoensis,36.03541191,126.7204558,17-N-00094
왕벚나무,Prunus,yedoensis,36.03542341,126.7205056,17-N-00095
왕벚나무,Prunus,yedoensis,36.03538999,126.720509,17-N-00096
왕벚나무,Prunus,yedoensis,36.03542723,126.7204814,17-N-00097
왕벚나무,Prunus,yedoensis,36.03545173,126.7204974,17-N-00098
왕벚나무,Prunus,yedoensis,36.03547479,126.7205206,17-N-00099
자귀나무,Albizia,julibrissin,36.03541546,126.7205238,17-N-00100
자귀나무,Albizia,julibrissin,36.03539929,126.7205498,17-N-00101
자귀나무,Albizia,julibrissin,36.03542182,126.7205527,17-N-00102
자귀나무,Albizia,julibrissin,36.03545159,126.7205434,17-N-00103
왕벚나무,Prunus,yedoensis,36.03548358,126.7205504,17-N-00104
왕벚나무,Prunus,yedoensis,36.03549162,126.7205706,17-N-00105
자귀나무,Albizia,julibrissin,36.03545456,126.7205693,17-N-00106
자귀나무,Albizia,julibrissin,36.03543134,126.720584,17-N-00107
자귀나무,Albizia,julibrissin,36.0354747,126.720585,17-N-00108
팽나무,Celtis,sinensis,36.03157202,126.7180773,18-N-00001
팽나무,Celtis,sinensis,36.0317251,126.7180844,18-N-00002
팽나무,Celtis,sinensis,36.03134929,126.7179673,18-N-00003
팽나무,Celtis,sinensis,36.03054719,126.7182447,18-N-00004
팽나무,Celtis,sinensis,36.0303654,126.7182965,18-N-00005
모감주나무,Koelreuteria,paniculata,36.03141661,126.7180344,19-N-00001
모감주나무,Koelreuteria,paniculata,36.03144422,126.7180414,19-N-00002
모감주나무,Koelreuteria,paniculata,36.03149435,126.7180508,19-N-00003
모감주나무,Koelreuteria,paniculata,36.0316094,126.7180895,19-N-00004
모감주나무,Koelreuteria,paniculata,36.03164499,126.7181037,19-N-00005
모감주나무,Koelreuteria,paniculata,36.0316985,126.7181247,19-N-00006
모감주나무,Koelreuteria,paniculata,36.03175356,126.7181402,19-N-00007
모감주나무,Koelreuteria,paniculata,36.03180728,126.7181604,19-N-00008
모감주나무,Koelreuteria,paniculata,36.03186212,126.7181767,19-N-00009
모감주나무,Koelreuteria,paniculata,36.03191561,126.7181909,19-N-00010
모감주나무,Koelreuteria,paniculata,36.03196841,126.7181992,19-N-00011
모감주나무,Koelreuteria,paniculata,36.03203193,126.7181998,19-N-00012
모감주나무,Koelreuteria,paniculata,36.0320827,126.718201,19-N-00013
모감주나무,Koelreuteria,paniculata,36.03213749,126.7181983,19-N-00014
모감주나무,Koelreuteria,paniculata,36.0321943,126.7181946,19-N-00015
참느릅나무,Ulmus,parvifolia,36.02998467,126.7182953,19-N-00016
참느릅나무,Ulmus,parvifolia,36.03009778,126.7183113,19-N-00017
팥배나무,Aria,alnifolia,36.03015751,126.7183161,19-N-00018
참느릅나무,Ulmus,parvifolia,36.03023318,126.7183129,19-N-00019
팥배나무,Aria,alnifolia,36.03028385,126.7183124,19-N-00020
참느릅나무,Ulmus,parvifolia,36.03033703,126.7183061,19-N-00021
팥배나무,Aria,alnifolia,36.03038543,126.7182893,19-N-00022
참느릅나무,Ulmus,parvifolia,36.03044584,126.7182712,19-N-00023
참느릅나무,Ulmus,parvifolia,36.03052682,126.7182495,19-N-00024
팥배나무,Aria,alnifolia,36.03057549,126.7182293,19-N-00025
참느릅나무,Ulmus,parvifolia,36.03062488,126.7182033,19-N-00026
팥배나무,Aria,alnifolia,36.03065487,126.7181921,19-N-00027
참느릅나무,Ulmus,parvifolia,36.03072439,126.7181397,19-N-00028
참느릅나무,Ulmus,parvifolia,36.03132078,126.7179688,19-N-00029
팥배나무,Aria,alnifolia,36.03136439,126.7179913,19-N-00030
참느릅나무,Ulmus,parvifolia,36.03140983,126.7179883,19-N-00031
팥배나무,Aria,alnifolia,36.0314679,126.7179946,19-N-00032
참느릅나무,Ulmus,parvifolia,36.03151608,126.7180065,19-N-00033
참느릅나무,Ulmus,parvifolia,36.03162103,126.7180475,19-N-00034
팥배나무,Aria,alnifolia,36.03167043,126.7180687,19-N-00035
참느릅나무,Ulmus,parvifolia,36.03174782,126.7180946,19-N-00036
팥배나무,Aria,alnifolia,36.0317963,126.7181216,19-N-00037
참느릅나무,Ulmus,parvifolia,36.03183434,126.718126,19-N-00038
팥배나무,Aria,alnifolia,36.03188496,126.7181397,19-N-00039
참느릅나무,Ulmus,parvifolia,36.0319406,126.7181507,19-N-00040
팥배나무,Aria,alnifolia,36.03199261,126.718157,19-N-00041
참느릅나무,Ulmus,parvifolia,36.03204884,126.7181582,19-N-00042
팥배나무,Aria,alnifolia,36.03210426,126.718159,19-N-00043
참느릅나무,Ulmus,parvifolia,36.03213816,126.7181499,19-N-00044
참느릅나무,Ulmus,parvifolia,36.03225143,126.7181524,19-N-00045
참느릅나무,Ulmus,parvifolia,36.03236408,126.7181185,19-N-00046
팥배나무,Aria,alnifolia,36.03241509,126.7181041,19-N-00047
참느릅나무,Ulmus,parvifolia,36.03244584,126.7180927,19-N-00048
팥배나무,Aria,alnifolia,36.03250177,126.7180563,19-N-00049
참느릅나무,Ulmus,parvifolia,36.03256034,126.7180173,19-N-00050
참느릅나무,Ulmus,parvifolia,36.03241101,126.7181524,19-N-00051
참느릅나무,Ulmus,parvifolia,36.03244906,126.7181795,19-N-00052
참느릅나무,Ulmus,parvifolia,36.03249433,126.7182054,19-N-00053
참느릅나무,Ulmus,parvifolia,36.03250357,126.7182486,19-N-00054
팥배나무,Aria,alnifolia,36.03238915,126.7182656,19-N-00055
팥배나무,Aria,alnifolia,36.03236118,126.7182319,19-N-00056
팥배나무,Aria,alnifolia,36.03233365,126.7181835,19-N-00057
모감주나무,Koelreuteria,paniculata,36.03610948,126.7194439,19N-N-44-1
모감주나무,Koelreuteria,paniculata,36.03595275,126.7195048,19N-N-44-2
참느릅나무,Ulmus,parvifolia,36.03532792,126.7204112,19N-N-49-1
참느릅나무,Ulmus,parvifolia,36.03540828,126.7198318,19N-N-49-2
참느릅나무,Ulmus,parvifolia,36.03537889,126.7198776,19N-N-49-3
참느릅나무,Ulmus,parvifolia,36.03532582,126.7203572,19N-N-49-4
참느릅나무,Ulmus,parvifolia,36.03536121,126.7204471,19N-N-49-5
팥배나무,Aria,alnifolia,36.03596169,126.7195694,19N-N-51-2
팥배나무,Aria,alnifolia,36.0361648,126.7194447,19N-N-51-3
산딸나무,Cornus,kousa,36.03821057,126.7182876,20-N-00001
산딸나무,Cornus,kousa,36.0381811,126.7183063,20-N-00002
산딸나무,Cornus,kousa,36.03814949,126.7182999,20-N-00003
이팝나무,Chionanthus,retusus,36.03810218,126.7183166,20-N-00004
이팝나무,Chionanthus,retusus,36.03807656,126.718337,20-N-00005
이팝나무,Chionanthus,retusus,36.0380524,126.7183394,20-N-00006
이팝나무,Chionanthus,retusus,36.03803065,126.7183589,20-N-00007
이팝나무,Chionanthus,retusus,36.03800402,126.7183664,20-N-00008
이팝나무,Chionanthus,retusus,36.03799145,126.7183964,20-N-00009
이팝나무,Chionanthus,retusus,36.03795901,126.7184017,20-N-00010
산딸나무,Cornus,kousa,36.03791577,126.7184485,20-N-00011
산딸나무,Cornus,kousa,36.03790277,126.7184762,20-N-00012
산딸나무,Cornus,kousa,36.03788452,126.7184885,20-N-00013
산딸나무,Cornus,kousa,36.03786841,126.7185194,20-N-00014
산딸나무,Cornus,kousa,36.03784755,126.7185367,20-N-00015
산딸나무,Cornus,kousa,36.03783528,126.7185757,20-N-00016
산딸나무,Cornus,kousa,36.03781445,126.7185981,20-N-00017
이팝나무,Chionanthus,retusus,36.03778793,126.7186507,20-N-00018
이팝나무,Chionanthus,retusus,36.03778906,126.7186859,20-N-00019
이팝나무,Chionanthus,retusus,36.03776613,126.7187061,20-N-00020
이팝나무,Chionanthus,retusus,36.03776865,126.7187412,20-N-00021
이팝나무,Chionanthus,retusus,36.03774049,126.7187619,20-N-00022
산딸나무,Cornus,kousa,36.03772253,126.718825,20-N-00023
산딸나무,Cornus,kousa,36.03773202,126.7188627,20-N-00024
산딸나무,Cornus,kousa,36.03771119,126.7188872,20-N-00025
산딸나무,Cornus,kousa,36.03773072,126.7189026,20-N-00026
산딸나무,Cornus,kousa,36.03773257,126.7189467,20-N-00027
산딸나무,Cornus,kousa,36.03771172,126.7189674,20-N-00028
이팝나무,Chionanthus,retusus,36.03763902,126.7189968,20-N-00029
이팝나무,Chionanthus,retusus,36.03762156,126.718975,20-N-00030
이팝나무,Chionanthus,retusus,36.03764275,126.7189522,20-N-00031
이팝나무,Chionanthus,retusus,36.03760783,126.7189107,20-N-00032
이팝나무,Chionanthus,retusus,36.03764817,126.71889,20-N-00033
이팝나무,Chionanthus,retusus,36.03762127,126.7188524,20-N-00034
산딸나무,Cornus,kousa,36.03773428,126.7188586,20-N-4-4
산딸나무,Cornus,kousa,36.03529392,126.7201816,20N-N-4-1
산딸나무,Cornus,kousa,36.03531909,126.7201483,20N-N-4-2
산딸나무,Cornus,kousa,36.03529972,126.7202322,20N-N-4-3
이팝나무,Chionanthus,retusus,36.03534704,126.7200909,20N-N-5-1
이팝나무,Chionanthus,retusus,36.03537219,126.7200465,20N-N-5-2
이팝나무,Chionanthus,retusus,36.03534968,126.7200047,20N-N-5-3
참느릅나무,Ulmus,parvifolia,36.03001152,126.7183579,22N-N-001-001
참느릅나무,Ulmus,parvifolia,36.03006818,126.7183591,22N-N-001-002
참느릅나무,Ulmus,parvifolia,36.03011722,126.7183616,22N-N-001-003
참느릅나무,Ulmus,parvifolia,36.03017716,126.7183687,22N-N-001-004
참느릅나무,Ulmus,parvifolia,36.03022074,126.7183659,22N-N-001-005
참느릅나무,Ulmus,parvifolia,36.03027957,126.7183623,22N-N-001-006
참느릅나무,Ulmus,parvifolia,36.03033675,126.7183548,22N-N-001-007
참느릅나무,Ulmus,parvifolia,36.03040428,126.7183418,22N-N-001-008
참느릅나무,Ulmus,parvifolia,36.03045376,126.7183287,22N-N-001-009
참느릅나무,Ulmus,parvifolia,36.03051092,126.7183128,22N-N-001-010
참느릅나무,Ulmus,parvifolia,36.03055595,126.7182949,22N-N-001-011
참느릅나무,Ulmus,parvifolia,36.03059318,126.7182807,22N-N-001-012
참느릅나무,Ulmus,parvifolia,36.03065086,126.7182524,22N-N-001-013
참느릅나무,Ulmus,parvifolia,36.03069654,126.7182187,22N-N-001-014
참느릅나무,Ulmus,parvifolia,36.03075856,126.7181809,22N-N-001-015
참느릅나무,Ulmus,parvifolia,36.03081295,126.7181458,22N-N-001-016
참느릅나무,Ulmus,parvifolia,36.0308717,126.7181067,22N-N-001-017
참느릅나무,Ulmus,parvifolia,36.03093156,126.7180797,22N-N-001-018
참느릅나무,Ulmus,parvifolia,36.03096448,126.7180658,22N-N-001-019
복자기,Acer,triflorum,36.02998406,126.7183793,22N-N-002-001
복자기,Acer,triflorum,36.0299963,126.7183689,22N-N-002-002
무궁화,Hibiscus,syriacus,36.03349642,126.7175762,22N-B-003-001
무궁화,Hibiscus,syriacus,36.03352829,126.7176092,22N-B-003-002
무궁화,Hibiscus,syriacus,36.03352577,126.7175772,22N-B-003-003
무궁화,Hibiscus,syriacus,36.03356283,126.717606,22N-B-003-004
무궁화,Hibiscus,syriacus,36.03356827,126.7175797,22N-B-003-005
